,,,,,,,,,,,
,,,,,,,,,,,
Customers Table,,,,,,,,,,,Managed by : Jack V. Ball
,,,,,,,,,,,
,,,,,,,,,,,
,,,,,,,,,,,
Customer ID,Policy Holder Name,Gender,Age at Entry,Current Age,Occupation,Smoker Status,Medical Exam Required,Nationality,State,,
CUST-455423,James Y. Lucas,Male,50,73,"Engineer, land",No,Yes,United States,Minnesota,,
CUST-970361,Luke R. Delgado,Male,42,56,"Engineer, site",No,Yes,United States,Minnesota,,
CUST-669562,Luke G. Duncan,Male,48,63,"Designer, ceramics/pottery",No,Yes,United States,Minnesota,,
CUST-949919,Lucas N. Guerrero,Male,46,71,"Psychologist, educational",No,Yes,United States,Minnesota,,
CUST-901354,David J. Fisher,Male,24,31,Product designer,No,Yes,United States,Minnesota,,
CUST-578791,Dylan L. Becker,Male,48,53,Drilling engineer,No,Yes,United States,Minnesota,,
CUST-768505,Nathan Q. Johnston,Male,36,38,Mudlogger,No,Yes,United States,Minnesota,,
CUST-904374,David A. Grant,Male,42,53,"Engineer, electrical",No,Yes,United States,Minnesota,,
CUST-476432,Theodore N. Chapman,Male,33,41,Lexicographer,No,Yes,United States,Minnesota,,
CUST-171476,Isaac W. Graves,Male,18,42,"Engineer, drilling",No,Yes,United States,Minnesota,,
CUST-151794,Caleb D. Leonard,Male,50,72,"Designer, exhibition/display",No,Yes,United States,Minnesota,,
CUST-207263,Caleb K. Marshall,Male,56,57,Oceanographer,No,Yes,United States,Minnesota,,
CUST-697108,James K. Carroll,Male,54,60,Brewing technologist,No,Yes,United States,Minnesota,,
CUST-949625,Connor U. Ramsey,Male,42,56,Editorial assistant,No,Yes,United States,Minnesota,,
CUST-554872,Cameron M. Ingram,Male,58,69,"Administrator, Civil Service",No,Yes,United States,Minnesota,,
CUST-100128,Andrew D. Cross,Male,54,62,Customer service manager,No,Yes,United States,Minnesota,,
CUST-504196,Joseph Y. Medina,Male,40,65,"Production designer, theatre/television/film",No,Yes,United States,Minnesota,,
CUST-822675,Adam P. Stevens,Male,55,70,Statistician,No,Yes,United States,Minnesota,,
CUST-917941,Jack V. Lawrence,Male,22,40,Health promotion specialist,No,Yes,United States,Minnesota,,
CUST-421235,Wyatt Z. Goodwin,Male,47,65,Mining engineer,No,Yes,United States,Minnesota,,
CUST-926448,Andrew T. Lyons,Male,38,53,Quantity surveyor,No,Yes,United States,Minnesota,,
CUST-603365,Joshua R. Alexander,Male,56,64,"Engineer, energy",No,Yes,United States,Minnesota,,
CUST-726096,Nathan O. Smith,Male,59,62,Building control surveyor,No,Yes,United States,Minnesota,,
CUST-722971,Aaron B. Byrd,Male,49,66,"Engineer, building services",No,Yes,United States,Minnesota,,
CUST-213536,Nicholas D. Obrien,Male,52,75,Waste management officer,No,Yes,United States,Minnesota,,
CUST-862713,Jackson B. Medina,Male,32,38,Chief Strategy Officer,No,Yes,United States,Minnesota,,
CUST-635417,Joseph X. Maxwell,Male,55,64,Fisheries officer,No,Yes,United States,Minnesota,,
CUST-406991,Christopher U. Gregory,Male,39,47,Learning disability nurse,No,Yes,United States,Minnesota,,
CUST-337096,Luke Z. Wagner,Male,59,74,Professor Emeritus,No,Yes,United States,Minnesota,,
CUST-944474,Christopher E. Cox,Male,47,71,"Clinical scientist, histocompatibility and immunogenetics",No,Yes,United States,Minnesota,,
CUST-749529,Luke A. Thornton,Male,49,65,"Engineer, maintenance",No,Yes,United States,Minnesota,,
CUST-783374,William S. Herrera,Male,21,28,"Engineer, materials",No,Yes,United States,Minnesota,,
CUST-229952,Luke Y. Herrera,Male,24,35,Chartered loss adjuster,No,Yes,United States,Minnesota,,
CUST-975927,Matthew H. Powers,Male,23,46,Risk manager,No,Yes,United States,Minnesota,,
CUST-130752,Andrew Q. Carlson,Male,59,83,Equality and diversity officer,No,Yes,United States,Minnesota,,
CUST-906194,Theodore Z. Hunt,Male,28,40,"Copywriter, advertising",No,Yes,United States,Minnesota,,
CUST-398616,Adam O. Dennis,Male,30,48,Insurance account manager,No,Yes,United States,Minnesota,,
CUST-993281,Christopher H. Daniels,Male,33,47,"Surveyor, minerals",No,Yes,United States,Minnesota,,
CUST-942777,Nathan N. McDaniel,Male,37,54,"Therapist, sports",No,Yes,United States,Minnesota,,
CUST-349286,Austin P. Holmes,Male,23,25,Bookseller,No,Yes,United States,Minnesota,,
CUST-187996,Hunter M. Johnston,Male,39,50,Corporate treasurer,No,Yes,United States,Minnesota,,
CUST-594301,Gabriel K. Mendez,Male,38,45,IT technical support officer,No,Yes,United States,Minnesota,,
CUST-816432,Christopher O. Holt,Male,29,31,TEFL teacher,No,Yes,United States,Minnesota,,
CUST-943214,Christopher C. Grant,Male,44,68,Dispensing optician,No,Yes,United States,Minnesota,,
CUST-729656,Anthony S. Martin,Male,38,42,Electronics engineer,No,Yes,United States,Minnesota,,
CUST-643327,Henry Z. Moss,Male,31,54,"Engineer, electrical",No,Yes,United States,Minnesota,,
CUST-937956,Nathan M. Bryant,Male,32,44,Farm manager,No,Yes,United States,Minnesota,,
CUST-899566,Jackson L. Beck,Male,42,49,Medical physicist,No,Yes,United States,Minnesota,,
CUST-166073,Jackson Z. Alvarez,Male,56,74,Jewellery designer,No,Yes,United States,Minnesota,,
CUST-416784,William Z. Lambert,Male,32,54,Politician's assistant,No,Yes,United States,Minnesota,,
CUST-201525,Benjamin A. Willis,Male,28,29,"Lighting technician, broadcasting/film/video",No,Yes,United States,Minnesota,,
CUST-283469,Dylan Z. Higgins,Male,47,68,Public librarian,No,Yes,United States,Minnesota,,
CUST-283644,Anthony Q. Jenkins,Male,19,36,Clinical research associate,No,Yes,United States,Minnesota,,
CUST-495177,Austin B. Ramsey,Male,58,69,"Engineer, building services",No,Yes,United States,Minnesota,,
CUST-500020,Nathan H. Owens,Male,42,45,"Pharmacist, community",No,Yes,United States,Minnesota,,
CUST-385365,William T. Ramos,Male,40,65,Technical brewer,No,Yes,United States,Minnesota,,
CUST-395203,Sebastian L. Watts,Male,41,55,"Nurse, mental health",No,Yes,United States,Minnesota,,
CUST-388156,Henry R. Dixon,Male,21,25,Ranger/warden,No,Yes,United States,Minnesota,,
CUST-364028,Aaron X. Parks,Male,51,57,Press sub,No,Yes,United States,Minnesota,,
CUST-269810,Anthony S. Blake,Male,55,65,Charity officer,No,Yes,United States,Minnesota,,
CUST-728420,Jackson O. Hill,Male,58,59,"Surveyor, commercial/residential",No,Yes,United States,Minnesota,,
CUST-731411,Joshua Q. Castro,Male,59,83,"Engineer, building services",No,Yes,United States,Minnesota,,
CUST-841937,Caleb G. Bowen,Male,38,62,Medical physicist,No,Yes,United States,Minnesota,,
CUST-686611,Owen Z. Mason,Male,47,65,Advertising art director,No,Yes,United States,Minnesota,,
CUST-859728,Lucas H. Carpenter,Male,33,49,Counsellor,No,Yes,United States,Minnesota,,
CUST-236448,Joshua J. Francis,Male,30,34,Energy manager,No,Yes,United States,Minnesota,,
CUST-336621,Thomas H. Day,Male,25,39,"Therapist, sports",No,Yes,United States,Minnesota,,
CUST-361732,Wyatt F. Steele,Male,41,54,"Solicitor, Scotland",No,Yes,United States,Minnesota,,
CUST-588187,Jack N. Glover,Male,25,45,Geographical information systems officer,No,Yes,United States,Minnesota,,
CUST-595782,Caleb Q. Phillips,Male,44,51,Dietitian,No,Yes,United States,Minnesota,,
CUST-713118,Joshua Y. Tucker,Male,27,30,Financial adviser,No,Yes,United States,Minnesota,,
CUST-770848,Alexander B. Hopkins,Male,22,47,Charity officer,No,Yes,United States,Minnesota,,
CUST-474398,Alexander P. Alvarado,Male,47,69,Diagnostic radiographer,No,Yes,United States,Minnesota,,
CUST-781127,Joshua Z. Rhodes,Male,27,42,Health service manager,No,Yes,United States,Minnesota,,
CUST-435484,Jack T. Rogers,Male,45,64,"Engineer, broadcasting (operations)",No,Yes,United States,Minnesota,,
CUST-848590,Andrew J. Garrett,Male,49,74,Chief Financial Officer,No,Yes,United States,Minnesota,,
CUST-337661,Benjamin T. Brooks,Male,30,39,English as a foreign language teacher,No,Yes,United States,Minnesota,,
CUST-592843,Connor W. Richards,Male,57,59,Barista,No,Yes,United States,Minnesota,,
CUST-563374,Nicholas H. Freeman,Male,25,28,Legal secretary,No,Yes,United States,Minnesota,,
CUST-410597,Theodore D. Haynes,Male,55,59,Museum/gallery exhibitions officer,No,Yes,United States,Minnesota,,
CUST-119541,Isaac C. Thornton,Male,28,40,Trading standards officer,No,Yes,United States,Minnesota,,
CUST-555101,James U. Goodwin,Male,46,63,"Psychologist, occupational",No,Yes,United States,Minnesota,,
CUST-938212,Aaron P. Salazar,Male,47,53,"Surveyor, building",No,Yes,United States,Minnesota,,
CUST-562558,Daniel R. Padilla,Male,21,36,"Production designer, theatre/television/film",No,Yes,United States,Minnesota,,
CUST-402011,Alexander V. Howell,Male,42,67,Arboriculturist,No,Yes,United States,Minnesota,,
CUST-740578,Lucas N. Kim,Male,58,65,Sales promotion account executive,No,Yes,United States,Minnesota,,
CUST-822061,Thomas D. Oliver,Male,46,68,"Scientist, marine",No,Yes,United States,Minnesota,,
CUST-122495,Caleb M. Williamson,Male,56,62,"Engineer, drilling",No,Yes,United States,Minnesota,,
CUST-520181,Oliver O. Perkins,Male,33,54,Intelligence analyst,No,Yes,United States,Minnesota,,
CUST-890476,Daniel J. Lawrence,Male,47,63,Statistician,No,Yes,United States,Minnesota,,
CUST-235648,Sebastian V. Jacobs,Male,48,57,"Therapist, horticultural",No,Yes,United States,Minnesota,,
CUST-485135,Charles C. Perry,Male,53,61,"Civil engineer, contracting",No,Yes,United States,Minnesota,,
CUST-989042,Nicholas Q. Rivera,Male,42,56,Architectural technologist,No,Yes,United States,Minnesota,,
CUST-150331,Theodore F. Duncan,Male,30,48,Archivist,No,Yes,United States,Minnesota,,
CUST-279037,Aaron A. Welch,Male,30,54,Meteorologist,No,Yes,United States,Minnesota,,
CUST-539197,Jack W. Burton,Male,31,41,Metallurgist,No,Yes,United States,Minnesota,,
CUST-593972,Charles U. McCoy,Male,50,65,Media buyer,No,Yes,United States,Minnesota,,
CUST-960259,Lucas A. Cole,Male,48,60,"Engineer, manufacturing",No,Yes,United States,Minnesota,,
CUST-826039,Hunter D. Rice,Male,48,66,"Education officer, museum",No,Yes,United States,Minnesota,,
CUST-618856,Caleb F. Kelley,Male,38,55,Manufacturing engineer,No,Yes,United States,Minnesota,,
CUST-875552,James P. Adams,Male,60,73,Futures trader,No,Yes,United States,Minnesota,,
CUST-807218,Alexander Q. Miller,Male,29,49,Research scientist (medical),No,Yes,United States,Minnesota,,
CUST-641375,Andrew J. Robertson,Male,24,40,Broadcast engineer,No,Yes,United States,Minnesota,,
CUST-972208,Anthony G. Daniels,Male,58,68,Financial manager,No,Yes,United States,Minnesota,,
CUST-988749,Daniel P. Byrd,Male,22,45,Cabin crew,No,Yes,United States,Minnesota,,
CUST-978959,Carter C. Richardson,Male,48,73,Ceramics designer,No,Yes,United States,Minnesota,,
CUST-248771,Joshua X. Flores,Male,28,48,"Engineer, technical sales",No,Yes,United States,Minnesota,,
CUST-851136,David H. Munoz,Male,21,46,Mechanical engineer,No,Yes,United States,Minnesota,,
CUST-313018,Caleb D. Bush,Male,55,56,Sports coach,No,Yes,United States,Minnesota,,
CUST-963835,Adam Y. Gonzales,Male,22,32,Commissioning editor,No,Yes,United States,Minnesota,,
CUST-241270,Gabriel R. Holland,Male,54,69,Recruitment consultant,No,Yes,United States,Minnesota,,
CUST-699834,Caleb V. Myers,Male,46,48,Insurance account manager,No,Yes,United States,Minnesota,,
CUST-310997,Gabriel H. Stokes,Male,47,69,"Education officer, museum",No,Yes,United States,Minnesota,,
CUST-594244,Connor A. Duncan,Male,25,28,"Journalist, magazine",No,Yes,United States,Minnesota,,
CUST-245145,Joseph Z. Malone,Male,51,62,Tourism officer,No,Yes,United States,Minnesota,,
CUST-594516,Zachary O. Green,Male,31,52,Prison officer,No,Yes,United States,Minnesota,,
CUST-363548,Connor R. Knight,Male,51,68,"Chemist, analytical",No,Yes,United States,Minnesota,,
CUST-772004,Lucas E. Jimenez,Male,20,38,Web designer,No,Yes,United States,Minnesota,,
CUST-979545,Anthony D. Butler,Male,38,42,Trade union research officer,No,Yes,United States,Minnesota,,
CUST-474799,Jackson L. Norman,Male,28,42,"Surveyor, building",No,Yes,United States,Minnesota,,
CUST-232031,Isaac G. Carlson,Male,54,56,"Designer, industrial/product",No,Yes,United States,Minnesota,,
CUST-907690,Daniel V. Lane,Male,55,67,Ranger/warden,Yes,Yes,United States,Minnesota,,
CUST-115972,Austin K. Stanley,Male,40,63,"Therapist, horticultural",Yes,Yes,United States,Minnesota,,
CUST-424463,Andrew X. Cohen,Male,31,37,"Designer, ceramics/pottery",Yes,Yes,United States,Minnesota,,
CUST-192788,Gabriel M. Barker,Male,35,54,"Pharmacist, hospital",Yes,Yes,United States,Minnesota,,
CUST-898844,William V. Webster,Male,53,74,"Programmer, systems",Yes,Yes,United States,Minnesota,,
CUST-324308,Nathan C. Cannon,Male,44,64,"Engineer, energy",Yes,Yes,United States,Minnesota,,
CUST-441301,Owen X. Spencer,Male,24,39,Race relations officer,Yes,Yes,United States,Minnesota,,
CUST-792550,David D. Peterson,Male,46,62,"Engineer, water",Yes,Yes,United States,Minnesota,,
CUST-339951,Matthew M. Cummings,Male,20,31,Arts administrator,Yes,Yes,United States,Minnesota,,
CUST-416715,Dylan S. Quinn,Male,22,28,Chief Marketing Officer,Yes,Yes,United States,Minnesota,,
CUST-295493,Daniel I. Matthews,Male,42,48,Art therapist,Yes,Yes,United States,Minnesota,,
CUST-940398,Nicholas I. Guerrero,Male,41,59,Hydrogeologist,Yes,Yes,United States,Minnesota,,
CUST-154959,Austin A. Armstrong,Male,22,37,"Scientist, forensic",Yes,Yes,United States,Minnesota,,
CUST-546306,Gabriel N. Cole,Male,30,54,Risk analyst,Yes,Yes,United States,Minnesota,,
CUST-288084,Caleb U. Baker,Male,22,40,Actor,Yes,Yes,United States,Minnesota,,
CUST-602128,Jackson J. Ford,Male,43,59,"Scientist, product/process development",Yes,Yes,United States,Minnesota,,
CUST-671441,Owen H. Francis,Male,21,26,Personnel officer,Yes,Yes,United States,Minnesota,,
CUST-756311,Sebastian U. Bishop,Male,45,69,Fast food restaurant manager,Yes,Yes,United States,Minnesota,,
CUST-754757,Thomas E. McGee,Male,37,60,Theatre director,Yes,Yes,United States,Minnesota,,
CUST-409489,Caleb X. Kim,Male,48,67,Multimedia specialist,Yes,Yes,United States,Minnesota,,
CUST-962331,Wyatt M. Ramos,Male,44,59,Adult guidance worker,Yes,Yes,United States,Minnesota,,
CUST-953396,Christopher F. Knight,Male,60,68,Sports therapist,Yes,Yes,United States,Minnesota,,
CUST-188285,Anthony U. Potter,Male,46,49,Museum education officer,Yes,Yes,United States,Minnesota,,
CUST-561878,Andrew H. Hardy,Male,24,49,Bookseller,Yes,Yes,United States,Minnesota,,
CUST-242583,Owen C. Miller,Male,35,38,Hospital pharmacist,Yes,Yes,United States,Minnesota,,
CUST-201112,Daniel O. Brown,Male,22,41,"Solicitor, Scotland",Yes,Yes,United States,Minnesota,,
CUST-208660,Jackson F. Warren,Male,34,55,"Programmer, applications",Yes,Yes,United States,Minnesota,,
CUST-248372,Thomas I. Murray,Male,25,40,Mudlogger,Yes,Yes,United States,Minnesota,,
CUST-890873,Dylan D. Fields,Male,47,63,Phytotherapist,Yes,Yes,United States,Minnesota,,
CUST-763311,Christopher L. Fletcher,Male,55,57,"Engineer, site",Yes,Yes,United States,Minnesota,,
CUST-404551,Matthew G. Franklin,Male,49,55,Warehouse manager,Yes,Yes,United States,Minnesota,,
CUST-556626,Carter S. Steele,Male,27,51,Microbiologist,Yes,Yes,United States,Minnesota,,
CUST-377918,Caleb L. Shelton,Male,38,50,Art gallery manager,Yes,Yes,United States,Minnesota,,
CUST-582376,Nathan C. Stephens,Male,24,26,"Surveyor, hydrographic",Yes,Yes,United States,Minnesota,,
CUST-130687,Joshua O. Bryant,Male,47,57,Warehouse manager,Yes,Yes,United States,Minnesota,,
CUST-955394,Austin U. Cannon,Male,56,81,"Designer, graphic",Yes,Yes,United States,Minnesota,,
CUST-191796,Caleb O. Washington,Male,39,41,Dentist,Yes,Yes,United States,Minnesota,,
CUST-569228,Benjamin J. Anderson,Male,36,40,Commercial art gallery manager,Yes,Yes,United States,Minnesota,,
CUST-730738,Lucas N. Spencer,Male,38,53,Fitness centre manager,Yes,Yes,United States,Minnesota,,
CUST-964800,Daniel D. Simon,Male,54,74,Scientific laboratory technician,Yes,Yes,United States,Minnesota,,
CUST-266413,Christopher D. Ford,Male,18,23,Furniture designer,Yes,Yes,United States,Minnesota,,
CUST-949518,Zachary I. Paul,Male,47,55,"Accountant, chartered",Yes,Yes,United States,Minnesota,,
CUST-896961,Aaron F. Parks,Male,49,51,Interpreter,Yes,Yes,United States,Minnesota,,
CUST-703511,Aaron S. Meyer,Male,50,61,Building surveyor,Yes,Yes,United States,Minnesota,,
CUST-319683,James P. West,Male,33,47,"Designer, textile",Yes,Yes,United States,Minnesota,,
CUST-880162,Daniel V. Bradley,Male,55,71,Data scientist,Yes,Yes,United States,Minnesota,,
CUST-885295,Carter M. Alvarez,Male,33,35,Structural engineer,Yes,Yes,United States,Minnesota,,
CUST-541101,Henry F. Alexander,Male,56,65,Agricultural consultant,Yes,Yes,United States,Minnesota,,
CUST-328439,Joseph H. Day,Male,28,45,Fisheries officer,Yes,Yes,United States,Minnesota,,
CUST-852758,Oliver Y. Hawkins,Male,43,66,"Librarian, academic",Yes,Yes,United States,Minnesota,,
CUST-956232,Charles O. Woods,Male,33,50,Glass blower/designer,Yes,Yes,United States,Minnesota,,
CUST-480364,Lucas L. Rodgers,Male,20,22,Furniture conservator/restorer,Yes,Yes,United States,Minnesota,,
CUST-714857,Jackson U. Barrett,Male,33,53,Recruitment consultant,Yes,Yes,United States,Minnesota,,
CUST-693954,Luke X. Howard,Male,56,58,Police officer,Yes,Yes,United States,Minnesota,,
CUST-548004,Owen E. Patton,Male,56,67,Haematologist,Yes,Yes,United States,Minnesota,,
CUST-278762,Oliver X. Peterson,Male,45,48,Materials engineer,Yes,Yes,United States,Minnesota,,
CUST-743853,Alexander S. Conner,Male,57,68,General practice doctor,Yes,Yes,United States,Minnesota,,
CUST-951254,Nicholas M. Perkins,Male,47,54,"Development worker, community",Yes,Yes,United States,Minnesota,,
CUST-719191,Cameron N. West,Male,19,26,"Scientist, marine",Yes,Yes,United States,Minnesota,,
CUST-262336,Wyatt G. Cook,Male,29,53,Archaeologist,Yes,Yes,United States,Minnesota,,
CUST-484053,Wyatt L. Santiago,Male,60,81,Lexicographer,Yes,Yes,United States,Minnesota,,
CUST-169784,Caleb E. Sims,Male,56,71,Theatre manager,Yes,Yes,United States,Minnesota,,
CUST-662926,Dylan F. Kim,Male,27,29,Training and development officer,Yes,Yes,United States,Minnesota,,
CUST-171195,Owen Q. Sherman,Male,47,68,Broadcast journalist,Yes,Yes,United States,Minnesota,,
CUST-812598,Cameron N. Sherman,Male,27,38,"Psychotherapist, child",Yes,Yes,United States,Minnesota,,
CUST-187613,James G. Collins,Male,45,64,Logistics and distribution manager,Yes,Yes,United States,Minnesota,,
CUST-859865,Owen F. Oliver,Male,18,38,"Chemist, analytical",Yes,Yes,United States,Minnesota,,
CUST-400688,Luke Q. Henry,Male,41,62,"Geologist, engineering",Yes,Yes,United States,Minnesota,,
CUST-446749,Lucas C. Wise,Male,40,41,Geoscientist,Yes,Yes,United States,Minnesota,,
CUST-603259,Zachary Z. Flowers,Male,26,37,Science writer,Yes,Yes,United States,Minnesota,,
CUST-671395,Alexander S. Anderson,Male,49,66,"Lighting technician, broadcasting/film/video",Yes,Yes,United States,Minnesota,,
CUST-942763,Daniel E. Cobb,Male,52,71,Automotive engineer,Yes,Yes,United States,Minnesota,,
CUST-761996,Henry I. Ferguson,Male,22,36,Insurance risk surveyor,Yes,Yes,United States,Minnesota,,
CUST-364545,Zachary X. Erickson,Male,26,43,"Radiographer, therapeutic",Yes,Yes,United States,Minnesota,,
CUST-974883,Connor I. Jennings,Male,48,67,Claims inspector/assessor,Yes,Yes,United States,Minnesota,,
CUST-745152,Theodore J. Grant,Male,29,42,Health visitor,Yes,Yes,United States,Minnesota,,
CUST-853326,Austin Q. Evans,Male,32,55,Tree surgeon,Yes,Yes,United States,Minnesota,,
CUST-177708,Joseph P. Robinson,Male,45,59,Forensic psychologist,Yes,Yes,United States,Minnesota,,
CUST-539601,Christopher B. Fowler,Male,20,36,Film/video editor,Yes,Yes,United States,Minnesota,,
CUST-501330,Aaron I. Alvarez,Male,21,39,Careers adviser,Yes,Yes,United States,Minnesota,,
CUST-673870,Owen X. Ramos,Male,55,64,"Teacher, English as a foreign language",Yes,Yes,United States,Minnesota,,
CUST-606998,Sebastian I. Gibson,Male,49,62,Fitness centre manager,Yes,Yes,United States,Minnesota,,
CUST-977851,Owen B. Spencer,Male,22,45,Structural engineer,Yes,Yes,United States,Minnesota,,
CUST-831924,Austin Y. Curry,Male,50,66,"Engineer, agricultural",Yes,Yes,United States,Minnesota,,
CUST-291436,Wyatt A. Wolfe,Male,23,32,Local government officer,Yes,Yes,United States,Minnesota,,
CUST-822988,Joseph C. Scott,Male,34,54,Arts development officer,Yes,Yes,United States,Minnesota,,
CUST-232203,Henry M. Parks,Male,19,40,Information systems manager,Yes,Yes,United States,Minnesota,,
CUST-326284,Isaac Q. Hunter,Male,59,62,Radio producer,Yes,Yes,United States,Minnesota,,
CUST-229988,Austin P. Pena,Male,55,78,Archivist,Yes,Yes,United States,Minnesota,,
CUST-947679,Luke C. Brown,Male,35,45,Health service manager,Yes,Yes,United States,Minnesota,,
CUST-455973,Nicholas U. Carroll,Male,41,57,"Programme researcher, broadcasting/film/video",Yes,Yes,United States,Minnesota,,
CUST-179704,Andrew J. Crawford,Male,54,79,Forest/woodland manager,Yes,Yes,United States,Minnesota,,
CUST-355331,Dylan P. Hampton,Male,34,35,Firefighter,Yes,Yes,United States,Minnesota,,
CUST-403898,Andrew N. Nelson,Male,19,28,Community education officer,Yes,Yes,United States,Minnesota,,
CUST-441357,Anthony W. Norris,Male,22,30,Ship broker,Yes,Yes,United States,Minnesota,,
CUST-893162,William U. Gross,Male,23,34,Clinical embryologist,Yes,Yes,United States,Minnesota,,
CUST-154158,Oliver J. Bowen,Male,20,41,Radio producer,Yes,Yes,United States,Minnesota,,
CUST-453556,Zachary W. Holland,Male,52,58,Civil Service administrator,Yes,Yes,United States,Minnesota,,
CUST-554158,Wyatt T. Campbell,Male,44,50,Chief Technology Officer,Yes,Yes,United States,Minnesota,,
CUST-914500,James U. Vaughn,Male,49,66,Exercise physiologist,Yes,Yes,United States,Minnesota,,
CUST-952491,Luke I. Robbins,Male,25,49,Dancer,Yes,Yes,United States,Minnesota,,
CUST-338070,Aaron P. Burton,Male,44,62,Merchant navy officer,Yes,Yes,United States,Minnesota,,
CUST-888090,Benjamin A. Greene,Male,36,57,Tour manager,Yes,Yes,United States,Minnesota,,
CUST-421242,James W. Ross,Male,21,41,"Engineer, maintenance",Yes,Yes,United States,Minnesota,,
CUST-122434,Christopher S. Paul,Male,38,53,Pharmacologist,Yes,Yes,United States,Minnesota,,
CUST-145851,Nicholas S. Watts,Male,27,47,Optometrist,Yes,Yes,United States,Minnesota,,
CUST-531934,Wyatt V. Shelton,Male,28,34,Midwife,Yes,Yes,United States,Minnesota,,
CUST-102860,William N. Allen,Male,20,40,Senior tax professional/tax inspector,Yes,Yes,United States,Minnesota,,
CUST-932848,Thomas L. Moss,Male,31,45,Broadcast engineer,Yes,Yes,United States,Minnesota,,
CUST-765469,William H. Perry,Male,33,46,Chiropractor,Yes,Yes,United States,Minnesota,,
CUST-397332,Nicholas G. Henry,Male,56,81,"Research officer, government",Yes,Yes,United States,Minnesota,,
CUST-428452,Andrew I. Jensen,Male,28,40,"Nurse, adult",Yes,Yes,United States,Minnesota,,
CUST-312069,Isaac Y. Spencer,Male,29,49,"Teacher, primary school",Yes,Yes,United States,Minnesota,,
CUST-222683,Carter F. Alvarez,Male,40,60,Textile designer,Yes,Yes,United States,Minnesota,,
CUST-419904,Wyatt Q. Burns,Male,43,50,Recruitment consultant,Yes,Yes,United States,Minnesota,,
CUST-582040,Theodore M. Richards,Male,59,76,Bonds trader,Yes,Yes,United States,Minnesota,,
CUST-600546,James W. Goodman,Male,35,49,"Horticulturist, commercial",Yes,Yes,United States,Minnesota,,
CUST-189349,Dylan C. Conner,Male,36,59,Chemical engineer,No,No,United States,Minnesota,,
CUST-417504,Christopher K. Reese,Male,48,56,Architectural technologist,No,No,United States,Minnesota,,
CUST-577032,Theodore R. McDaniel,Male,32,53,"Designer, graphic",No,No,United States,Minnesota,,
CUST-909422,Adam V. Strickland,Male,31,39,"Research officer, trade union",No,No,United States,Minnesota,,
CUST-859937,Jack Q. Palmer,Male,47,69,"Nurse, children's",No,No,United States,Minnesota,,
CUST-730383,Connor O. Stephens,Male,57,66,Academic librarian,No,No,United States,Minnesota,,
CUST-360696,Gabriel Y. Stephens,Male,49,50,Merchant navy officer,No,No,United States,Minnesota,,
CUST-437390,Nathan L. Day,Male,31,37,"Embryologist, clinical",No,No,United States,Minnesota,,
CUST-193574,Joshua Z. Larson,Male,47,69,"Designer, fashion/clothing",No,No,United States,Minnesota,,
CUST-879860,Sebastian B. Reynolds,Male,53,68,Multimedia programmer,No,No,United States,Minnesota,,
CUST-941828,Connor E. Hodges,Male,41,66,Occupational hygienist,No,No,United States,Minnesota,,
CUST-307402,Charles V. McDonald,Male,19,42,"Lecturer, further education",No,No,United States,Minnesota,,
CUST-614619,Jackson E. Jensen,Male,23,37,Air traffic controller,No,No,United States,Minnesota,,
CUST-112939,Daniel N. Obrien,Male,34,56,"Investment banker, operational",No,No,United States,Minnesota,,
CUST-812035,Oliver B. Griffith,Male,30,55,"Designer, industrial/product",No,No,United States,Minnesota,,
CUST-109946,Alexander Z. Kim,Male,34,54,Public relations officer,No,No,United States,Minnesota,,
CUST-489226,Dylan C. Andrews,Male,47,53,Architect,No,No,United States,Minnesota,,
CUST-467735,Benjamin S. Glover,Male,20,39,"Designer, ceramics/pottery",No,No,United States,Minnesota,,
CUST-818925,Nathan M. Castro,Male,25,32,"Pharmacist, community",No,No,United States,Minnesota,,
CUST-269436,Nicholas P. Hudson,Male,52,65,Network engineer,No,No,United States,Minnesota,,
CUST-820133,Lucas I. Walsh,Male,51,58,Regulatory affairs officer,No,No,United States,Minnesota,,
CUST-570853,Sebastian O. Salazar,Male,21,43,Herbalist,No,No,United States,Minnesota,,
CUST-578084,Isaac X. Lyons,Male,32,45,Health promotion specialist,No,No,United States,Minnesota,,
CUST-747386,Thomas Q. Warren,Male,49,73,Television floor manager,No,No,United States,Minnesota,,
CUST-638281,David U. Fernandez,Male,47,62,Civil Service fast streamer,No,No,United States,Minnesota,,
CUST-806507,Christopher O. Reynolds,Male,45,70,"Scientist, research (life sciences)",No,No,United States,Minnesota,,
CUST-989972,Jack Y. Hunt,Male,23,43,Microbiologist,No,No,United States,Minnesota,,
CUST-764629,Owen T. Castro,Male,25,47,"Buyer, industrial",No,No,United States,Minnesota,,
CUST-697069,Alexander J. Patton,Male,18,36,Pension scheme manager,No,No,United States,Minnesota,,
CUST-389974,Lucas J. Conner,Male,42,48,Estate manager/land agent,No,No,United States,Minnesota,,
CUST-950344,Sebastian J. Reed,Male,54,63,"Surveyor, mining",No,No,United States,Minnesota,,
CUST-390463,Joshua S. Stanley,Male,36,53,Academic librarian,No,No,United States,Minnesota,,
CUST-459016,Wyatt V. Diaz,Male,39,54,"Pharmacist, hospital",No,No,United States,Minnesota,,
CUST-755153,Connor U. Morales,Male,25,49,Television production assistant,No,No,United States,Minnesota,,
CUST-829085,Benjamin J. Hunt,Male,49,69,"Psychologist, counselling",No,No,United States,Minnesota,,
CUST-684591,Nicholas M. Schultz,Male,36,39,Photographer,No,No,United States,Minnesota,,
CUST-446593,Christopher H. Anderson,Male,42,67,Special effects artist,No,No,United States,Minnesota,,
CUST-786580,Daniel N. Vega,Male,41,60,"Therapist, drama",No,No,United States,Minnesota,,
CUST-303485,Nathan N. Hardy,Male,18,32,Administrator,No,No,United States,Minnesota,,
CUST-606337,Jackson N. May,Male,45,60,Newspaper journalist,No,No,United States,Minnesota,,
CUST-784103,Andrew U. Munoz,Male,21,42,Electrical engineer,No,No,United States,Minnesota,,
CUST-963438,Matthew T. Dixon,Male,55,69,"Designer, ceramics/pottery",No,No,United States,Minnesota,,
CUST-927186,Austin L. Lewis,Male,28,29,Geophysical data processor,No,No,United States,Minnesota,,
CUST-538122,Carter G. Brewer,Male,33,57,Contracting civil engineer,No,No,United States,Minnesota,,
CUST-764683,Luke Y. Castro,Male,60,81,Fast food restaurant manager,No,No,United States,Minnesota,,
CUST-490748,David R. Hampton,Male,57,61,Systems analyst,No,No,United States,Minnesota,,
CUST-801189,Thomas G. Frazier,Male,40,50,Investment analyst,No,No,United States,Minnesota,,
CUST-531994,Joseph Y. Hampton,Male,60,84,Fisheries officer,No,No,United States,Minnesota,,
CUST-249482,James S. Reynolds,Male,45,70,"Biochemist, clinical",No,No,United States,Minnesota,,
CUST-694061,Zachary F. Mendoza,Male,28,35,Office manager,No,No,United States,Minnesota,,
CUST-134865,Wyatt U. Hawkins,Male,20,34,Educational psychologist,No,No,United States,Minnesota,,
CUST-352797,Dylan Q. Fernandez,Male,60,85,"Surveyor, building control",No,No,United States,Minnesota,,
CUST-250351,Isaac H. Rhodes,Male,41,47,Chief Strategy Officer,No,No,United States,Minnesota,,
CUST-491820,Daniel K. Henry,Male,41,54,Cartographer,No,No,United States,Minnesota,,
CUST-423742,David Z. Morris,Male,48,50,Sports coach,No,No,United States,Minnesota,,
CUST-533427,Jackson M. Mendez,Male,60,79,"Engineer, maintenance",No,No,United States,Minnesota,,
CUST-854738,Wyatt E. Schneider,Male,26,40,"Research officer, political party",No,No,United States,Minnesota,,
CUST-113949,Oliver U. Wallace,Male,37,51,"Pilot, airline",No,No,United States,Minnesota,,
CUST-195794,Jack K. Cole,Male,32,41,Occupational therapist,No,No,United States,Minnesota,,
CUST-374987,Nathan I. Campbell,Male,53,78,Communications engineer,No,No,United States,Minnesota,,
CUST-937439,Alexander O. Watkins,Male,49,51,Art therapist,No,No,United States,Minnesota,,
CUST-490643,Luke K. Kim,Male,38,47,Animal nutritionist,No,No,United States,Minnesota,,
CUST-280368,Theodore I. Byrd,Male,20,38,Petroleum engineer,No,No,United States,Minnesota,,
CUST-306621,Owen T. Love,Male,55,65,"Engineer, automotive",No,No,United States,Minnesota,,
CUST-699967,Matthew D. Norman,Male,47,68,Environmental manager,No,No,United States,Minnesota,,
CUST-998403,Lucas T. Bush,Male,43,57,Medical illustrator,No,No,United States,Minnesota,,
CUST-295936,Luke R. Bell,Male,21,41,"Editor, commissioning",No,No,United States,Minnesota,,
CUST-549611,Nathan P. Hunter,Male,40,42,Medical technical officer,No,No,United States,Minnesota,,
CUST-718451,Wyatt S. Brooks,Male,60,83,IT technical support officer,No,No,United States,Minnesota,,
CUST-955695,Andrew D. McCoy,Male,44,48,"Nurse, learning disability",No,No,United States,Minnesota,,
CUST-207525,Carter D. Shaw,Male,33,56,Marine scientist,No,No,United States,Minnesota,,
CUST-953585,Carter N. Saunders,Male,38,43,Firefighter,No,No,United States,Minnesota,,
CUST-145750,Charles C. Medina,Male,26,39,Mental health nurse,No,No,United States,Minnesota,,
CUST-928736,Alexander U. Welch,Male,56,58,Occupational psychologist,No,No,United States,Minnesota,,
CUST-271974,Oliver R. Oliver,Male,58,60,Naval architect,No,No,United States,Minnesota,,
CUST-417031,Wyatt P. Vega,Male,42,59,Academic librarian,No,No,United States,Minnesota,,
CUST-935709,Connor B. Young,Male,44,68,Statistician,No,No,United States,Minnesota,,
CUST-405238,Daniel R. Estrada,Male,44,54,Materials engineer,No,No,United States,Minnesota,,
CUST-212041,Henry C. Bryant,Male,52,74,Soil scientist,No,No,United States,Minnesota,,
CUST-836439,Wyatt Q. McKinney,Male,36,45,Museum/gallery curator,No,No,United States,Minnesota,,
CUST-688615,Andrew K. Rhodes,Male,54,69,Financial adviser,No,No,United States,Minnesota,,
CUST-780389,Owen G. Simon,Male,24,44,"Scientist, research (maths)",No,No,United States,Minnesota,,
CUST-643004,Hunter N. Rios,Male,45,68,"Research officer, trade union",No,No,United States,Minnesota,,
CUST-376770,Caleb J. Ellis,Male,52,58,Pension scheme manager,No,No,United States,Minnesota,,
CUST-323161,Theodore Z. Silva,Male,19,39,"Designer, interior/spatial",No,No,United States,Minnesota,,
CUST-650605,William P. Daniels,Male,31,55,Social worker,No,No,United States,Minnesota,,
CUST-691826,Oliver E. Horton,Male,19,27,Arts development officer,No,No,United States,Minnesota,,
CUST-537993,Benjamin V. Hansen,Male,21,29,Civil Service administrator,No,No,United States,Minnesota,,
CUST-228324,Jackson Y. Oliver,Male,40,45,Ceramics designer,No,No,United States,Minnesota,,
CUST-818343,Jackson H. Walters,Male,45,65,Occupational therapist,No,No,United States,Minnesota,,
CUST-353383,Oliver X. Greer,Male,36,43,Public relations officer,No,No,United States,Minnesota,,
CUST-882659,Andrew Q. Hawkins,Male,39,50,"Designer, exhibition/display",No,No,United States,Minnesota,,
CUST-135013,Christopher E. Ferguson,Male,52,73,"Doctor, hospital",No,No,United States,Minnesota,,
CUST-197102,Sebastian D. Paul,Male,21,26,Newspaper journalist,No,No,United States,Minnesota,,
CUST-583180,Connor B. Vega,Male,42,59,Software engineer,No,No,United States,Minnesota,,
CUST-947339,William U. Scott,Male,45,62,Communications engineer,No,No,United States,Minnesota,,
CUST-893618,Benjamin D. Barker,Male,18,27,"Copywriter, advertising",No,No,United States,Minnesota,,
CUST-598717,Lucas X. Alvarado,Male,32,40,Plant breeder/geneticist,No,No,United States,Minnesota,,
CUST-568209,Joseph Y. Gregory,Male,39,43,"Scientist, clinical (histocompatibility and immunogenetics)",Yes,No,United States,Minnesota,,
CUST-197826,Gabriel Z. Mendoza,Male,39,43,Museum/gallery curator,Yes,No,United States,Minnesota,,
CUST-802812,Zachary A. Castillo,Male,60,61,Air broker,Yes,No,United States,Minnesota,,
CUST-371458,Nathan S. Schneider,Male,41,58,"Education officer, environmental",Yes,No,United States,Minnesota,,
CUST-407203,Owen H. Armstrong,Male,18,36,Publishing rights manager,Yes,No,United States,Minnesota,,
CUST-541584,Nathan D. Gomez,Male,56,80,Manufacturing systems engineer,Yes,No,United States,Minnesota,,
CUST-501332,Andrew Y. Wallace,Male,46,51,Radio producer,Yes,No,United States,Minnesota,,
CUST-258404,Carter T. Guerrero,Male,59,78,"Teacher, English as a foreign language",Yes,No,United States,Minnesota,,
CUST-363495,Nicholas L. Morris,Male,50,71,Dispensing optician,Yes,No,United States,Minnesota,,
CUST-340419,Nathan P. Schultz,Male,26,50,"Buyer, retail",Yes,No,United States,Minnesota,,
CUST-267553,Andrew H. Parks,Male,40,49,"Psychologist, prison and probation services",Yes,No,United States,Minnesota,,
CUST-970642,Adam K. Sandoval,Male,29,34,Cartographer,Yes,No,United States,Minnesota,,
CUST-885635,Thomas E. Keller,Male,24,27,Intelligence analyst,Yes,No,United States,Minnesota,,
CUST-349602,Jackson A. Baldwin,Male,31,49,"Horticulturist, commercial",Yes,No,United States,Minnesota,,
CUST-813233,Aaron D. Parks,Male,29,48,Podiatrist,Yes,No,United States,Minnesota,,
CUST-992148,Jack Y. Williams,Male,54,65,"Designer, television/film set",Yes,No,United States,Minnesota,,
CUST-533539,Dylan Z. Hampton,Male,53,69,Commercial art gallery manager,Yes,No,United States,Minnesota,,
CUST-707164,Nathan D. Mullins,Male,26,38,Community pharmacist,Yes,No,United States,Minnesota,,
CUST-432422,Aaron Q. Cohen,Male,44,68,Research scientist (medical),Yes,No,United States,Minnesota,,
CUST-997732,David L. Goodman,Male,32,56,Database administrator,Yes,No,United States,Minnesota,,
CUST-403011,Jack Z. Weaver,Male,42,59,Comptroller,Yes,No,United States,Minnesota,,
CUST-704420,William Z. Hill,Male,53,64,Chartered management accountant,Yes,No,United States,Minnesota,,
CUST-567679,Aaron J. Osborne,Male,60,79,"Psychotherapist, dance movement",Yes,No,United States,Minnesota,,
CUST-603501,James W. Chavez,Male,46,69,"Engineer, land",Yes,No,United States,Minnesota,,
CUST-804855,Alexander I. Daniel,Male,36,49,"Scientist, research (life sciences)",Yes,No,United States,Minnesota,,
CUST-664136,Jackson D. Miller,Male,23,32,Data scientist,Yes,No,United States,Minnesota,,
CUST-819665,Charles N. Williamson,Male,56,66,Marine scientist,Yes,No,United States,Minnesota,,
CUST-672446,Daniel C. Tate,Male,26,38,Translator,Yes,No,United States,Minnesota,,
CUST-869518,Wyatt V. Grant,Male,29,39,Minerals surveyor,Yes,No,United States,Minnesota,,
CUST-416824,Cameron R. Newman,Male,47,48,Emergency planning/management officer,Yes,No,United States,Minnesota,,
CUST-906173,Adam L. Hunter,Male,40,45,Logistics and distribution manager,Yes,No,United States,Minnesota,,
CUST-291560,Benjamin H. Dennis,Male,57,82,Technical brewer,Yes,No,United States,Minnesota,,
CUST-267182,Alexander R. Tyler,Male,55,56,Advertising account executive,Yes,No,United States,Minnesota,,
CUST-894944,Austin Y. Cunningham,Male,26,42,Health physicist,Yes,No,United States,Minnesota,,
CUST-266887,Carter U. Kelly,Male,29,42,Consulting civil engineer,Yes,No,United States,Minnesota,,
CUST-374444,Hunter P. Tate,Male,26,45,Veterinary surgeon,Yes,No,United States,Minnesota,,
CUST-879985,Nicholas I. Fernandez,Male,29,31,"Programmer, applications",Yes,No,United States,Minnesota,,
CUST-761715,Lucas D. Gonzales,Male,36,45,"Surveyor, rural practice",Yes,No,United States,Minnesota,,
CUST-565210,Anthony R. Bates,Male,60,76,Public librarian,Yes,No,United States,Minnesota,,
CUST-602966,Gabriel I. Estrada,Male,31,39,Patent attorney,Yes,No,United States,Minnesota,,
CUST-859274,Sebastian K. Richardson,Male,18,22,"Engineer, chemical",Yes,No,United States,Minnesota,,
CUST-907228,Carter K. Pope,Male,27,31,Paramedic,Yes,No,United States,Minnesota,,
CUST-874477,Daniel T. Wagner,Male,22,30,Patent attorney,Yes,No,United States,Minnesota,,
CUST-947662,Wyatt P. Berry,Male,21,39,Training and development officer,Yes,No,United States,Minnesota,,
CUST-419223,Benjamin N. West,Male,32,48,Publishing rights manager,Yes,No,United States,Minnesota,,
CUST-372969,Wyatt W. Ball,Male,34,51,Senior tax professional/tax inspector,Yes,No,United States,Minnesota,,
CUST-995061,Andrew H. Webster,Male,25,38,Health and safety adviser,Yes,No,United States,Minnesota,,
CUST-401132,Wyatt T. Haynes,Male,52,65,Clinical psychologist,Yes,No,United States,Minnesota,,
CUST-823823,Isaac B. Walsh,Male,26,29,Cytogeneticist,Yes,No,United States,Minnesota,,
CUST-323177,Christopher U. Johnston,Male,55,64,Commercial art gallery manager,Yes,No,United States,Minnesota,,
CUST-538861,Hunter X. Scott,Male,29,44,Forensic scientist,Yes,No,United States,Minnesota,,
CUST-233445,Dylan W. Hayes,Male,33,58,Textile designer,Yes,No,United States,Minnesota,,
CUST-758232,David S. Fields,Male,32,54,"Accountant, chartered",Yes,No,United States,Minnesota,,
CUST-806183,Gabriel L. Hamilton,Male,19,44,Editorial assistant,Yes,No,United States,Minnesota,,
CUST-326163,Thomas P. Garza,Male,54,61,Astronomer,Yes,No,United States,Minnesota,,
CUST-317925,Caleb I. Vasquez,Male,20,41,Information officer,Yes,No,United States,Minnesota,,
CUST-107218,Anthony I. Adams,Male,18,22,Chief Strategy Officer,Yes,No,United States,Minnesota,,
CUST-266065,Cameron P. Hamilton,Male,54,75,Museum/gallery exhibitions officer,Yes,No,United States,Minnesota,,
CUST-650308,Christopher C. Maldonado,Male,27,38,Health and safety adviser,Yes,No,United States,Minnesota,,
CUST-432968,Zachary V. Dean,Male,33,50,"Therapist, horticultural",Yes,No,United States,Minnesota,,
CUST-218488,James Z. Foster,Male,48,73,Air cabin crew,Yes,No,United States,Minnesota,,
CUST-248162,James H. Price,Male,41,42,Press photographer,Yes,No,United States,Minnesota,,
CUST-623438,Charles G. Henry,Male,33,41,"Accountant, chartered public finance",Yes,No,United States,Minnesota,,
CUST-261731,Alexander H. Myers,Male,48,71,Homeopath,Yes,No,United States,Minnesota,,
CUST-290257,Daniel A. Austin,Male,50,55,Systems analyst,Yes,No,United States,Minnesota,,
CUST-787604,Benjamin D. Ferguson,Male,25,44,Geochemist,Yes,No,United States,Minnesota,,
CUST-303769,Nathan F. Cobb,Male,39,45,Tree surgeon,Yes,No,United States,Minnesota,,
CUST-974337,Luke X. Hampton,Male,47,71,Curator,Yes,No,United States,Minnesota,,
CUST-917591,Dylan V. Webster,Male,45,53,"Editor, magazine features",Yes,No,United States,Minnesota,,
CUST-903836,Hunter O. Henry,Male,54,73,Bookseller,Yes,No,United States,Minnesota,,
CUST-757187,Gabriel R. Dean,Male,51,70,Public relations account executive,Yes,No,United States,Minnesota,,
CUST-898949,Charles N. Anderson,Male,31,32,Television/film/video producer,Yes,No,United States,Minnesota,,
CUST-151720,Adam I. Andrews,Male,46,55,"Scientist, research (maths)",Yes,No,United States,Minnesota,,
CUST-939400,Wyatt O. Malone,Male,22,29,"Designer, ceramics/pottery",Yes,No,United States,Minnesota,,
CUST-144261,Nathan C. Mullins,Male,42,64,"Engineer, site",Yes,No,United States,Minnesota,,
CUST-209396,James P. Stewart,Male,18,25,Telecommunications researcher,Yes,No,United States,Minnesota,,
CUST-343498,Hunter O. Hampton,Male,21,33,"Engineer, maintenance",Yes,No,United States,Minnesota,,
CUST-732308,Henry P. Fisher,Male,40,54,Environmental health practitioner,Yes,No,United States,Minnesota,,
CUST-664677,Cameron V. Ramos,Male,59,68,Local government officer,Yes,No,United States,Minnesota,,
CUST-497496,Zachary X. Terry,Male,32,54,Passenger transport manager,Yes,No,United States,Minnesota,,
CUST-706909,Dylan C. White,Male,22,40,Financial trader,Yes,No,United States,Minnesota,,
CUST-885407,Dylan G. Young,Male,28,37,"Teacher, early years/pre",Yes,No,United States,Minnesota,,
CUST-883192,Hunter I. Palmer,Male,51,53,Retail merchandiser,Yes,No,United States,Minnesota,,
CUST-839895,Joseph T. Hardy,Male,55,65,Race relations officer,Yes,No,United States,Minnesota,,
CUST-152298,Hunter A. Austin,Male,56,75,Land,Yes,No,United States,Minnesota,,
CUST-737322,Austin P. Day,Male,39,64,Community development worker,Yes,No,United States,Minnesota,,
CUST-249169,Thomas N. Moss,Male,22,32,"Horticulturist, amenity",Yes,No,United States,Minnesota,,
CUST-327638,Adam K. Brown,Male,41,58,Further education lecturer,Yes,No,United States,Minnesota,,
CUST-992429,Henry P. Morrison,Male,43,50,Veterinary surgeon,Yes,No,United States,Minnesota,,
CUST-346167,Caleb O. Gregory,Male,42,60,Local government officer,Yes,No,United States,Minnesota,,
CUST-362037,Henry O. Stewart,Male,51,60,"Chemist, analytical",Yes,No,United States,Minnesota,,
CUST-688481,Anthony K. Moss,Male,27,49,Clinical biochemist,Yes,No,United States,Minnesota,,
CUST-798551,Dylan N. Silva,Male,55,72,Electronics engineer,Yes,No,United States,Minnesota,,
CUST-325046,Carter D. Morris,Male,40,42,"Psychologist, educational",Yes,No,United States,Minnesota,,
CUST-187229,Nicholas A. Colon,Male,60,83,"Teacher, early years/pre",Yes,No,United States,Minnesota,,
CUST-704850,William Z. Wheeler,Male,43,64,Restaurant manager,Yes,No,United States,Minnesota,,
CUST-683619,Caleb Q. Grant,Male,45,49,Production engineer,Yes,No,United States,Minnesota,,
CUST-824703,Christopher Y. Newton,Male,37,45,"Scientist, biomedical",Yes,No,United States,Minnesota,,
CUST-811767,Alexander V. Ross,Male,18,30,"Pharmacist, hospital",Yes,No,United States,Minnesota,,
CUST-474999,David M. Gibson,Male,51,59,"Accountant, chartered management",Yes,No,United States,Minnesota,,
CUST-111199,Dylan Z. Sherman,Male,58,70,"Production designer, theatre/television/film",Yes,No,United States,Minnesota,,
CUST-174268,Cameron V. Garrett,Male,57,63,Passenger transport manager,Yes,No,United States,Minnesota,,
CUST-621308,Caleb B. Nichols,Male,29,52,Radio broadcast assistant,No,Yes,United States,New Jersey,,
CUST-430135,Wyatt M. Blake,Male,55,62,Professor Emeritus,No,Yes,United States,New Jersey,,
CUST-478267,Henry S. Bowen,Male,24,49,Make,No,Yes,United States,New Jersey,,
CUST-129086,Charles C. Davidson,Male,56,58,Information officer,No,Yes,United States,New Jersey,,
CUST-655156,Matthew N. Mills,Male,56,75,"Production designer, theatre/television/film",No,Yes,United States,New Jersey,,
CUST-467105,Luke L. Foster,Male,53,56,Network engineer,No,Yes,United States,New Jersey,,
CUST-665484,Austin W. Moore,Male,42,59,Air cabin crew,No,Yes,United States,New Jersey,,
CUST-394662,Andrew J. Hale,Male,40,46,Learning disability nurse,No,Yes,United States,New Jersey,,
CUST-286746,Gabriel D. Owens,Male,54,58,Press photographer,No,Yes,United States,New Jersey,,
CUST-112496,Alexander F. Murray,Male,30,32,Accounting technician,No,Yes,United States,New Jersey,,
CUST-841745,Connor R. Weaver,Male,57,78,"Optician, dispensing",No,Yes,United States,New Jersey,,
CUST-343084,Austin D. Carlson,Male,40,64,Chief of Staff,No,Yes,United States,New Jersey,,
CUST-541261,Lucas N. Gray,Male,58,72,Biomedical scientist,No,Yes,United States,New Jersey,,
CUST-530768,Oliver R. Hammond,Male,51,73,"Production assistant, television",No,Yes,United States,New Jersey,,
CUST-807150,Cameron A. McCoy,Male,50,52,Travel agency manager,No,Yes,United States,New Jersey,,
CUST-278699,Oliver I. Hoffman,Male,51,57,"Biochemist, clinical",No,Yes,United States,New Jersey,,
CUST-448926,Adam X. Evans,Male,33,53,"Scientist, product/process development",No,Yes,United States,New Jersey,,
CUST-390406,Oliver N. Horton,Male,58,67,"Engineer, structural",No,Yes,United States,New Jersey,,
CUST-229600,Andrew A. Webb,Male,30,46,Barrister,No,Yes,United States,New Jersey,,
CUST-262716,Daniel J. Warner,Male,22,38,Training and development officer,No,Yes,United States,New Jersey,,
CUST-294854,Jack C. Pierce,Male,33,44,Chartered loss adjuster,No,Yes,United States,New Jersey,,
CUST-874578,Benjamin X. Becker,Male,59,73,Quarry manager,No,Yes,United States,New Jersey,,
CUST-700579,Thomas G. Maxwell,Male,30,33,Nature conservation officer,No,Yes,United States,New Jersey,,
CUST-494816,Henry L. Santiago,Male,38,60,Meteorologist,No,Yes,United States,New Jersey,,
CUST-719881,Carter G. Farmer,Male,35,59,Oncologist,No,Yes,United States,New Jersey,,
CUST-582711,Cameron V. Silva,Male,29,44,Chief Financial Officer,No,Yes,United States,New Jersey,,
CUST-230700,Owen C. Jennings,Male,32,45,Agricultural consultant,No,Yes,United States,New Jersey,,
CUST-791111,Lucas K. Carr,Male,20,22,"Designer, graphic",No,Yes,United States,New Jersey,,
CUST-727627,Theodore O. Holt,Male,38,57,Airline pilot,No,Yes,United States,New Jersey,,
CUST-322799,Daniel O. Santos,Male,58,71,Social researcher,No,Yes,United States,New Jersey,,
CUST-359300,Isaac S. Newton,Male,21,40,"Chemist, analytical",No,Yes,United States,New Jersey,,
CUST-711545,Alexander N. Hayes,Male,59,74,Landscape architect,No,Yes,United States,New Jersey,,
CUST-253472,Sebastian U. Lewis,Male,31,45,Maintenance engineer,No,Yes,United States,New Jersey,,
CUST-133305,Jackson E. Walker,Male,27,34,"Surveyor, hydrographic",No,Yes,United States,New Jersey,,
CUST-964635,Connor U. Diaz,Male,37,61,Clinical biochemist,No,Yes,United States,New Jersey,,
CUST-761051,Benjamin P. Fitzgerald,Male,38,48,Arboriculturist,No,Yes,United States,New Jersey,,
CUST-529587,Luke J. Moreno,Male,44,56,Midwife,No,Yes,United States,New Jersey,,
CUST-330468,Adam U. Gibson,Male,46,49,Tax inspector,No,Yes,United States,New Jersey,,
CUST-724985,Adam T. Rogers,Male,43,53,Legal secretary,No,Yes,United States,New Jersey,,
CUST-593826,James H. Mendez,Male,30,43,Scientific laboratory technician,No,Yes,United States,New Jersey,,
CUST-662954,James T. Munoz,Male,55,56,Materials engineer,No,Yes,United States,New Jersey,,
CUST-937510,James L. Dennis,Male,20,28,"Surveyor, land/geomatics",No,Yes,United States,New Jersey,,
CUST-822912,Oliver F. Campbell,Male,18,39,"Engineer, broadcasting (operations)",No,Yes,United States,New Jersey,,
CUST-617877,Luke V. Rivera,Male,27,41,Personal assistant,No,Yes,United States,New Jersey,,
CUST-175019,Jack H. Spencer,Male,52,70,Film/video editor,No,Yes,United States,New Jersey,,
CUST-125291,Joshua O. Byrd,Male,34,56,Naval architect,No,Yes,United States,New Jersey,,
CUST-132682,Cameron E. Beck,Male,45,61,"Nurse, learning disability",No,Yes,United States,New Jersey,,
CUST-824724,Carter M. Jordan,Male,52,70,"Production designer, theatre/television/film",No,Yes,United States,New Jersey,,
CUST-930936,Nicholas B. Burke,Male,42,66,Ecologist,No,Yes,United States,New Jersey,,
CUST-981386,Benjamin T. Stanley,Male,51,56,Actor,No,Yes,United States,New Jersey,,
CUST-449260,Henry F. Ingram,Male,25,49,Health and safety adviser,No,Yes,United States,New Jersey,,
CUST-897951,William D. Mendez,Male,27,32,Arts development officer,No,Yes,United States,New Jersey,,
CUST-125167,Gabriel K. Rivera,Male,53,72,Barrister's clerk,No,Yes,United States,New Jersey,,
CUST-496216,Joseph J. Simmons,Male,52,53,"Nurse, adult",No,Yes,United States,New Jersey,,
CUST-392891,Alexander E. Gregory,Male,28,45,"Surveyor, planning and development",No,Yes,United States,New Jersey,,
CUST-110667,Connor D. Carroll,Male,50,71,Passenger transport manager,No,Yes,United States,New Jersey,,
CUST-316219,Adam L. Rios,Male,51,60,Academic librarian,No,Yes,United States,New Jersey,,
CUST-145522,Thomas P. Barnett,Male,52,62,"Editor, magazine features",No,Yes,United States,New Jersey,,
CUST-292983,Aaron O. Lewis,Male,47,56,"Engineer, structural",No,Yes,United States,New Jersey,,
CUST-540560,Matthew H. Schultz,Male,47,65,Translator,No,Yes,United States,New Jersey,,
CUST-394172,Nathan D. Schmidt,Male,59,66,Meteorologist,No,Yes,United States,New Jersey,,
CUST-345198,Christopher F. Young,Male,33,36,"Surveyor, insurance",No,Yes,United States,New Jersey,,
CUST-376481,Henry Y. Holt,Male,44,66,"Horticulturist, amenity",No,Yes,United States,New Jersey,,
CUST-318502,James L. Rose,Male,47,60,Chartered public finance accountant,No,Yes,United States,New Jersey,,
CUST-954529,Jackson R. Rivera,Male,26,33,Occupational hygienist,No,Yes,United States,New Jersey,,
CUST-416568,Nicholas Y. Wood,Male,40,62,Structural engineer,No,Yes,United States,New Jersey,,
CUST-744815,Connor B. Griffith,Male,51,53,Public relations account executive,No,Yes,United States,New Jersey,,
CUST-763407,Anthony F. Reese,Male,48,49,Higher education careers adviser,No,Yes,United States,New Jersey,,
CUST-866276,Owen E. Hopkins,Male,26,40,Ship broker,No,Yes,United States,New Jersey,,
CUST-895625,Thomas A. Richards,Male,20,42,Writer,No,Yes,United States,New Jersey,,
CUST-713372,Matthew O. Carroll,Male,49,69,Records manager,No,Yes,United States,New Jersey,,
CUST-313349,Nicholas M. Ortega,Male,21,41,Bonds trader,No,Yes,United States,New Jersey,,
CUST-201235,Oliver G. Patton,Male,33,46,"Geneticist, molecular",No,Yes,United States,New Jersey,,
CUST-740973,Henry R. Fox,Male,31,43,"Surveyor, commercial/residential",No,Yes,United States,New Jersey,,
CUST-362428,Charles I. Dennis,Male,31,41,Cartographer,No,Yes,United States,New Jersey,,
CUST-684608,Henry Q. Cooper,Male,33,48,Biomedical scientist,No,Yes,United States,New Jersey,,
CUST-887244,Nathan P. Hansen,Male,21,37,Mechanical engineer,No,Yes,United States,New Jersey,,
CUST-532986,James C. Pearson,Male,51,71,Patent attorney,No,Yes,United States,New Jersey,,
CUST-950755,Charles K. Vargas,Male,25,35,Patent attorney,No,Yes,United States,New Jersey,,
CUST-979918,Lucas N. Newman,Male,42,55,Secondary school teacher,No,Yes,United States,New Jersey,,
CUST-692203,Jack A. Rios,Male,37,52,Television production assistant,No,Yes,United States,New Jersey,,
CUST-408178,Owen G. Greer,Male,44,51,Technical author,No,Yes,United States,New Jersey,,
CUST-323288,Benjamin Y. Stanley,Male,53,57,"Programme researcher, broadcasting/film/video",No,Yes,United States,New Jersey,,
CUST-980917,Jackson T. Foster,Male,43,63,Engineering geologist,No,Yes,United States,New Jersey,,
CUST-319710,Joseph O. Saunders,Male,20,31,Furniture designer,No,Yes,United States,New Jersey,,
CUST-213608,Carter S. Nichols,Male,47,59,Heritage manager,No,Yes,United States,New Jersey,,
CUST-813015,Jack L. Goodwin,Male,52,53,Sports administrator,Yes,Yes,United States,New Jersey,,
CUST-597249,Anthony H. Davis,Male,22,44,Set designer,Yes,Yes,United States,New Jersey,,
CUST-378323,Sebastian A. Vega,Male,46,48,Jewellery designer,Yes,Yes,United States,New Jersey,,
CUST-693385,Alexander B. Lowe,Male,19,37,Production engineer,Yes,Yes,United States,New Jersey,,
CUST-437259,Dylan N. Banks,Male,28,53,"Designer, jewellery",Yes,Yes,United States,New Jersey,,
CUST-426818,Gabriel O. Campbell,Male,23,36,Theatre stage manager,Yes,Yes,United States,New Jersey,,
CUST-197457,Aaron B. Griffin,Male,24,46,"Pilot, airline",Yes,Yes,United States,New Jersey,,
CUST-700764,James Y. Kelly,Male,46,68,Marine scientist,Yes,Yes,United States,New Jersey,,
CUST-640140,Thomas J. Reyes,Male,54,61,"Engineer, biomedical",Yes,Yes,United States,New Jersey,,
CUST-363520,Aaron E. Greer,Male,57,68,"Psychologist, educational",Yes,Yes,United States,New Jersey,,
CUST-404675,Zachary T. Nichols,Male,56,60,Health and safety adviser,Yes,Yes,United States,New Jersey,,
CUST-436813,Wyatt M. Douglas,Male,18,32,Dancer,Yes,Yes,United States,New Jersey,,
CUST-308666,Cameron O. Mendoza,Male,27,36,Forensic psychologist,Yes,Yes,United States,New Jersey,,
CUST-622575,Anthony N. Tate,Male,53,66,Commercial/residential surveyor,Yes,Yes,United States,New Jersey,,
CUST-944146,Nathan R. Gardner,Male,33,55,"Engineer, electrical",Yes,Yes,United States,New Jersey,,
CUST-803375,Zachary D. Franklin,Male,45,56,Child psychotherapist,Yes,Yes,United States,New Jersey,,
CUST-392065,Aaron M. Kim,Male,60,85,Town planner,Yes,Yes,United States,New Jersey,,
CUST-195239,Luke V. Miller,Male,39,58,"Psychologist, educational",Yes,Yes,United States,New Jersey,,
CUST-600429,Matthew R. Johnston,Male,60,68,"Conservator, museum/gallery",Yes,Yes,United States,New Jersey,,
CUST-279434,Zachary X. Ortiz,Male,42,52,Financial planner,Yes,Yes,United States,New Jersey,,
CUST-780197,Nicholas Z. Shaw,Male,47,62,Product designer,Yes,Yes,United States,New Jersey,,
CUST-888745,Andrew B. Carpenter,Male,45,69,Health promotion specialist,Yes,Yes,United States,New Jersey,,
CUST-325818,Luke M. Daniel,Male,21,31,"Research officer, trade union",Yes,Yes,United States,New Jersey,,
CUST-911016,Owen E. Bowman,Male,22,36,Environmental health practitioner,Yes,Yes,United States,New Jersey,,
CUST-144913,Theodore P. Diaz,Male,59,73,Pensions consultant,Yes,Yes,United States,New Jersey,,
CUST-544189,Joseph F. Maldonado,Male,37,57,Environmental manager,Yes,Yes,United States,New Jersey,,
CUST-789893,Zachary I. Holmes,Male,22,27,Electronics engineer,Yes,Yes,United States,New Jersey,,
CUST-398424,Dylan R. Bailey,Male,48,49,"Conservation officer, historic buildings",Yes,Yes,United States,New Jersey,,
CUST-524987,James C. Robertson,Male,55,78,"Psychologist, occupational",Yes,Yes,United States,New Jersey,,
CUST-381124,Theodore S. Cross,Male,38,48,Manufacturing engineer,Yes,Yes,United States,New Jersey,,
CUST-442869,William V. Phillips,Male,59,79,Ecologist,Yes,Yes,United States,New Jersey,,
CUST-499547,Nathan X. Henderson,Male,31,47,Adult nurse,Yes,Yes,United States,New Jersey,,
CUST-364448,Connor E. Henderson,Male,42,56,Chartered legal executive (England and Wales),Yes,Yes,United States,New Jersey,,
CUST-769587,Dylan G. Pearson,Male,55,68,Immigration officer,Yes,Yes,United States,New Jersey,,
CUST-209531,Jack Z. Phillips,Male,24,32,"Engineer, automotive",Yes,Yes,United States,New Jersey,,
CUST-405087,Aaron Q. Arnold,Male,18,41,Soil scientist,Yes,Yes,United States,New Jersey,,
CUST-228961,Daniel D. Moody,Male,46,55,"Civil engineer, consulting",Yes,Yes,United States,New Jersey,,
CUST-929477,Aaron G. Munoz,Male,54,73,"Engineer, electronics",Yes,Yes,United States,New Jersey,,
CUST-531263,Hunter B. Graham,Male,51,66,Water quality scientist,Yes,Yes,United States,New Jersey,,
CUST-577253,Oliver K. McDonald,Male,57,78,"Engineer, land",Yes,Yes,United States,New Jersey,,
CUST-267445,Dylan C. Holmes,Male,48,62,"Engineer, civil (contracting)",Yes,Yes,United States,New Jersey,,
CUST-624772,Lucas F. Tucker,Male,56,72,General practice doctor,Yes,Yes,United States,New Jersey,,
CUST-524077,Thomas L. Webb,Male,46,64,Optometrist,Yes,Yes,United States,New Jersey,,
CUST-477770,Jackson G. Wood,Male,46,54,Veterinary surgeon,Yes,Yes,United States,New Jersey,,
CUST-473107,Charles Q. Walton,Male,50,72,Race relations officer,Yes,Yes,United States,New Jersey,,
CUST-261072,Wyatt B. Burke,Male,49,73,Data processing manager,Yes,Yes,United States,New Jersey,,
CUST-461555,Charles W. Gardner,Male,47,55,"Surveyor, mining",Yes,Yes,United States,New Jersey,,
CUST-764432,Sebastian R. Jennings,Male,32,56,Community arts worker,Yes,Yes,United States,New Jersey,,
CUST-505371,Adam J. Barker,Male,43,54,Passenger transport manager,Yes,Yes,United States,New Jersey,,
CUST-940745,Aaron P. Joseph,Male,30,55,Broadcast presenter,Yes,Yes,United States,New Jersey,,
CUST-517606,Aaron O. Fuller,Male,31,54,Personal assistant,Yes,Yes,United States,New Jersey,,
CUST-199065,Theodore H. Lynch,Male,48,66,Publishing copy,Yes,Yes,United States,New Jersey,,
CUST-394738,Dylan X. Dunn,Male,31,51,"Psychotherapist, child",Yes,Yes,United States,New Jersey,,
CUST-311232,Sebastian A. Ball,Male,25,41,"Engineer, manufacturing systems",Yes,Yes,United States,New Jersey,,
CUST-767256,Owen C. Shaw,Male,49,54,Company secretary,Yes,Yes,United States,New Jersey,,
CUST-926637,Theodore A. Estrada,Male,36,46,Medical sales representative,Yes,Yes,United States,New Jersey,,
CUST-689263,Aaron Q. Rogers,Male,30,53,"Education officer, museum",Yes,Yes,United States,New Jersey,,
CUST-158069,Anthony L. Neal,Male,60,74,"Horticulturist, commercial",Yes,Yes,United States,New Jersey,,
CUST-223546,Wyatt U. Guzman,Male,30,43,Dancer,Yes,Yes,United States,New Jersey,,
CUST-262287,Nicholas Q. Mullins,Male,52,66,Office manager,Yes,Yes,United States,New Jersey,,
CUST-989291,Christopher W. May,Male,58,65,Logistics and distribution manager,Yes,Yes,United States,New Jersey,,
CUST-776557,Connor R. Munoz,Male,55,76,"Surveyor, building control",Yes,Yes,United States,New Jersey,,
CUST-504330,Jack Q. Nichols,Male,24,26,"Scientist, biomedical",Yes,Yes,United States,New Jersey,,
CUST-742788,Owen T. Watkins,Male,58,83,"Programmer, multimedia",Yes,Yes,United States,New Jersey,,
CUST-326014,Oliver Y. Waters,Male,56,72,Estate agent,Yes,Yes,United States,New Jersey,,
CUST-386585,Gabriel J. Goodman,Male,20,41,"Psychologist, prison and probation services",Yes,Yes,United States,New Jersey,,
CUST-477449,Hunter Y. Shaw,Male,51,62,Chemical engineer,Yes,Yes,United States,New Jersey,,
CUST-504897,Benjamin K. Jenkins,Male,46,56,"Social research officer, government",Yes,Yes,United States,New Jersey,,
CUST-229122,Thomas D. Miles,Male,19,25,International aid/development worker,Yes,Yes,United States,New Jersey,,
CUST-999735,Wyatt K. Thornton,Male,36,55,"Engineer, energy",Yes,Yes,United States,New Jersey,,
CUST-337439,Benjamin E. Glover,Male,28,51,Chartered loss adjuster,Yes,Yes,United States,New Jersey,,
CUST-493376,Adam S. Williamson,Male,33,41,"Designer, television/film set",No,No,United States,New Jersey,,
CUST-601487,Sebastian U. Brown,Male,48,56,Dealer,No,No,United States,New Jersey,,
CUST-282561,Theodore P. Delgado,Male,24,48,"Engineer, energy",No,No,United States,New Jersey,,
CUST-863502,Andrew S. Coleman,Male,55,76,Chartered public finance accountant,No,No,United States,New Jersey,,
CUST-875480,Christopher P. Cruz,Male,45,58,Public librarian,No,No,United States,New Jersey,,
CUST-888584,Nicholas W. Vaughn,Male,30,54,Merchant navy officer,No,No,United States,New Jersey,,
CUST-947410,William L. Cobb,Male,18,24,"Social research officer, government",No,No,United States,New Jersey,,
CUST-705747,Joseph Z. Hayes,Male,48,57,"Engineer, civil (contracting)",No,No,United States,New Jersey,,
CUST-790543,Andrew J. Miller,Male,52,75,Trading standards officer,No,No,United States,New Jersey,,
CUST-148646,Caleb R. Tucker,Male,52,62,Interpreter,No,No,United States,New Jersey,,
CUST-773113,Wyatt H. Washington,Male,58,74,Research scientist (maths),No,No,United States,New Jersey,,
CUST-746209,David A. Elliott,Male,18,19,Insurance account manager,No,No,United States,New Jersey,,
CUST-311816,Anthony A. Valdez,Male,34,46,Secondary school teacher,No,No,United States,New Jersey,,
CUST-507450,Zachary Y. Jacobs,Male,27,38,Purchasing manager,No,No,United States,New Jersey,,
CUST-143268,William O. Jordan,Male,59,75,Government social research officer,No,No,United States,New Jersey,,
CUST-461630,Caleb E. Ruiz,Male,28,49,Research scientist (medical),No,No,United States,New Jersey,,
CUST-754748,Joseph M. Wells,Male,27,47,Air broker,No,No,United States,New Jersey,,
CUST-533165,Connor L. Castro,Male,33,57,Artist,No,No,United States,New Jersey,,
CUST-398399,William L. Fuller,Male,42,61,Operational investment banker,No,No,United States,New Jersey,,
CUST-482004,Andrew E. Chavez,Male,32,47,Medical secretary,No,No,United States,New Jersey,,
CUST-240775,William F. Henderson,Male,29,33,"Exhibitions officer, museum/gallery",No,No,United States,New Jersey,,
CUST-987273,Benjamin G. Taylor,Male,48,70,Market researcher,No,No,United States,New Jersey,,
CUST-204096,Oliver M. Sanders,Male,44,47,Private music teacher,No,No,United States,New Jersey,,
CUST-686077,Adam I. Yates,Male,54,62,Agricultural engineer,No,No,United States,New Jersey,,
CUST-343766,Nathan V. Hawkins,Male,37,38,Firefighter,No,No,United States,New Jersey,,
CUST-201219,Dylan G. Norman,Male,34,56,Barrister,No,No,United States,New Jersey,,
CUST-438145,David C. Strickland,Male,21,25,"Surveyor, insurance",No,No,United States,New Jersey,,
CUST-186836,James N. Carpenter,Male,22,47,Press photographer,No,No,United States,New Jersey,,
CUST-105442,Matthew O. Tyler,Male,26,35,Science writer,No,No,United States,New Jersey,,
CUST-288427,Joseph Q. Coleman,Male,38,45,Personal assistant,No,No,United States,New Jersey,,
CUST-603233,Adam P. Colon,Male,35,47,Toxicologist,No,No,United States,New Jersey,,
CUST-506604,Andrew Z. Evans,Male,41,52,Special educational needs teacher,No,No,United States,New Jersey,,
CUST-587572,Connor X. Rivera,Male,38,59,"Administrator, charities/voluntary organisations",No,No,United States,New Jersey,,
CUST-911762,Benjamin O. Tucker,Male,49,53,Event organiser,No,No,United States,New Jersey,,
CUST-528452,Gabriel D. Miller,Male,35,37,Speech and language therapist,No,No,United States,New Jersey,,
CUST-642911,William L. Sandoval,Male,32,43,"Geologist, engineering",No,No,United States,New Jersey,,
CUST-807201,Wyatt X. Sandoval,Male,23,38,Accommodation manager,No,No,United States,New Jersey,,
CUST-881991,Benjamin Z. Osborne,Male,41,54,"Designer, television/film set",No,No,United States,New Jersey,,
CUST-880134,Alexander O. Moreno,Male,51,56,Statistician,No,No,United States,New Jersey,,
CUST-864442,Hunter C. Barrett,Male,30,44,Animator,No,No,United States,New Jersey,,
CUST-847410,Christopher O. Blair,Male,50,60,"Investment banker, corporate",No,No,United States,New Jersey,,
CUST-145905,Austin B. McCoy,Male,43,56,Clinical cytogeneticist,No,No,United States,New Jersey,,
CUST-780954,Matthew P. Sandoval,Male,20,44,"Surveyor, minerals",No,No,United States,New Jersey,,
CUST-369387,Matthew X. Hale,Male,46,65,Meteorologist,No,No,United States,New Jersey,,
CUST-399078,Austin V. Brooks,Male,45,47,"Teacher, music",No,No,United States,New Jersey,,
CUST-173205,Joseph S. Thornton,Male,26,29,Financial adviser,No,No,United States,New Jersey,,
CUST-573770,Zachary Q. Parks,Male,56,68,Geographical information systems officer,No,No,United States,New Jersey,,
CUST-834536,Isaac P. King,Male,26,29,Barrister's clerk,No,No,United States,New Jersey,,
CUST-884772,Charles H. Quinn,Male,41,49,Web designer,No,No,United States,New Jersey,,
CUST-388906,Andrew Y. McCoy,Male,53,70,Brewing technologist,No,No,United States,New Jersey,,
CUST-532683,Aaron N. Swanson,Male,45,49,Pensions consultant,No,No,United States,New Jersey,,
CUST-415466,Luke C. Morris,Male,47,67,Interpreter,No,No,United States,New Jersey,,
CUST-323151,Cameron B. Rios,Male,26,49,Records manager,No,No,United States,New Jersey,,
CUST-510973,Jackson F. Paul,Male,47,66,Food technologist,No,No,United States,New Jersey,,
CUST-187225,Carter W. Lowe,Male,43,45,Outdoor activities/education manager,No,No,United States,New Jersey,,
CUST-399894,Oliver J. Patterson,Male,41,51,Operational researcher,No,No,United States,New Jersey,,
CUST-592795,Christopher T. Powell,Male,30,34,Health visitor,No,No,United States,New Jersey,,
CUST-376825,Cameron J. Erickson,Male,31,42,Sports administrator,No,No,United States,New Jersey,,
CUST-100448,Jack R. Wade,Male,24,43,IT consultant,No,No,United States,New Jersey,,
CUST-462249,Gabriel B. Romero,Male,40,47,Regulatory affairs officer,No,No,United States,New Jersey,,
CUST-417601,Alexander O. Chandler,Male,31,34,Medical illustrator,No,No,United States,New Jersey,,
CUST-976278,Nicholas M. Graves,Male,37,54,Data processing manager,No,No,United States,New Jersey,,
CUST-509895,Cameron E. Dean,Male,18,37,Medical illustrator,No,No,United States,New Jersey,,
CUST-228341,Carter H. Smith,Male,43,48,Retail merchandiser,No,No,United States,New Jersey,,
CUST-231051,Hunter M. Ross,Male,56,74,"Scientist, research (maths)",No,No,United States,New Jersey,,
CUST-664287,Adam Y. Thomas,Male,22,28,"Copywriter, advertising",No,No,United States,New Jersey,,
CUST-214398,Cameron J. Page,Male,33,39,Health physicist,No,No,United States,New Jersey,,
CUST-711721,Zachary U. Dawson,Male,26,44,Tax inspector,No,No,United States,New Jersey,,
CUST-768446,Owen T. Davidson,Male,59,73,Chartered legal executive (England and Wales),No,No,United States,New Jersey,,
CUST-863841,Wyatt L. Perkins,Male,52,66,Barrister's clerk,No,No,United States,New Jersey,,
CUST-471143,William P. Miles,Male,39,62,Firefighter,No,No,United States,New Jersey,,
CUST-122652,Cameron K. Davis,Male,52,70,Advice worker,No,No,United States,New Jersey,,
CUST-404737,Owen H. Morgan,Male,58,64,Educational psychologist,No,No,United States,New Jersey,,
CUST-561519,Joshua Y. Wise,Male,30,48,Haematologist,No,No,United States,New Jersey,,
CUST-517544,Daniel W. Crawford,Male,44,57,Barrister's clerk,No,No,United States,New Jersey,,
CUST-699519,Jack V. Fields,Male,47,68,"Investment banker, operational",No,No,United States,New Jersey,,
CUST-846092,Andrew R. Terry,Male,42,54,"Surveyor, rural practice",No,No,United States,New Jersey,,
CUST-794740,Wyatt N. Richardson,Male,51,71,Financial adviser,No,No,United States,New Jersey,,
CUST-147282,Connor J. Lawson,Male,47,50,Risk manager,No,No,United States,New Jersey,,
CUST-219037,Nicholas C. Frazier,Male,60,72,Glass blower/designer,No,No,United States,New Jersey,,
CUST-954505,Nicholas F. Hardy,Male,45,52,Advertising art director,No,No,United States,New Jersey,,
CUST-105725,David F. Washington,Male,51,56,Horticultural consultant,No,No,United States,New Jersey,,
CUST-320774,Cameron U. Weaver,Male,44,46,"Engineer, agricultural",No,No,United States,New Jersey,,
CUST-178485,Joseph G. Baldwin,Male,30,45,Operations geologist,No,No,United States,New Jersey,,
CUST-241085,Lucas X. Lyons,Male,57,63,Archaeologist,No,No,United States,New Jersey,,
CUST-334918,Gabriel K. Warner,Male,33,34,Brewing technologist,No,No,United States,New Jersey,,
CUST-571497,Carter E. Malone,Male,50,61,Social researcher,No,No,United States,New Jersey,,
CUST-545230,James R. Daniels,Male,42,47,Horticultural therapist,No,No,United States,New Jersey,,
CUST-872807,Jackson E. Herrera,Male,26,45,Intelligence analyst,No,No,United States,New Jersey,,
CUST-436135,Daniel O. Simpson,Male,60,61,Chief of Staff,No,No,United States,New Jersey,,
CUST-378701,Theodore Z. McCarthy,Male,52,64,Public affairs consultant,No,No,United States,New Jersey,,
CUST-188844,Connor Z. Keller,Male,58,67,Lobbyist,Yes,No,United States,New Jersey,,
CUST-626457,Christopher N. Jenkins,Male,55,74,English as a foreign language teacher,Yes,No,United States,New Jersey,,
CUST-728092,Jack H. Bush,Male,39,54,Product designer,Yes,No,United States,New Jersey,,
CUST-727120,Andrew X. Fields,Male,22,42,Medical illustrator,Yes,No,United States,New Jersey,,
CUST-743620,Henry K. Riley,Male,56,75,"Engineer, drilling",Yes,No,United States,New Jersey,,
CUST-518741,Anthony Q. Willis,Male,35,52,Cabin crew,Yes,No,United States,New Jersey,,
CUST-300901,Isaac F. Doyle,Male,21,23,IT consultant,Yes,No,United States,New Jersey,,
CUST-150043,Joseph X. Stephens,Male,22,41,Lawyer,Yes,No,United States,New Jersey,,
CUST-206590,Cameron G. Powers,Male,30,42,Architect,Yes,No,United States,New Jersey,,
CUST-733113,Zachary T. Nelson,Male,43,67,Writer,Yes,No,United States,New Jersey,,
CUST-873044,Sebastian G. Lane,Male,23,42,"Engineer, energy",Yes,No,United States,New Jersey,,
CUST-752263,Daniel H. Love,Male,24,43,Retail banker,Yes,No,United States,New Jersey,,
CUST-749476,Andrew S. Stephens,Male,58,66,Quarry manager,Yes,No,United States,New Jersey,,
CUST-557963,Sebastian R. Lynch,Male,41,56,Banker,Yes,No,United States,New Jersey,,
CUST-232704,Jackson I. Gardner,Male,21,25,Heritage manager,Yes,No,United States,New Jersey,,
CUST-383738,Carter N. Cruz,Male,57,76,Cartographer,Yes,No,United States,New Jersey,,
CUST-803180,Luke F. Hayes,Male,20,28,Paramedic,Yes,No,United States,New Jersey,,
CUST-904368,Andrew R. Jordan,Male,20,22,IT technical support officer,Yes,No,United States,New Jersey,,
CUST-538288,Theodore P. Owens,Male,32,55,Solicitor,Yes,No,United States,New Jersey,,
CUST-211725,David Z. Herrera,Male,47,65,"Exhibitions officer, museum/gallery",Yes,No,United States,New Jersey,,
CUST-343396,Alexander H. Santos,Male,26,34,"Surveyor, rural practice",Yes,No,United States,New Jersey,,
CUST-943630,Isaac U. Wallace,Male,60,73,"Surveyor, rural practice",Yes,No,United States,New Jersey,,
CUST-604303,Lucas X. Tucker,Male,26,47,Accounting technician,Yes,No,United States,New Jersey,,
CUST-541448,Sebastian L. Hill,Male,50,69,Accommodation manager,Yes,No,United States,New Jersey,,
CUST-718951,Sebastian Y. Robinson,Male,52,53,"Administrator, arts",Yes,No,United States,New Jersey,,
CUST-297954,Nathan O. Osborne,Male,46,54,Production manager,Yes,No,United States,New Jersey,,
CUST-131854,Carter Y. Bowen,Male,50,52,Hydrologist,Yes,No,United States,New Jersey,,
CUST-849295,Andrew O. Woods,Male,49,54,Museum/gallery curator,Yes,No,United States,New Jersey,,
CUST-412594,William F. Sherman,Male,40,59,"Research officer, political party",Yes,No,United States,New Jersey,,
CUST-934236,David C. Flowers,Male,54,58,Lexicographer,Yes,No,United States,New Jersey,,
CUST-468983,Thomas W. Graves,Male,36,46,Banker,Yes,No,United States,New Jersey,,
CUST-325245,Nicholas X. Gibbs,Male,31,41,"Horticulturist, amenity",Yes,No,United States,New Jersey,,
CUST-547367,Charles S. Daniel,Male,36,60,Materials engineer,Yes,No,United States,New Jersey,,
CUST-907070,Lucas Y. McCoy,Male,21,27,Solicitor,Yes,No,United States,New Jersey,,
CUST-417284,Nathan N. Blake,Male,40,45,"Engineer, drilling",Yes,No,United States,New Jersey,,
CUST-771246,Christopher I. Leonard,Male,41,66,Animal nutritionist,Yes,No,United States,New Jersey,,
CUST-506147,Austin O. Bowen,Male,18,39,Animal nutritionist,Yes,No,United States,New Jersey,,
CUST-800864,Andrew A. Foster,Male,60,80,Tour manager,Yes,No,United States,New Jersey,,
CUST-847968,Jackson F. Potter,Male,22,32,Child psychotherapist,Yes,No,United States,New Jersey,,
CUST-439475,Isaac Q. Cook,Male,25,43,Wellsite geologist,Yes,No,United States,New Jersey,,
CUST-656190,Thomas X. Hart,Male,19,31,Retail merchandiser,Yes,No,United States,New Jersey,,
CUST-261963,Oliver O. James,Male,46,64,Medical technical officer,Yes,No,United States,New Jersey,,
CUST-153243,Connor S. Turner,Male,60,66,"Conservation officer, nature",Yes,No,United States,New Jersey,,
CUST-282482,David N. Hammond,Male,35,57,Museum education officer,Yes,No,United States,New Jersey,,
CUST-572395,Austin Z. Lynch,Male,46,66,"Engineer, land",Yes,No,United States,New Jersey,,
CUST-715595,Joseph H. Shelton,Male,36,50,Aeronautical engineer,Yes,No,United States,New Jersey,,
CUST-344507,Hunter Q. Ruiz,Male,37,52,"Engineer, materials",Yes,No,United States,New Jersey,,
CUST-667593,Luke G. Patton,Male,46,49,Ergonomist,Yes,No,United States,New Jersey,,
CUST-987010,Jackson U. Romero,Male,31,32,Dispensing optician,Yes,No,United States,New Jersey,,
CUST-922379,Carter R. Myers,Male,35,46,Market researcher,Yes,No,United States,New Jersey,,
CUST-410895,David S. Rose,Male,23,45,Ranger/warden,Yes,No,United States,New Jersey,,
CUST-110482,Cameron S. Hicks,Male,35,37,Trade union research officer,Yes,No,United States,New Jersey,,
CUST-530484,Sebastian E. Miles,Male,49,56,Dentist,Yes,No,United States,New Jersey,,
CUST-934918,Lucas H. Tate,Male,56,60,Recycling officer,Yes,No,United States,New Jersey,,
CUST-631264,James C. McCoy,Male,49,71,English as a second language teacher,Yes,No,United States,New Jersey,,
CUST-748672,Luke C. Ross,Male,38,63,Product manager,Yes,No,United States,New Jersey,,
CUST-509291,Thomas Y. Cummings,Male,32,35,Financial adviser,Yes,No,United States,New Jersey,,
CUST-862092,Connor D. Gonzales,Male,44,47,"Pharmacist, community",Yes,No,United States,New Jersey,,
CUST-145473,Zachary P. Fox,Male,44,59,Associate Professor,Yes,No,United States,New Jersey,,
CUST-232181,Gabriel B. Walker,Male,18,20,Licensed conveyancer,Yes,No,United States,New Jersey,,
CUST-653350,Daniel M. Peters,Male,32,44,Hydrogeologist,Yes,No,United States,New Jersey,,
CUST-491250,Wyatt X. Rice,Male,59,70,Air broker,Yes,No,United States,New Jersey,,
CUST-975457,Anthony Y. Sims,Male,41,58,Quantity surveyor,Yes,No,United States,New Jersey,,
CUST-193536,Thomas F. Olson,Male,42,53,Event organiser,Yes,No,United States,New Jersey,,
CUST-623250,Luke M. Holt,Male,24,30,Advertising art director,Yes,No,United States,New Jersey,,
CUST-256495,Owen T. Ramsey,Male,19,31,Holiday representative,Yes,No,United States,New Jersey,,
CUST-483742,Dylan Z. Hunter,Male,18,28,Licensed conveyancer,Yes,No,United States,New Jersey,,
CUST-599422,Theodore J. Fleming,Male,41,44,Clinical embryologist,Yes,No,United States,New Jersey,,
CUST-233228,Nicholas L. Jenkins,Male,36,46,"Pharmacist, community",Yes,No,United States,New Jersey,,
CUST-224595,Adam X. Berry,Male,30,48,Immigration officer,Yes,No,United States,New Jersey,,
CUST-390341,Owen R. Parker,Male,45,62,"Conservator, furniture",Yes,No,United States,New Jersey,,
CUST-608995,William Z. Rios,Male,40,59,Prison officer,Yes,No,United States,New Jersey,,
CUST-964126,William V. Jacobs,Male,32,46,"Radiographer, therapeutic",Yes,No,United States,New Jersey,,
CUST-557940,Connor L. Holmes,Male,33,49,Armed forces logistics/support/administrative officer,Yes,No,United States,New Jersey,,
CUST-409378,Connor P. Jones,Male,52,58,Call centre manager,Yes,No,United States,New Jersey,,
CUST-517669,Gabriel H. Shelton,Male,25,38,Secretary/administrator,Yes,No,United States,New Jersey,,
CUST-870028,Anthony N. Carpenter,Male,24,37,"Designer, industrial/product",Yes,No,United States,New Jersey,,
CUST-841060,Owen S. Cobb,Male,37,55,Claims inspector/assessor,Yes,No,United States,New Jersey,,
CUST-795940,Christopher I. Barber,Male,59,76,Recruitment consultant,Yes,No,United States,New Jersey,,
CUST-202278,Carter L. West,Male,41,56,Economist,Yes,No,United States,New Jersey,,
CUST-258614,Adam D. Perkins,Male,39,43,Art gallery manager,Yes,No,United States,New Jersey,,
CUST-463945,Joshua R. Neal,Male,52,71,Textile designer,Yes,No,United States,New Jersey,,
CUST-235994,Hunter F. Burke,Male,35,59,Barrister,Yes,No,United States,New Jersey,,
CUST-207794,Lucas T. Stokes,Male,28,46,Immigration officer,Yes,No,United States,New Jersey,,
CUST-621766,Hunter S. Ruiz,Male,25,37,Ranger/warden,Yes,No,United States,New Jersey,,
CUST-347215,Daniel I. Rhodes,Male,31,51,"Designer, furniture",Yes,No,United States,New Jersey,,
CUST-735465,William N. Evans,Male,31,35,"Scientist, research (medical)",Yes,No,United States,New Jersey,,
CUST-194228,Nicholas L. Rivera,Male,35,39,Production manager,Yes,No,United States,New Jersey,,
CUST-617179,Joshua L. Castillo,Male,43,47,Paediatric nurse,Yes,No,United States,New Jersey,,
CUST-497066,Henry E. Mason,Male,60,62,Market researcher,Yes,No,United States,New Jersey,,
CUST-119701,Nicholas L. Hill,Male,37,47,Futures trader,Yes,No,United States,New Jersey,,
CUST-320352,Benjamin C. Lucas,Male,40,62,Industrial/product designer,Yes,No,United States,New Jersey,,
CUST-951870,William Q. Cook,Male,53,65,"Research officer, government",Yes,No,United States,New Jersey,,
CUST-412166,Charles Q. Harvey,Male,59,80,"Conservator, furniture",Yes,No,United States,New Jersey,,
CUST-427407,Aaron T. Floyd,Male,58,69,Hospital doctor,Yes,No,United States,New Jersey,,
CUST-167736,Joshua G. Garrett,Male,24,32,Lawyer,Yes,No,United States,Wisconsin,,
CUST-172785,Charles A. Santiago,Male,44,56,Fisheries officer,Yes,No,United States,Wisconsin,,
CUST-749189,Connor O. Henry,Male,54,62,Optometrist,Yes,No,United States,Wisconsin,,
CUST-944451,Carter T. Holland,Male,44,54,Arts administrator,Yes,No,United States,Wisconsin,,
CUST-379246,Joseph L. Jones,Male,29,42,Barrister's clerk,Yes,No,United States,Wisconsin,,
CUST-841457,Joshua I. Gibbs,Male,26,32,Arboriculturist,Yes,No,United States,Wisconsin,,
CUST-906301,Jackson V. Vasquez,Male,51,69,Pension scheme manager,Yes,No,United States,Wisconsin,,
CUST-854954,William B. Davis,Male,42,59,Psychotherapist,Yes,No,United States,Wisconsin,,
CUST-896637,David Q. Carr,Male,35,45,Ranger/warden,Yes,No,United States,Wisconsin,,
CUST-155721,Joshua K. Ingram,Male,56,65,"Scientist, marine",Yes,No,United States,Wisconsin,,
CUST-328435,Charles S. Conner,Male,49,66,"Accountant, chartered certified",Yes,No,United States,Wisconsin,,
CUST-315107,James T. Hammond,Male,30,43,"Radiographer, diagnostic",Yes,No,United States,Wisconsin,,
CUST-726291,Hunter D. Hunt,Male,50,59,"Development worker, community",Yes,No,United States,Wisconsin,,
CUST-655700,Nathan U. Bush,Male,18,21,Biomedical engineer,Yes,No,United States,Wisconsin,,
CUST-174169,Owen N. Osborne,Male,44,60,Tree surgeon,Yes,No,United States,Wisconsin,,
CUST-413155,Dylan C. Crawford,Male,59,81,Astronomer,Yes,No,United States,Wisconsin,,
CUST-562498,Oliver B. Norman,Male,21,46,"Scientist, research (medical)",Yes,No,United States,Wisconsin,,
CUST-241001,Owen B. Banks,Male,29,45,Manufacturing engineer,Yes,No,United States,Wisconsin,,
CUST-220764,Thomas D. Sandoval,Male,57,78,Forensic psychologist,Yes,No,United States,Wisconsin,,
CUST-790980,Wyatt C. Franklin,Male,28,31,Interior and spatial designer,Yes,No,United States,Wisconsin,,
CUST-248455,Andrew N. Martin,Male,27,37,Tour manager,Yes,No,United States,Wisconsin,,
CUST-226878,William C. Rice,Male,54,73,Administrator,Yes,No,United States,Wisconsin,,
CUST-990179,Alexander W. Harvey,Male,29,54,"Editor, film/video",Yes,No,United States,Wisconsin,,
CUST-168668,Luke S. Elliott,Male,55,66,Financial adviser,Yes,No,United States,Wisconsin,,
CUST-180806,Aaron Q. Morrison,Male,51,52,Training and development officer,Yes,No,United States,Wisconsin,,
CUST-284987,Daniel M. Grant,Male,27,31,Lobbyist,Yes,No,United States,Wisconsin,,
CUST-925083,Luke W. Graves,Male,54,66,"Psychologist, forensic",Yes,No,United States,Wisconsin,,
CUST-671257,Thomas J. West,Male,18,31,Garment/textile technologist,Yes,No,United States,Wisconsin,,
CUST-534696,William Q. Long,Male,42,63,Electrical engineer,Yes,No,United States,Wisconsin,,
CUST-241133,Zachary K. Kelley,Male,36,42,"Surveyor, building control",Yes,No,United States,Wisconsin,,
CUST-470555,Wyatt C. Byrd,Male,53,74,Theatre director,Yes,No,United States,Wisconsin,,
CUST-358324,Adam J. Jimenez,Male,51,63,Magazine journalist,Yes,No,United States,Wisconsin,,
CUST-218695,David A. Hardy,Male,58,78,"Research officer, political party",Yes,No,United States,Wisconsin,,
CUST-254485,Carter P. Alexander,Male,21,27,Lobbyist,Yes,No,United States,Wisconsin,,
CUST-602998,Dylan X. Boyd,Male,54,74,"Engineer, communications",Yes,No,United States,Wisconsin,,
CUST-269049,Christopher U. Osborne,Male,24,42,Exhibition designer,Yes,No,United States,Wisconsin,,
CUST-409621,Nathan N. Franklin,Male,50,73,Data processing manager,Yes,No,United States,Wisconsin,,
CUST-917295,William T. Castillo,Male,29,51,"Civil engineer, consulting",Yes,No,United States,Wisconsin,,
CUST-851367,Anthony D. Nelson,Male,21,33,Psychiatrist,Yes,No,United States,Wisconsin,,
CUST-982785,Cameron Y. Berry,Male,49,70,Publishing rights manager,Yes,No,United States,Wisconsin,,
CUST-142053,Joseph H. McCarthy,Male,59,76,"Production assistant, radio",Yes,No,United States,Wisconsin,,
CUST-110092,Nicholas G. Andrews,Male,40,43,Television/film/video producer,Yes,No,United States,Wisconsin,,
CUST-529973,Matthew J. Fleming,Male,52,72,Publishing rights manager,Yes,No,United States,Wisconsin,,
CUST-507374,Dylan C. Coleman,Male,47,54,Colour technologist,Yes,No,United States,Wisconsin,,
CUST-682302,Owen L. Haynes,Male,32,42,Paediatric nurse,Yes,No,United States,Wisconsin,,
CUST-210438,Charles M. Curry,Male,34,58,Exhibition designer,Yes,No,United States,Wisconsin,,
CUST-900267,Isaac L. Wise,Male,36,44,"Engineer, communications",Yes,No,United States,Wisconsin,,
CUST-436857,Charles V. Simmons,Male,52,76,"Engineer, communications",Yes,No,United States,Wisconsin,,
CUST-613613,Nathan X. Simon,Male,30,37,Equities trader,Yes,No,United States,Wisconsin,,
CUST-898520,Theodore Q. Blair,Male,24,46,Environmental health practitioner,Yes,No,United States,Wisconsin,,
CUST-544781,Nicholas N. Elliott,Male,29,49,Heritage manager,Yes,No,United States,Wisconsin,,
CUST-574865,Caleb L. Cruz,Male,28,36,Animal technologist,Yes,No,United States,Wisconsin,,
CUST-421485,David T. McDonald,Male,37,50,Bookseller,Yes,No,United States,Wisconsin,,
CUST-389345,Benjamin Q. Alvarez,Male,49,56,Psychotherapist,Yes,No,United States,Wisconsin,,
CUST-209214,Hunter C. Robinson,Male,43,68,Broadcast engineer,Yes,No,United States,Wisconsin,,
CUST-600953,Luke F. Rodgers,Male,23,46,Games developer,Yes,No,United States,Wisconsin,,
CUST-962841,Dylan K. Rogers,Male,30,50,Financial planner,Yes,No,United States,Wisconsin,,
CUST-973266,Joseph Z. Thompson,Male,41,57,Chief Financial Officer,Yes,No,United States,Wisconsin,,
CUST-486582,Christopher Z. Green,Male,53,72,Wellsite geologist,Yes,No,United States,Wisconsin,,
CUST-310473,Cameron P. Cunningham,Male,49,69,Information systems manager,Yes,No,United States,Wisconsin,,
CUST-284994,Caleb W. Williams,Male,46,54,Forensic scientist,Yes,No,United States,Wisconsin,,
CUST-714503,William V. Holmes,Male,60,69,Licensed conveyancer,Yes,No,United States,Wisconsin,,
CUST-821481,James J. Farmer,Male,42,64,"Engineer, maintenance (IT)",Yes,No,United States,Wisconsin,,
CUST-380255,William D. Ward,Male,54,72,"Scientist, clinical (histocompatibility and immunogenetics)",Yes,No,United States,Wisconsin,,
CUST-851560,Daniel D. Bennett,Male,58,59,Public relations account executive,Yes,No,United States,Wisconsin,,
CUST-709914,Owen G. Wright,Male,26,46,Estate agent,Yes,No,United States,Wisconsin,,
CUST-925347,William X. Douglas,Male,37,49,"Teacher, special educational needs",Yes,No,United States,Wisconsin,,
CUST-147161,Luke D. Manning,Male,46,53,Advertising account planner,Yes,No,United States,Wisconsin,,
CUST-424062,Nathan Z. Wallace,Male,45,65,Exhibition designer,Yes,No,United States,Wisconsin,,
CUST-535228,Oliver G. Hayes,Male,31,44,Electrical engineer,Yes,No,United States,Wisconsin,,
CUST-323862,Charles E. Swanson,Male,19,30,Agricultural consultant,Yes,No,United States,Wisconsin,,
CUST-513340,Joseph B. Crawford,Male,32,36,"Teacher, early years/pre",Yes,No,United States,Wisconsin,,
CUST-648196,Andrew Q. Higgins,Male,25,39,Conference centre manager,Yes,No,United States,Wisconsin,,
CUST-450797,Christopher Q. Thompson,Male,41,47,"Research officer, political party",Yes,No,United States,Wisconsin,,
CUST-371600,Nicholas N. Reynolds,Male,24,40,Proofreader,Yes,No,United States,Wisconsin,,
CUST-927242,Andrew U. Floyd,Male,59,62,Transport planner,Yes,No,United States,Wisconsin,,
CUST-575131,Andrew C. Rodgers,Male,18,26,Plant breeder/geneticist,Yes,No,United States,Wisconsin,,
CUST-305216,Aaron D. Barnett,Male,57,78,"Buyer, industrial",Yes,No,United States,Wisconsin,,
CUST-520645,Nicholas O. Chapman,Male,58,69,IT consultant,Yes,No,United States,Wisconsin,,
CUST-147566,Daniel C. Grant,Male,28,41,Airline pilot,Yes,No,United States,Wisconsin,,
CUST-559463,Aaron M. Mack,Male,28,42,Town planner,Yes,No,United States,Wisconsin,,
CUST-660067,Austin L. Hicks,Male,57,68,Data scientist,Yes,No,United States,Wisconsin,,
CUST-916314,Oliver D. Rivera,Male,24,33,Chief Technology Officer,Yes,Yes,United States,Wisconsin,,
CUST-497968,Wyatt G. Richardson,Male,57,66,Animal technologist,Yes,Yes,United States,Wisconsin,,
CUST-185907,Matthew C. Becker,Male,45,63,Field trials officer,Yes,Yes,United States,Wisconsin,,
CUST-395320,Daniel P. Higgins,Male,39,42,Audiological scientist,Yes,Yes,United States,Wisconsin,,
CUST-701763,Luke I. Larson,Male,50,66,Dealer,Yes,Yes,United States,Wisconsin,,
CUST-766073,Andrew H. Valdez,Male,60,74,"Social research officer, government",Yes,Yes,United States,Wisconsin,,
CUST-908033,Daniel L. Ford,Male,38,53,"Psychologist, prison and probation services",Yes,Yes,United States,Wisconsin,,
CUST-455895,Isaac B. Vasquez,Male,59,75,Solicitor,Yes,Yes,United States,Wisconsin,,
CUST-519089,Owen J. Maxwell,Male,27,39,"Producer, radio",Yes,Yes,United States,Wisconsin,,
CUST-213174,Adam N. Armstrong,Male,31,41,Plant breeder/geneticist,Yes,Yes,United States,Wisconsin,,
CUST-534645,Oliver P. Patton,Male,46,68,Nature conservation officer,Yes,Yes,United States,Wisconsin,,
CUST-324397,Theodore O. Medina,Male,54,71,Primary school teacher,Yes,Yes,United States,Wisconsin,,
CUST-590571,David M. Flowers,Male,18,37,Educational psychologist,Yes,Yes,United States,Wisconsin,,
CUST-646656,Zachary R. Lewis,Male,53,70,Forensic psychologist,Yes,Yes,United States,Wisconsin,,
CUST-421613,Theodore X. Salazar,Male,18,25,Administrator,Yes,Yes,United States,Wisconsin,,
CUST-443974,Austin H. Boyd,Male,52,64,Location manager,Yes,Yes,United States,Wisconsin,,
CUST-933937,Austin A. Hamilton,Male,52,55,Financial trader,Yes,Yes,United States,Wisconsin,,
CUST-622494,Jackson I. Fernandez,Male,57,60,Multimedia specialist,Yes,Yes,United States,Wisconsin,,
CUST-629350,Jack P. Henry,Male,45,54,"Scientist, biomedical",Yes,Yes,United States,Wisconsin,,
CUST-531046,Benjamin V. Lane,Male,56,58,Purchasing manager,Yes,Yes,United States,Wisconsin,,
CUST-512878,Alexander L. Watts,Male,44,66,Nature conservation officer,Yes,Yes,United States,Wisconsin,,
CUST-959942,Christopher R. Fleming,Male,37,39,"Engineer, technical sales",Yes,Yes,United States,Wisconsin,,
CUST-547552,Christopher G. Garner,Male,29,39,"Scientist, research (maths)",Yes,Yes,United States,Wisconsin,,
CUST-974130,Theodore Q. Ross,Male,37,40,"Teacher, secondary school",Yes,Yes,United States,Wisconsin,,
CUST-520135,Carter Z. Wolfe,Male,48,65,"Loss adjuster, chartered",Yes,Yes,United States,Wisconsin,,
CUST-660346,Sebastian W. Cole,Male,59,80,Mechanical engineer,Yes,Yes,United States,Wisconsin,,
CUST-678089,Thomas R. Johnston,Male,52,66,Special educational needs teacher,Yes,Yes,United States,Wisconsin,,
CUST-750226,Alexander D. Simon,Male,29,40,Tax inspector,Yes,Yes,United States,Wisconsin,,
CUST-111580,Adam L. Joseph,Male,21,38,Insurance account manager,Yes,Yes,United States,Wisconsin,,
CUST-585980,Theodore V. Fowler,Male,26,45,"Surveyor, mining",Yes,Yes,United States,Wisconsin,,
CUST-986967,Isaac I. May,Male,50,68,Commissioning editor,Yes,Yes,United States,Wisconsin,,
CUST-904334,Matthew G. Parker,Male,52,75,Clinical research associate,Yes,Yes,United States,Wisconsin,,
CUST-670832,Charles I. Rivera,Male,24,28,Chief Operating Officer,Yes,Yes,United States,Wisconsin,,
CUST-803313,Owen P. Alvarado,Male,50,57,Paramedic,Yes,Yes,United States,Wisconsin,,
CUST-516242,Charles G. Sutton,Male,18,39,Seismic interpreter,Yes,Yes,United States,Wisconsin,,
CUST-489799,Henry P. Allen,Male,32,41,Hydrographic surveyor,Yes,Yes,United States,Wisconsin,,
CUST-121016,Charles W. Taylor,Male,41,47,"Therapist, occupational",Yes,Yes,United States,Wisconsin,,
CUST-997760,James C. Mack,Male,42,49,Geophysical data processor,Yes,Yes,United States,Wisconsin,,
CUST-617950,Nathan B. Miles,Male,52,56,Museum/gallery curator,Yes,Yes,United States,Wisconsin,,
CUST-427715,Adam U. Bowen,Male,49,69,"Research officer, trade union",Yes,Yes,United States,Wisconsin,,
CUST-952990,William U. Austin,Male,33,42,Retail merchandiser,Yes,Yes,United States,Wisconsin,,
CUST-547506,Andrew X. Paul,Male,57,61,Broadcast presenter,Yes,Yes,United States,Wisconsin,,
CUST-287412,Charles N. Hale,Male,26,44,Museum/gallery conservator,Yes,Yes,United States,Wisconsin,,
CUST-388378,Dylan O. Steele,Male,27,29,Patent attorney,Yes,Yes,United States,Wisconsin,,
CUST-984666,Andrew E. Newman,Male,50,52,Copy,Yes,Yes,United States,Wisconsin,,
CUST-167403,Anthony V. Snyder,Male,55,60,Recruitment consultant,Yes,Yes,United States,Wisconsin,,
CUST-125431,Andrew N. Parker,Male,32,46,Ambulance person,Yes,Yes,United States,Wisconsin,,
CUST-986539,Aaron Z. Wade,Male,31,36,"Chemist, analytical",Yes,Yes,United States,Wisconsin,,
CUST-956112,Wyatt X. Elliott,Male,60,71,"Secretary, company",Yes,Yes,United States,Wisconsin,,
CUST-318459,Matthew Q. Alvarez,Male,41,51,Actuary,Yes,Yes,United States,Wisconsin,,
CUST-432959,Andrew N. Thompson,Male,40,44,Biomedical scientist,Yes,Yes,United States,Wisconsin,,
CUST-949611,Sebastian J. Norris,Male,53,77,"Surveyor, quantity",Yes,Yes,United States,Wisconsin,,
CUST-765919,Nathan B. Cohen,Male,39,64,Higher education careers adviser,Yes,Yes,United States,Wisconsin,,
CUST-665538,Wyatt Q. Washington,Male,29,49,Financial risk analyst,Yes,Yes,United States,Wisconsin,,
CUST-805752,Christopher R. Terry,Male,19,37,Television/film/video producer,Yes,Yes,United States,Wisconsin,,
CUST-677070,Zachary J. Cruz,Male,42,63,"Geologist, wellsite",Yes,Yes,United States,Wisconsin,,
CUST-613634,Henry G. Tyler,Male,55,61,Theatre stage manager,Yes,Yes,United States,Wisconsin,,
CUST-652650,Owen Y. Garner,Male,47,55,Contracting civil engineer,Yes,Yes,United States,Wisconsin,,
CUST-750428,Wyatt F. Fields,Male,21,35,Education administrator,Yes,Yes,United States,Wisconsin,,
CUST-492967,Luke S. Robinson,Male,60,67,"Scientist, forensic",Yes,Yes,United States,Wisconsin,,
CUST-121476,Sebastian S. Padilla,Male,22,44,Chartered loss adjuster,Yes,Yes,United States,Wisconsin,,
CUST-400854,Theodore O. Sandoval,Male,21,32,Data processing manager,Yes,Yes,United States,Wisconsin,,
CUST-475161,Jack J. Rodgers,Male,32,33,"Surveyor, building control",Yes,Yes,United States,Wisconsin,,
CUST-689357,Zachary L. Horton,Male,31,41,Personnel officer,Yes,Yes,United States,Wisconsin,,
CUST-658173,Benjamin T. Craig,Male,28,46,Automotive engineer,Yes,Yes,United States,Wisconsin,,
CUST-984902,Sebastian C. Little,Male,49,66,Geoscientist,Yes,Yes,United States,Wisconsin,,
CUST-385560,Benjamin F. Hunter,Male,28,40,"Production assistant, television",Yes,Yes,United States,Wisconsin,,
CUST-279129,Andrew I. Mendoza,Male,54,64,Community arts worker,Yes,Yes,United States,Wisconsin,,
CUST-958359,David W. Vargas,Male,33,39,Astronomer,Yes,Yes,United States,Wisconsin,,
CUST-984945,Charles Y. Bush,Male,44,57,Chief Marketing Officer,Yes,Yes,United States,Wisconsin,,
CUST-474455,Thomas Q. Lindsey,Male,47,65,Communications engineer,Yes,Yes,United States,Wisconsin,,
CUST-889426,Isaac D. Olson,Male,44,58,Careers adviser,No,Yes,United States,Wisconsin,,
CUST-313189,Carter T. Little,Male,52,70,Advertising copywriter,No,Yes,United States,Wisconsin,,
CUST-881906,Charles D. Bates,Male,53,69,Make,No,Yes,United States,Wisconsin,,
CUST-251898,Austin P. Tucker,Male,33,44,Visual merchandiser,No,Yes,United States,Wisconsin,,
CUST-793727,Cameron W. Barber,Male,23,25,Writer,No,Yes,United States,Wisconsin,,
CUST-292022,Joseph W. Stokes,Male,20,34,Air traffic controller,No,Yes,United States,Wisconsin,,
CUST-243888,Aaron T. Roberts,Male,43,47,Chemical engineer,No,Yes,United States,Wisconsin,,
CUST-895290,Isaac I. Elliott,Male,32,52,Midwife,No,Yes,United States,Wisconsin,,
CUST-667487,Gabriel R. Carpenter,Male,39,63,Web designer,No,Yes,United States,Wisconsin,,
CUST-693120,Joseph P. White,Male,55,74,IT trainer,No,Yes,United States,Wisconsin,,
CUST-645513,Luke C. Wise,Male,43,65,Geophysicist/field seismologist,No,Yes,United States,Wisconsin,,
CUST-106985,Oliver B. Moss,Male,24,26,Cabin crew,No,Yes,United States,Wisconsin,,
CUST-492413,Theodore J. Campbell,Male,60,81,"Journalist, magazine",No,Yes,United States,Wisconsin,,
CUST-452963,Oliver W. Matthews,Male,49,54,Armed forces training and education officer,No,Yes,United States,Wisconsin,,
CUST-139046,Benjamin M. Hudson,Male,41,66,Retail manager,No,Yes,United States,Wisconsin,,
CUST-794174,Theodore P. Davidson,Male,37,58,"Engineer, automotive",No,Yes,United States,Wisconsin,,
CUST-493538,Thomas P. King,Male,27,50,Audiological scientist,No,Yes,United States,Wisconsin,,
CUST-220679,Nathan C. Roberts,Male,36,51,Adult nurse,No,Yes,United States,Wisconsin,,
CUST-235333,Dylan G. Estrada,Male,60,79,Estate manager/land agent,No,Yes,United States,Wisconsin,,
CUST-697593,Theodore Q. Mitchell,Male,53,60,Chief Technology Officer,No,Yes,United States,Wisconsin,,
CUST-339119,Benjamin F. Carr,Male,26,28,Insurance underwriter,No,Yes,United States,Wisconsin,,
CUST-978501,Owen C. Caldwell,Male,34,53,"Presenter, broadcasting",No,Yes,United States,Wisconsin,,
CUST-954263,Austin W. Warner,Male,45,47,"Surveyor, building control",No,Yes,United States,Wisconsin,,
CUST-162475,Austin B. Hunter,Male,23,43,Actor,No,Yes,United States,Wisconsin,,
CUST-832239,Jackson E. Hines,Male,43,51,Child psychotherapist,No,Yes,United States,Wisconsin,,
CUST-196842,Lucas R. Floyd,Male,39,50,Seismic interpreter,No,Yes,United States,Wisconsin,,
CUST-782729,Thomas Z. Reynolds,Male,42,57,"Teacher, secondary school",No,Yes,United States,Wisconsin,,
CUST-414746,Gabriel N. Francis,Male,32,41,Television production assistant,No,Yes,United States,Wisconsin,,
CUST-537620,Nathan W. Dennis,Male,55,76,Engineering geologist,No,Yes,United States,Wisconsin,,
CUST-599939,Christopher K. Davidson,Male,58,76,Catering manager,No,Yes,United States,Wisconsin,,
CUST-654120,Gabriel W. McKinney,Male,58,71,IT technical support officer,No,Yes,United States,Wisconsin,,
CUST-263858,Adam C. Gibbs,Male,43,55,"Therapist, drama",No,Yes,United States,Wisconsin,,
CUST-542505,Austin H. Rivera,Male,45,46,Academic librarian,No,Yes,United States,Wisconsin,,
CUST-784128,Connor P. Spencer,Male,41,51,Best boy,No,Yes,United States,Wisconsin,,
CUST-338899,Nathan X. Miles,Male,25,39,"Solicitor, Scotland",No,Yes,United States,Wisconsin,,
CUST-521127,Zachary P. Mullins,Male,41,60,Interior and spatial designer,No,Yes,United States,Wisconsin,,
CUST-252796,Jack Q. Ortiz,Male,27,36,"Surveyor, rural practice",No,Yes,United States,Wisconsin,,
CUST-910127,Adam N. Wilson,Male,27,33,Sales executive,No,Yes,United States,Wisconsin,,
CUST-479651,Cameron R. Jacobs,Male,38,44,Company secretary,No,Yes,United States,Wisconsin,,
CUST-750695,Hunter L. Cobb,Male,57,65,"Doctor, hospital",No,Yes,United States,Wisconsin,,
CUST-611603,Jack M. Roberts,Male,44,55,Television floor manager,No,Yes,United States,Wisconsin,,
CUST-724057,Daniel I. Robinson,Male,21,40,"Scientist, research (life sciences)",No,Yes,United States,Wisconsin,,
CUST-623270,Sebastian X. Roberts,Male,24,32,"Teacher, early years/pre",No,Yes,United States,Wisconsin,,
CUST-471722,Henry M. Joseph,Male,45,69,Translator,No,Yes,United States,Wisconsin,,
CUST-650114,Henry R. Malone,Male,48,58,"Surveyor, rural practice",No,Yes,United States,Wisconsin,,
CUST-359758,Charles X. Burgess,Male,32,53,Charity officer,No,Yes,United States,Wisconsin,,
CUST-533517,Isaac Y. Hayes,Male,19,31,Barista,No,Yes,United States,Wisconsin,,
CUST-157751,Wyatt O. Maxwell,Male,28,53,"Engineer, maintenance (IT)",No,Yes,United States,Wisconsin,,
CUST-834847,Oliver B. Snyder,Male,21,23,Personal assistant,No,Yes,United States,Wisconsin,,
CUST-138839,Henry G. Benson,Male,34,50,"Programmer, applications",No,Yes,United States,Wisconsin,,
CUST-359766,James C. Barber,Male,60,71,Restaurant manager,No,Yes,United States,Wisconsin,,
CUST-784448,Connor Y. Ortega,Male,46,67,Product/process development scientist,No,Yes,United States,Wisconsin,,
CUST-786180,Thomas E. Marshall,Male,40,59,Site engineer,No,Yes,United States,Wisconsin,,
CUST-456263,Cameron E. Santiago,Male,58,82,"Engineer, control and instrumentation",No,Yes,United States,Wisconsin,,
CUST-545360,Cameron G. Dennis,Male,58,69,"Psychologist, educational",No,Yes,United States,Wisconsin,,
CUST-265501,Henry W. Neal,Male,27,39,Building surveyor,No,Yes,United States,Wisconsin,,
CUST-313219,William P. Barrett,Male,24,33,"Buyer, industrial",No,Yes,United States,Wisconsin,,
CUST-792549,Hunter T. Ball,Male,34,36,Drilling engineer,No,Yes,United States,Wisconsin,,
CUST-861408,Daniel T. Greer,Male,49,72,"Scientist, physiological",No,Yes,United States,Wisconsin,,
CUST-601779,Anthony U. Hardy,Male,18,38,Cartographer,No,Yes,United States,Wisconsin,,
CUST-136166,Owen C. Cooper,Male,39,63,Social worker,No,Yes,United States,Wisconsin,,
CUST-364257,David A. Tate,Male,24,28,Historic buildings inspector/conservation officer,No,Yes,United States,Wisconsin,,
CUST-871540,Lucas O. Adkins,Male,44,57,Psychotherapist,No,Yes,United States,Wisconsin,,
CUST-127888,Jack M. Ruiz,Male,26,29,Data scientist,No,Yes,United States,Wisconsin,,
CUST-408714,Benjamin Q. Harper,Male,48,66,Geochemist,No,Yes,United States,Wisconsin,,
CUST-780877,Aaron J. Cummings,Male,32,47,Physiotherapist,No,Yes,United States,Wisconsin,,
CUST-259489,Adam K. Evans,Male,47,69,Clinical research associate,No,Yes,United States,Wisconsin,,
CUST-863874,Andrew T. Bryant,Male,52,67,"Administrator, sports",No,Yes,United States,Wisconsin,,
CUST-435231,Gabriel P. George,Male,30,55,English as a second language teacher,No,Yes,United States,Wisconsin,,
CUST-915000,Andrew S. Medina,Male,34,36,"Pharmacist, hospital",No,Yes,United States,Wisconsin,,
CUST-247120,Lucas Y. Higgins,Male,26,47,Therapeutic radiographer,No,Yes,United States,Wisconsin,,
CUST-973002,Carter G. Harmon,Male,29,46,Agricultural consultant,No,Yes,United States,Wisconsin,,
CUST-615515,Caleb L. White,Male,34,42,Industrial/product designer,No,Yes,United States,Wisconsin,,
CUST-583999,Nathan E. Herrera,Male,28,45,Financial trader,No,Yes,United States,Wisconsin,,
CUST-761140,Dylan B. Allen,Male,35,50,IT sales professional,No,Yes,United States,Wisconsin,,
CUST-932420,Christopher U. Carlson,Male,30,36,"Engineer, maintenance",No,Yes,United States,Wisconsin,,
CUST-796008,Luke I. McCoy,Male,42,45,Diagnostic radiographer,No,Yes,United States,Wisconsin,,
CUST-662355,Daniel M. Wagner,Male,52,62,"Social research officer, government",No,Yes,United States,Wisconsin,,
CUST-476521,Connor R. Holt,Male,21,46,Aid worker,No,Yes,United States,Wisconsin,,
CUST-450583,Matthew Y. Baker,Male,48,55,Metallurgist,No,Yes,United States,Wisconsin,,
CUST-672645,Caleb Z. Turner,Male,47,58,"Engineer, control and instrumentation",No,Yes,United States,Wisconsin,,
CUST-469914,Hunter Z. Chapman,Male,22,34,"Surveyor, building control",No,Yes,United States,Wisconsin,,
CUST-648509,Connor O. Newman,Male,22,32,Historic buildings inspector/conservation officer,No,Yes,United States,Wisconsin,,
CUST-600451,Thomas Q. Burns,Male,58,79,Chief Operating Officer,No,Yes,United States,Wisconsin,,
CUST-117177,Daniel B. Campbell,Male,57,62,"Psychotherapist, child",No,Yes,United States,Wisconsin,,
CUST-605454,Matthew B. Matthews,Male,58,72,Commercial/residential surveyor,No,Yes,United States,Wisconsin,,
CUST-581690,Isaac W. Hicks,Male,30,36,Automotive engineer,No,Yes,United States,Wisconsin,,
CUST-799110,Thomas W. Lawrence,Male,59,64,Risk manager,No,Yes,United States,Wisconsin,,
CUST-918182,Jack B. Butler,Male,29,33,Planning and development surveyor,No,Yes,United States,Wisconsin,,
CUST-925091,Wyatt K. Brown,Male,32,33,Chief Strategy Officer,No,No,United States,Wisconsin,,
CUST-118457,James N. Reed,Male,50,68,"Development worker, international aid",No,No,United States,Wisconsin,,
CUST-759831,Cameron N. Estrada,Male,47,67,Arboriculturist,No,No,United States,Wisconsin,,
CUST-719328,Isaac Q. Blair,Male,31,32,Broadcast engineer,No,No,United States,Wisconsin,,
CUST-401586,David O. Garrett,Male,27,30,"Nurse, learning disability",No,No,United States,Wisconsin,,
CUST-335762,Anthony U. Cross,Male,58,70,"Engineer, electronics",No,No,United States,Wisconsin,,
CUST-566684,Christopher Y. Gross,Male,37,59,Early years teacher,No,No,United States,Wisconsin,,
CUST-759152,Henry U. Alvarez,Male,39,64,"Therapist, sports",No,No,United States,Wisconsin,,
CUST-589160,Thomas D. Adkins,Male,44,69,Nature conservation officer,No,No,United States,Wisconsin,,
CUST-975162,Isaac V. Williams,Male,47,70,Fitness centre manager,No,No,United States,Wisconsin,,
CUST-347447,Hunter P. Young,Male,59,60,"Teacher, secondary school",No,No,United States,Wisconsin,,
CUST-378141,Owen J. Jordan,Male,35,53,Estate manager/land agent,No,No,United States,Wisconsin,,
CUST-706071,Anthony R. Guerrero,Male,49,52,Dealer,No,No,United States,Wisconsin,,
CUST-720226,Adam N. Norman,Male,50,68,Police officer,No,No,United States,Wisconsin,,
CUST-625409,Nicholas G. Gardner,Male,58,59,Commissioning editor,No,No,United States,Wisconsin,,
CUST-283580,Jackson C. Long,Male,55,67,Media planner,No,No,United States,Wisconsin,,
CUST-334842,Charles T. Richardson,Male,37,41,Trading standards officer,No,No,United States,Wisconsin,,
CUST-460801,Owen R. Schneider,Male,43,52,Historic buildings inspector/conservation officer,No,No,United States,Wisconsin,,
CUST-878136,Austin Y. Carpenter,Male,21,24,Facilities manager,No,No,United States,Wisconsin,,
CUST-962345,Zachary I. Dean,Male,49,62,"Production designer, theatre/television/film",No,No,United States,Wisconsin,,
CUST-437847,Connor J. Grant,Male,21,39,Advertising art director,No,No,United States,Wisconsin,,
CUST-518203,Oliver W. Turner,Male,32,38,"Secretary, company",No,No,United States,Wisconsin,,
CUST-526841,Isaac R. Parks,Male,38,60,Chiropractor,No,No,United States,Wisconsin,,
CUST-555084,Benjamin V. Lyons,Male,55,68,Medical laboratory scientific officer,No,No,United States,Wisconsin,,
CUST-862821,William U. Sandoval,Male,42,54,Barista,No,No,United States,Wisconsin,,
CUST-816069,Isaac J. Reeves,Male,26,41,Primary school teacher,No,No,United States,Wisconsin,,
CUST-926857,Alexander U. Rivera,Male,45,61,Chief Marketing Officer,No,No,United States,Wisconsin,,
CUST-292867,Alexander T. Manning,Male,55,70,Advertising account executive,No,No,United States,Wisconsin,,
CUST-311735,Alexander C. Reid,Male,39,53,Insurance claims handler,No,No,United States,Wisconsin,,
CUST-876302,Nathan J. Fernandez,Male,24,34,Government social research officer,No,No,United States,Wisconsin,,
CUST-946256,David Q. Miller,Male,46,71,Academic librarian,No,No,United States,Wisconsin,,
CUST-905309,Nathan R. Cunningham,Male,26,34,Sales promotion account executive,No,No,United States,Wisconsin,,
CUST-690133,Hunter Z. Stone,Male,60,69,Records manager,No,No,United States,Wisconsin,,
CUST-743895,Nicholas I. Reeves,Male,55,73,"Research officer, political party",No,No,United States,Wisconsin,,
CUST-550507,Isaac M. Matthews,Male,53,75,Volunteer coordinator,No,No,United States,Wisconsin,,
CUST-971242,Andrew Q. Salazar,Male,18,39,Tourism officer,No,No,United States,Wisconsin,,
CUST-713578,Jackson A. Coleman,Male,30,52,"Lighting technician, broadcasting/film/video",No,No,United States,Wisconsin,,
CUST-786748,David C. Ortiz,Male,21,33,Museum/gallery exhibitions officer,No,No,United States,Wisconsin,,
CUST-457669,Jack X. Washington,Male,33,57,"Engineer, civil (contracting)",No,No,United States,Wisconsin,,
CUST-151300,Joseph W. Graves,Male,53,75,"Surveyor, rural practice",No,No,United States,Wisconsin,,
CUST-466588,Daniel T. Craig,Male,33,53,Tourist information centre manager,No,No,United States,Wisconsin,,
CUST-424079,Nathan P. Grant,Male,59,69,Insurance risk surveyor,No,No,United States,Wisconsin,,
CUST-779543,Gabriel R. Cole,Male,33,43,Event organiser,No,No,United States,Wisconsin,,
CUST-520676,Benjamin U. Gross,Male,41,63,Veterinary surgeon,No,No,United States,Wisconsin,,
CUST-977604,Theodore Z. Tucker,Male,27,43,Energy engineer,No,No,United States,Wisconsin,,
CUST-530375,Aaron E. Sullivan,Male,50,68,Warehouse manager,No,No,United States,Wisconsin,,
CUST-810188,Benjamin W. Hunter,Male,53,74,Investment analyst,No,No,United States,Wisconsin,,
CUST-290715,Carter X. Ball,Male,44,58,Licensed conveyancer,No,No,United States,Wisconsin,,
CUST-314746,Lucas R. Munoz,Male,29,36,"Designer, fashion/clothing",No,No,United States,Wisconsin,,
CUST-924953,David B. Bowen,Male,31,45,Public affairs consultant,No,No,United States,Wisconsin,,
CUST-380375,David I. Larson,Male,28,37,Careers adviser,No,No,United States,Wisconsin,,
CUST-257001,Benjamin B. Dean,Male,46,49,Horticultural therapist,No,No,United States,Wisconsin,,
CUST-738225,Connor G. Oliver,Male,60,66,"Engineer, civil (consulting)",No,No,United States,Wisconsin,,
CUST-462525,Nicholas E. Holmes,Male,52,59,Illustrator,No,No,United States,Wisconsin,,
CUST-916465,Isaac N. Byrd,Male,23,26,"Presenter, broadcasting",No,No,United States,Wisconsin,,
CUST-447189,Nathan Z. Newton,Male,27,30,"Therapist, sports",No,No,United States,Wisconsin,,
CUST-665034,Nicholas I. Howell,Male,36,52,"Copywriter, advertising",No,No,United States,Wisconsin,,
CUST-607662,David V. Townsend,Male,29,38,"Designer, ceramics/pottery",No,No,United States,Wisconsin,,
CUST-613426,Benjamin D. Dixon,Male,52,59,Outdoor activities/education manager,No,No,United States,Wisconsin,,
CUST-698084,Oliver A. Steele,Male,59,63,TEFL teacher,No,No,United States,Wisconsin,,
CUST-820178,Owen P. Watkins,Male,52,61,"Psychotherapist, dance movement",No,No,United States,Wisconsin,,
CUST-984018,Jackson N. Douglas,Male,38,52,Systems developer,No,No,United States,Wisconsin,,
CUST-328570,Benjamin W. Goodman,Male,22,25,"Editor, magazine features",No,No,United States,Wisconsin,,
CUST-737491,Henry I. Morales,Male,23,32,Private music teacher,No,No,United States,Wisconsin,,
CUST-458805,Anthony D. Little,Male,48,54,Advice worker,No,No,United States,Wisconsin,,
CUST-484833,Thomas B. Estrada,Male,34,48,"Therapist, horticultural",No,No,United States,Wisconsin,,
CUST-486436,Thomas E. Powers,Male,42,61,Fitness centre manager,No,No,United States,Wisconsin,,
CUST-771076,Nathan I. Townsend,Male,25,49,Ecologist,No,No,United States,Wisconsin,,
CUST-309541,Gabriel S. Potter,Male,39,44,"Optician, dispensing",No,No,United States,Wisconsin,,
CUST-115020,Lucas I. Lawson,Male,31,45,"Engineer, agricultural",No,No,United States,Wisconsin,,
CUST-412059,Andrew J. Sherman,Male,42,60,Health service manager,No,No,United States,Wisconsin,,
CUST-432165,Dylan C. Reeves,Male,24,45,"Surveyor, insurance",No,No,United States,Wisconsin,,
CUST-315360,David P. Gonzales,Male,39,49,"Journalist, newspaper",No,No,United States,Wisconsin,,
CUST-688221,Caleb O. Lyons,Male,51,59,"Psychologist, clinical",No,No,United States,Wisconsin,,
CUST-998077,Alexander I. Cobb,Male,43,58,"Clinical scientist, histocompatibility and immunogenetics",No,No,United States,Wisconsin,,
CUST-471976,Joshua J. Crawford,Male,25,47,Risk manager,No,No,United States,Wisconsin,,
CUST-307299,Alexander Y. Myers,Male,28,35,Hydrologist,No,No,United States,Wisconsin,,
CUST-657982,Nathan C. Williamson,Male,20,36,"Surveyor, building control",No,No,United States,Wisconsin,,
CUST-102640,Gabriel S. Nichols,Male,27,37,Government social research officer,No,No,United States,Wisconsin,,
CUST-659865,Adam C. Sims,Male,50,64,Psychiatrist,No,No,United States,Wisconsin,,
CUST-922089,Hunter R. Flowers,Male,24,46,Company secretary,No,No,United States,Wisconsin,,
CUST-270082,Connor I. Stewart,Male,28,36,"Conservation officer, nature",No,No,United States,Wisconsin,,
CUST-601099,Jackson F. Goodwin,Male,47,62,Environmental health practitioner,No,No,United States,Wisconsin,,
CUST-793918,Isaac V. Jacobs,Male,59,74,Armed forces training and education officer,No,No,United States,Wisconsin,,
CUST-768269,Adam V. Oliver,Male,47,56,"Teacher, primary school",No,No,United States,Wisconsin,,
CUST-373318,Adam X. Malone,Male,22,25,Equities trader,No,No,United States,Wisconsin,,
CUST-406060,Matthew D. Clark,Male,19,34,Health visitor,No,No,United States,Wisconsin,,
CUST-137772,Carter V. Flores,Male,18,43,"Engineer, communications",No,No,United States,Wisconsin,,
CUST-562939,Andrew A. Oliver,Male,32,35,Wellsite geologist,No,No,United States,Wisconsin,,
CUST-351734,Matthew F. Mendez,Male,40,55,Manufacturing systems engineer,No,No,United States,Wisconsin,,
CUST-737803,Oliver Z. Cross,Male,21,42,Trade mark attorney,No,No,United States,Wisconsin,,
CUST-730418,Gabriel F. Barker,Male,35,45,Sport and exercise psychologist,No,No,United States,Wisconsin,,
CUST-473304,Nicholas Y. Simpson,Male,50,57,Research scientist (life sciences),No,No,United States,Wisconsin,,
CUST-745001,Adam T. Cobb,Male,44,51,Lawyer,No,No,United States,Wisconsin,,
CUST-725190,Charles Y. Blake,Male,38,42,Animal nutritionist,No,No,United States,Wisconsin,,
CUST-296608,Christopher L. Fisher,Male,36,53,Lawyer,No,No,United States,Wisconsin,,
CUST-259077,Henry G. Dunn,Male,47,65,"Conservation officer, historic buildings",No,No,United States,Wisconsin,,
CUST-310011,Jack O. Higgins,Male,33,38,Media planner,No,No,United States,Wisconsin,,
CUST-797965,Owen T. Freeman,Male,46,50,Video editor,No,No,United States,Wisconsin,,
CUST-671530,Daniel I. Chapman,Male,33,37,Technical author,No,No,United States,Wisconsin,,
CUST-803357,William Z. Keller,Male,48,64,Insurance broker,No,No,United States,Michigan,,
CUST-220507,Gabriel P. Estrada,Male,39,47,Water quality scientist,No,No,United States,Michigan,,
CUST-814682,Luke J. Cox,Male,58,79,Fast food restaurant manager,No,No,United States,Michigan,,
CUST-270373,Jackson V. Palmer,Male,26,27,Clinical embryologist,No,No,United States,Michigan,,
CUST-498265,Andrew A. Edwards,Male,19,29,"Buyer, retail",No,No,United States,Michigan,,
CUST-592625,Anthony N. Goodwin,Male,49,58,"Engineer, production",No,No,United States,Michigan,,
CUST-341454,Adam U. Hampton,Male,58,63,Location manager,No,No,United States,Michigan,,
CUST-247379,Daniel O. Howell,Male,37,42,Chartered public finance accountant,No,No,United States,Michigan,,
CUST-542362,Daniel I. Ingram,Male,60,78,Mechanical engineer,No,No,United States,Michigan,,
CUST-174352,Anthony J. Terry,Male,21,28,"Psychologist, sport and exercise",No,No,United States,Michigan,,
CUST-141656,Matthew X. Hodges,Male,48,72,Plant breeder/geneticist,No,No,United States,Michigan,,
CUST-551044,Austin H. Cole,Male,44,63,Materials engineer,No,No,United States,Michigan,,
CUST-386255,Dylan Y. Ellis,Male,40,57,Chief of Staff,No,No,United States,Michigan,,
CUST-653705,Jackson B. Steele,Male,58,70,Data scientist,No,No,United States,Michigan,,
CUST-878499,Dylan M. Simon,Male,32,56,"Designer, graphic",No,No,United States,Michigan,,
CUST-137636,Connor D. Reed,Male,28,52,Haematologist,No,No,United States,Michigan,,
CUST-653661,Dylan D. Brown,Male,24,39,Pharmacologist,No,No,United States,Michigan,,
CUST-351368,William Z. Hanson,Male,26,50,"Chemist, analytical",No,No,United States,Michigan,,
CUST-995569,Joshua O. Dunn,Male,59,62,"Conservation officer, nature",No,No,United States,Michigan,,
CUST-755967,Henry V. Brown,Male,44,48,"Radiographer, diagnostic",No,No,United States,Michigan,,
CUST-551197,Nicholas H. Newman,Male,21,28,Furniture conservator/restorer,No,No,United States,Michigan,,
CUST-712461,Jack Q. Cruz,Male,29,33,Tour manager,No,No,United States,Michigan,,
CUST-270749,William F. Woods,Male,42,59,"Engineer, manufacturing systems",No,No,United States,Michigan,,
CUST-944190,Theodore B. Steele,Male,55,65,Estate manager/land agent,No,No,United States,Michigan,,
CUST-558950,Austin G. Little,Male,24,46,Automotive engineer,No,No,United States,Michigan,,
CUST-211136,Zachary X. Conner,Male,57,65,Site engineer,No,No,United States,Michigan,,
CUST-604968,Hunter K. Hubbard,Male,40,63,Sales executive,No,No,United States,Michigan,,
CUST-620216,Joshua N. Wade,Male,33,42,Technical sales engineer,No,No,United States,Michigan,,
CUST-719933,James X. Anderson,Male,54,72,Bonds trader,No,No,United States,Michigan,,
CUST-541387,James H. Spencer,Male,40,53,Rural practice surveyor,No,No,United States,Michigan,,
CUST-681355,Theodore E. Griffith,Male,60,71,Private music teacher,No,No,United States,Michigan,,
CUST-959558,Dylan G. Cummings,Male,45,57,"Engineer, electronics",No,No,United States,Michigan,,
CUST-404676,Aaron F. Lynch,Male,21,37,"Geneticist, molecular",No,No,United States,Michigan,,
CUST-381074,Dylan G. Baldwin,Male,20,24,Fashion designer,No,No,United States,Michigan,,
CUST-350847,David C. Little,Male,22,44,"Nurse, adult",No,No,United States,Michigan,,
CUST-657225,David V. Frazier,Male,55,71,Sports administrator,No,No,United States,Michigan,,
CUST-823061,Oliver P. Green,Male,47,56,Land/geomatics surveyor,No,No,United States,Michigan,,
CUST-966385,Connor P. Barnes,Male,34,48,"Investment banker, corporate",No,No,United States,Michigan,,
CUST-437495,Christopher A. Sherman,Male,56,67,Quantity surveyor,No,No,United States,Michigan,,
CUST-698709,Austin F. Walters,Male,59,68,Special educational needs teacher,No,No,United States,Michigan,,
CUST-287611,Joshua A. Dixon,Male,32,44,Field seismologist,No,No,United States,Michigan,,
CUST-786838,Wyatt V. Medina,Male,49,72,Metallurgist,No,No,United States,Michigan,,
CUST-707469,Charles U. Chandler,Male,29,45,"Engineer, automotive",No,No,United States,Michigan,,
CUST-331742,Charles N. Reese,Male,22,37,Tax adviser,No,No,United States,Michigan,,
CUST-727935,Lucas J. Collins,Male,45,49,Paediatric nurse,No,No,United States,Michigan,,
CUST-426937,Luke L. Knight,Male,18,25,"Psychologist, prison and probation services",No,No,United States,Michigan,,
CUST-708007,Austin S. Hunt,Male,50,54,"Surveyor, commercial/residential",No,No,United States,Michigan,,
CUST-834640,Connor E. Todd,Male,23,46,Market researcher,No,No,United States,Michigan,,
CUST-178600,William X. Flores,Male,34,51,Operational researcher,No,No,United States,Michigan,,
CUST-978396,Adam K. Franklin,Male,28,47,Dramatherapist,No,No,United States,Michigan,,
CUST-606324,Nathan A. Greene,Male,60,76,Sales promotion account executive,No,No,United States,Michigan,,
CUST-564152,Dylan M. Erickson,Male,27,49,Quality manager,No,No,United States,Michigan,,
CUST-249857,Luke N. Vasquez,Male,42,51,Dealer,No,No,United States,Michigan,,
CUST-267591,Andrew X. Lewis,Male,28,38,Exhibition designer,No,No,United States,Michigan,,
CUST-709782,Jackson X. Hughes,Male,50,58,Economist,No,No,United States,Michigan,,
CUST-864619,Lucas J. Harvey,Male,53,57,Science writer,No,No,United States,Michigan,,
CUST-481506,Nathan C. Myers,Male,55,63,Aid worker,No,No,United States,Michigan,,
CUST-391589,Daniel F. May,Male,41,54,Glass blower/designer,No,No,United States,Michigan,,
CUST-713965,Andrew X. Nichols,Male,30,55,Contracting civil engineer,No,No,United States,Michigan,,
CUST-515975,Alexander K. Elliott,Male,22,34,Location manager,No,No,United States,Michigan,,
CUST-721130,Gabriel O. Santos,Male,31,40,Product/process development scientist,No,No,United States,Michigan,,
CUST-842094,Nathan H. Neal,Male,23,46,Human resources officer,No,No,United States,Michigan,,
CUST-649494,Gabriel H. Nguyen,Male,23,37,Television/film/video producer,No,No,United States,Michigan,,
CUST-589175,Daniel W. McDaniel,Male,55,79,Conference centre manager,No,No,United States,Michigan,,
CUST-643666,Luke M. Alexander,Male,48,49,Sub,No,No,United States,Michigan,,
CUST-128324,Thomas G. Jacobs,Male,53,57,"Conservation officer, nature",No,No,United States,Michigan,,
CUST-274035,Theodore W. Sims,Male,58,74,Counsellor,Yes,No,United States,Michigan,,
CUST-947237,David X. Potter,Male,49,60,Research scientist (medical),Yes,No,United States,Michigan,,
CUST-798338,Adam N. Neal,Male,36,56,Consulting civil engineer,Yes,No,United States,Michigan,,
CUST-159737,Gabriel J. Henry,Male,36,37,Housing manager/officer,Yes,No,United States,Michigan,,
CUST-665062,Henry J. Townsend,Male,57,59,Secretary/administrator,Yes,No,United States,Michigan,,
CUST-776186,Jack G. Rivera,Male,55,76,Radiation protection practitioner,Yes,No,United States,Michigan,,
CUST-160246,Charles T. Matthews,Male,28,46,Advertising account executive,Yes,No,United States,Michigan,,
CUST-524359,Dylan M. Simmons,Male,47,72,Pensions consultant,Yes,No,United States,Michigan,,
CUST-837205,Theodore Z. White,Male,34,44,Architectural technologist,Yes,No,United States,Michigan,,
CUST-334990,Matthew L. Graham,Male,38,62,Dealer,Yes,No,United States,Michigan,,
CUST-190279,Luke G. Rios,Male,26,30,Lexicographer,Yes,No,United States,Michigan,,
CUST-821021,Lucas Z. Bradley,Male,18,30,Site engineer,Yes,No,United States,Michigan,,
CUST-313471,Thomas G. Cooper,Male,21,37,"Engineer, maintenance",Yes,No,United States,Michigan,,
CUST-728414,Christopher F. Washington,Male,24,37,Multimedia specialist,Yes,No,United States,Michigan,,
CUST-287055,Lucas N. Nunez,Male,57,82,Market researcher,Yes,No,United States,Michigan,,
CUST-352806,Nicholas Q. Gross,Male,24,34,"Programme researcher, broadcasting/film/video",Yes,No,United States,Michigan,,
CUST-157833,Isaac L. Duncan,Male,47,63,Research scientist (medical),Yes,No,United States,Michigan,,
CUST-336670,Cameron N. Chambers,Male,43,58,Curator,Yes,No,United States,Michigan,,
CUST-659602,Jack A. Hale,Male,58,60,Higher education lecturer,Yes,No,United States,Michigan,,
CUST-680220,Aaron C. Ellis,Male,33,49,"Engineer, broadcasting (operations)",Yes,No,United States,Michigan,,
CUST-575659,Caleb Z. Long,Male,21,30,Chief Operating Officer,Yes,No,United States,Michigan,,
CUST-429704,Thomas P. Simpson,Male,51,65,Emergency planning/management officer,Yes,No,United States,Michigan,,
CUST-842707,Carter V. Castillo,Male,33,38,Clinical research associate,Yes,No,United States,Michigan,,
CUST-247772,Adam Z. Graves,Male,58,80,Chartered loss adjuster,Yes,No,United States,Michigan,,
CUST-493682,Cameron A. Banks,Male,54,79,Multimedia specialist,Yes,No,United States,Michigan,,
CUST-119355,Aaron A. Mendez,Male,29,44,"Programmer, applications",Yes,No,United States,Michigan,,
CUST-312513,Sebastian T. Wells,Male,53,60,Set designer,Yes,No,United States,Michigan,,
CUST-555856,Isaac M. Richardson,Male,26,35,Music therapist,Yes,No,United States,Michigan,,
CUST-805424,Austin T. Goodman,Male,22,27,"Scientist, clinical (histocompatibility and immunogenetics)",Yes,No,United States,Michigan,,
CUST-708986,Gabriel F. Garza,Male,56,80,"Lecturer, further education",Yes,No,United States,Michigan,,
CUST-184002,Jack N. Chandler,Male,57,68,Insurance account manager,Yes,No,United States,Michigan,,
CUST-420074,Alexander W. Frazier,Male,39,64,Music therapist,Yes,No,United States,Michigan,,
CUST-915846,Lucas M. Hicks,Male,60,83,"Engineer, production",Yes,No,United States,Michigan,,
CUST-129963,Lucas L. Wolfe,Male,19,33,Equality and diversity officer,Yes,No,United States,Michigan,,
CUST-895557,Owen X. Burgess,Male,50,65,Careers information officer,Yes,No,United States,Michigan,,
CUST-743824,Oliver D. Anderson,Male,18,24,Drilling engineer,Yes,No,United States,Michigan,,
CUST-966174,Dylan V. Freeman,Male,37,60,Company secretary,Yes,No,United States,Michigan,,
CUST-814160,Andrew S. Thomas,Male,45,51,"Scientist, research (maths)",Yes,No,United States,Michigan,,
CUST-715833,Caleb L. Morales,Male,48,60,Sports therapist,Yes,No,United States,Michigan,,
CUST-681825,Austin C. Barnes,Male,25,46,Set designer,Yes,No,United States,Michigan,,
CUST-342287,Oliver N. Schneider,Male,29,41,Database administrator,Yes,No,United States,Michigan,,
CUST-723270,Austin I. Morrison,Male,29,45,"Conservator, furniture",Yes,No,United States,Michigan,,
CUST-894743,Luke R. Perkins,Male,55,69,Mental health nurse,Yes,No,United States,Michigan,,
CUST-664949,Benjamin B. Williamson,Male,33,51,Jewellery designer,Yes,No,United States,Michigan,,
CUST-255070,Nathan T. Cannon,Male,30,53,Administrator,Yes,No,United States,Michigan,,
CUST-478304,Christopher E. Peters,Male,19,20,Local government officer,Yes,No,United States,Michigan,,
CUST-758883,Oliver G. Padilla,Male,27,50,Geoscientist,Yes,No,United States,Michigan,,
CUST-404474,William O. Brown,Male,53,70,Set designer,Yes,No,United States,Michigan,,
CUST-780304,Carter D. Washington,Male,23,47,Records manager,Yes,No,United States,Michigan,,
CUST-471170,Alexander S. Wright,Male,34,57,Local government officer,Yes,No,United States,Michigan,,
CUST-450819,Jackson N. Marshall,Male,54,69,"Exhibitions officer, museum/gallery",Yes,No,United States,Michigan,,
CUST-960034,Charles P. Bell,Male,21,29,"Optician, dispensing",Yes,No,United States,Michigan,,
CUST-920135,Benjamin K. Reese,Male,25,42,Curator,Yes,No,United States,Michigan,,
CUST-740361,Caleb Y. Mason,Male,28,49,Fitness centre manager,Yes,No,United States,Michigan,,
CUST-236066,Oliver C. Reyes,Male,30,39,Automotive engineer,Yes,No,United States,Michigan,,
CUST-404068,Benjamin N. Wells,Male,36,38,"Conservator, furniture",Yes,No,United States,Michigan,,
CUST-918683,Theodore W. Coleman,Male,25,43,Dance movement psychotherapist,Yes,No,United States,Michigan,,
CUST-974794,Benjamin E. Reed,Male,33,53,Higher education lecturer,Yes,No,United States,Michigan,,
CUST-944624,Owen M. Greer,Male,29,36,Applications developer,Yes,No,United States,Michigan,,
CUST-763540,Cameron A. Payne,Male,58,65,Technical author,Yes,No,United States,Michigan,,
CUST-371312,Zachary U. Watson,Male,43,48,Production engineer,Yes,No,United States,Michigan,,
CUST-120279,Jackson J. Watson,Male,36,43,"Teacher, primary school",Yes,No,United States,Michigan,,
CUST-257630,Theodore Q. Chapman,Male,57,60,Commissioning editor,Yes,No,United States,Michigan,,
CUST-328419,Luke J. Hughes,Male,54,61,Sub,Yes,Yes,United States,Michigan,,
CUST-702551,Oliver V. Holland,Male,56,72,Land,Yes,Yes,United States,Michigan,,
CUST-187392,Gabriel E. Alexander,Male,29,32,Pensions consultant,Yes,Yes,United States,Michigan,,
CUST-471701,Alexander N. Wise,Male,49,63,Dance movement psychotherapist,Yes,Yes,United States,Michigan,,
CUST-423673,Daniel H. Padilla,Male,23,27,Writer,Yes,Yes,United States,Michigan,,
CUST-504295,Alexander Q. Obrien,Male,45,59,Seismic interpreter,Yes,Yes,United States,Michigan,,
CUST-245167,Thomas T. Fitzgerald,Male,41,58,Politician's assistant,Yes,Yes,United States,Michigan,,
CUST-217501,Lucas J. Hawkins,Male,20,45,Location manager,Yes,Yes,United States,Michigan,,
CUST-803448,Aaron D. Jensen,Male,52,57,"Teacher, adult education",Yes,Yes,United States,Michigan,,
CUST-381049,Cameron I. Murray,Male,35,56,Outdoor activities/education manager,Yes,Yes,United States,Michigan,,
CUST-549619,Lucas F. Wheeler,Male,29,40,Tax inspector,Yes,Yes,United States,Michigan,,
CUST-437248,Wyatt F. Fox,Male,19,38,Hydrologist,Yes,Yes,United States,Michigan,,
CUST-555616,Austin G. McDonald,Male,23,39,Hydrogeologist,Yes,Yes,United States,Michigan,,
CUST-227445,Aaron V. Snyder,Male,30,37,Housing manager/officer,Yes,Yes,United States,Michigan,,
CUST-950880,William K. Burgess,Male,26,45,"Teacher, music",Yes,Yes,United States,Michigan,,
CUST-112328,Joseph M. Barber,Male,22,25,"Engineer, biomedical",Yes,Yes,United States,Michigan,,
CUST-401444,Daniel A. Hoffman,Male,59,60,Town planner,Yes,Yes,United States,Michigan,,
CUST-982333,Caleb Z. Cooper,Male,57,68,"Secretary, company",Yes,Yes,United States,Michigan,,
CUST-842494,Jackson A. Oliver,Male,18,40,Curator,Yes,Yes,United States,Michigan,,
CUST-366271,Adam V. Peterson,Male,38,45,Cartographer,Yes,Yes,United States,Michigan,,
CUST-171224,Jackson U. Sandoval,Male,59,75,"Accountant, chartered certified",Yes,Yes,United States,Michigan,,
CUST-187025,Jack Y. Rivera,Male,56,62,Proofreader,Yes,Yes,United States,Michigan,,
CUST-458948,Wyatt H. Hunter,Male,58,70,"Engineer, manufacturing",Yes,Yes,United States,Michigan,,
CUST-749721,David H. Evans,Male,44,55,Learning disability nurse,Yes,Yes,United States,Michigan,,
CUST-200510,Adam Z. Washington,Male,58,71,"Scientist, forensic",Yes,Yes,United States,Michigan,,
CUST-421115,Benjamin K. Francis,Male,35,49,Research scientist (medical),Yes,Yes,United States,Michigan,,
CUST-795646,Nathan E. Nguyen,Male,28,43,Diplomatic Services operational officer,Yes,Yes,United States,Michigan,,
CUST-378524,Wyatt R. Robinson,Male,53,77,"Therapist, sports",Yes,Yes,United States,Michigan,,
CUST-707022,James Z. Larson,Male,37,49,Photographer,Yes,Yes,United States,Michigan,,
CUST-299984,Christopher G. Bennett,Male,36,55,Higher education lecturer,Yes,Yes,United States,Michigan,,
CUST-624480,Andrew A. Moody,Male,25,30,Geographical information systems officer,Yes,Yes,United States,Michigan,,
CUST-724952,Benjamin X. Byrd,Male,37,47,"Secretary, company",Yes,Yes,United States,Michigan,,
CUST-464552,Aaron O. McCarthy,Male,50,59,Arts administrator,Yes,Yes,United States,Michigan,,
CUST-763746,Jack U. Sullivan,Male,36,61,Health promotion specialist,Yes,Yes,United States,Michigan,,
CUST-706599,Caleb X. Berry,Male,31,33,"Engineer, building services",Yes,Yes,United States,Michigan,,
CUST-569971,James Y. Taylor,Male,58,61,Fisheries officer,Yes,Yes,United States,Michigan,,
CUST-394469,Adam Z. Stanley,Male,60,74,Jewellery designer,Yes,Yes,United States,Michigan,,
CUST-488944,Thomas F. Pope,Male,54,78,Commercial horticulturist,Yes,Yes,United States,Michigan,,
CUST-579458,Charles D. Andrews,Male,43,67,Sales promotion account executive,Yes,Yes,United States,Michigan,,
CUST-215502,Thomas N. Simmons,Male,52,71,Retail manager,Yes,Yes,United States,Michigan,,
CUST-395604,Nicholas A. Estrada,Male,34,38,"Scientist, physiological",Yes,Yes,United States,Michigan,,
CUST-495421,Benjamin J. Silva,Male,46,53,"Doctor, hospital",Yes,Yes,United States,Michigan,,
CUST-192564,Joseph C. Colon,Male,18,43,"Therapist, music",Yes,Yes,United States,Michigan,,
CUST-396757,Benjamin T. Black,Male,59,61,Editorial assistant,Yes,Yes,United States,Michigan,,
CUST-305475,Gabriel B. Garrett,Male,34,37,Environmental health practitioner,Yes,Yes,United States,Michigan,,
CUST-473519,David K. Young,Male,49,64,"Scientist, research (medical)",Yes,Yes,United States,Michigan,,
CUST-199634,Matthew U. Schultz,Male,54,61,Multimedia specialist,Yes,Yes,United States,Michigan,,
CUST-274511,Sebastian L. Jensen,Male,29,44,Chartered public finance accountant,Yes,Yes,United States,Michigan,,
CUST-336707,Caleb H. Rowe,Male,20,44,Chief of Staff,Yes,Yes,United States,Michigan,,
CUST-849746,Isaac Q. Gonzales,Male,53,67,Aeronautical engineer,Yes,Yes,United States,Michigan,,
CUST-275548,William F. Todd,Male,31,43,Patent examiner,Yes,Yes,United States,Michigan,,
CUST-342050,Thomas R. May,Male,18,21,"Scientist, clinical (histocompatibility and immunogenetics)",Yes,Yes,United States,Michigan,,
CUST-482937,Owen A. Fitzgerald,Male,47,65,"Lecturer, further education",Yes,Yes,United States,Michigan,,
CUST-880830,Cameron C. Obrien,Male,29,51,Mudlogger,Yes,Yes,United States,Michigan,,
CUST-671501,Nathan X. Russell,Male,57,75,"Designer, fashion/clothing",Yes,Yes,United States,Michigan,,
CUST-355566,David C. Mullins,Male,52,74,Ceramics designer,Yes,Yes,United States,Michigan,,
CUST-174630,Isaac C. Goodman,Male,36,49,"Engineer, manufacturing systems",Yes,Yes,United States,Michigan,,
CUST-836991,Caleb F. Wells,Male,20,24,"Research officer, trade union",Yes,Yes,United States,Michigan,,
CUST-271696,Lucas Y. Brewer,Male,58,61,Data processing manager,Yes,Yes,United States,Michigan,,
CUST-248667,Caleb U. Gibbs,Male,43,55,Trade union research officer,Yes,Yes,United States,Michigan,,
CUST-496648,Carter I. Riley,Male,51,53,Chiropractor,Yes,Yes,United States,Michigan,,
CUST-594452,David F. Barker,Male,21,44,Geographical information systems officer,Yes,Yes,United States,Michigan,,
CUST-850259,Carter B. Murray,Male,29,37,Field trials officer,Yes,Yes,United States,Michigan,,
CUST-148511,Henry Q. Price,Male,50,68,Town planner,Yes,Yes,United States,Michigan,,
CUST-194987,Anthony C. Long,Male,47,72,"Engineer, communications",Yes,Yes,United States,Michigan,,
CUST-518093,Daniel U. Maldonado,Male,57,72,Travel agency manager,Yes,Yes,United States,Michigan,,
CUST-359125,Hunter X. Edwards,Male,47,72,"Sales professional, IT",Yes,Yes,United States,Michigan,,
CUST-783251,Oliver C. Ramos,Male,43,65,Phytotherapist,No,Yes,United States,Michigan,,
CUST-377661,William G. Snyder,Male,38,54,Aeronautical engineer,No,Yes,United States,Michigan,,
CUST-204445,Nathan W. Salazar,Male,48,64,Set designer,No,Yes,United States,Michigan,,
CUST-364121,Jack Q. George,Male,29,34,"Scientist, research (life sciences)",No,Yes,United States,Michigan,,
CUST-211762,Connor Z. Conner,Male,29,54,Systems analyst,No,Yes,United States,Michigan,,
CUST-937330,William V. Alvarado,Male,41,43,Chief Strategy Officer,No,Yes,United States,Michigan,,
CUST-650516,Cameron G. Perkins,Male,19,27,Learning mentor,No,Yes,United States,Michigan,,
CUST-675243,Jackson C. Barber,Male,27,41,Automotive engineer,No,Yes,United States,Michigan,,
CUST-338389,Owen O. Mullins,Male,20,21,Chief Financial Officer,No,Yes,United States,Michigan,,
CUST-892208,Aaron M. Myers,Male,27,47,Barrister's clerk,No,Yes,United States,Michigan,,
CUST-893959,Caleb F. Rhodes,Male,34,35,Primary school teacher,No,Yes,United States,Michigan,,
CUST-155342,Zachary K. Marshall,Male,54,79,Physiological scientist,No,Yes,United States,Michigan,,
CUST-927779,Charles Q. Evans,Male,25,41,"Copywriter, advertising",No,Yes,United States,Michigan,,
CUST-546502,Benjamin V. Graham,Male,34,35,Field seismologist,No,Yes,United States,Michigan,,
CUST-340263,Isaac C. Fleming,Male,21,35,Publishing copy,No,Yes,United States,Michigan,,
CUST-956022,Alexander Q. Schultz,Male,28,30,Probation officer,No,Yes,United States,Michigan,,
CUST-717680,James U. Schneider,Male,28,51,Community education officer,No,Yes,United States,Michigan,,
CUST-775097,Thomas Z. Warren,Male,56,67,"Engineer, mining",No,Yes,United States,Michigan,,
CUST-979574,David L. Sims,Male,24,25,Horticultural therapist,No,Yes,United States,Michigan,,
CUST-696288,Joshua R. Bennett,Male,51,65,"Surveyor, rural practice",No,Yes,United States,Michigan,,
CUST-628356,Carter Z. Wallace,Male,27,34,English as a foreign language teacher,No,Yes,United States,Michigan,,
CUST-465603,Christopher Y. Guerrero,Male,37,58,Quantity surveyor,No,Yes,United States,Michigan,,
CUST-688031,Carter I. Sutton,Male,18,32,Analytical chemist,No,Yes,United States,Michigan,,
CUST-844719,Gabriel N. Chandler,Male,60,73,Midwife,No,Yes,United States,Michigan,,
CUST-645188,Anthony R. Reeves,Male,24,48,"Surveyor, insurance",No,Yes,United States,Michigan,,
CUST-387957,Theodore K. Andrews,Male,34,43,Personnel officer,No,Yes,United States,Michigan,,
CUST-217516,Andrew K. Higgins,Male,48,70,Haematologist,No,Yes,United States,Michigan,,
CUST-356489,Hunter W. Peters,Male,51,72,"Designer, multimedia",No,Yes,United States,Michigan,,
CUST-790953,Daniel A. Douglas,Male,43,56,Amenity horticulturist,No,Yes,United States,Michigan,,
CUST-834442,James T. Watts,Male,29,40,Museum education officer,No,Yes,United States,Michigan,,
CUST-959746,Zachary R. Meyer,Male,31,38,Public house manager,No,Yes,United States,Michigan,,
CUST-330813,Owen P. Glover,Male,31,46,Horticultural therapist,No,Yes,United States,Michigan,,
CUST-195222,Benjamin A. Carlson,Male,31,44,Administrator,No,Yes,United States,Michigan,,
CUST-196283,Jackson K. Todd,Male,42,61,Insurance broker,No,Yes,United States,Michigan,,
CUST-228923,Theodore F. Cross,Male,19,44,Community education officer,No,Yes,United States,Michigan,,
CUST-457695,Connor O. Weaver,Male,40,54,"Scientist, biomedical",No,Yes,United States,Michigan,,
CUST-862421,Austin W. Lawrence,Male,43,47,"Editor, film/video",No,Yes,United States,Michigan,,
CUST-372548,Daniel B. Kennedy,Male,23,39,Communications engineer,No,Yes,United States,Michigan,,
CUST-444373,Benjamin Z. Willis,Male,27,32,"Lighting technician, broadcasting/film/video",No,Yes,United States,Michigan,,
CUST-820070,Oliver E. Castillo,Male,41,49,Database administrator,No,Yes,United States,Michigan,,
CUST-327581,Carter G. Crawford,Male,55,79,"Therapist, speech and language",No,Yes,United States,Michigan,,
CUST-395226,Zachary B. Peterson,Male,56,78,Estate manager/land agent,No,Yes,United States,Michigan,,
CUST-260764,James A. Barrett,Male,59,62,"Radiographer, therapeutic",No,Yes,United States,Michigan,,
CUST-715040,Henry C. Griffin,Male,34,47,Mining engineer,No,Yes,United States,Michigan,,
CUST-226883,Caleb I. Reed,Male,31,42,"Accountant, chartered public finance",No,Yes,United States,Michigan,,
CUST-586263,Matthew W. Hughes,Male,18,25,Counselling psychologist,No,Yes,United States,Michigan,,
CUST-149783,Hunter Q. Cooper,Male,55,56,Physiological scientist,No,Yes,United States,Michigan,,
CUST-659973,Lucas B. Hill,Male,51,68,Therapeutic radiographer,No,Yes,United States,Michigan,,
CUST-896533,Daniel G. Hansen,Male,50,68,Volunteer coordinator,No,Yes,United States,Michigan,,
CUST-319470,Anthony M. Turner,Male,27,34,Fitness centre manager,No,Yes,United States,Michigan,,
CUST-907644,Anthony R. Kim,Male,27,47,Civil Service fast streamer,No,Yes,United States,Michigan,,
CUST-111185,William L. Hanson,Male,41,59,"Development worker, community",No,Yes,United States,Michigan,,
CUST-151166,Oliver Q. Flores,Male,19,26,Learning mentor,No,Yes,United States,Michigan,,
CUST-520132,Dylan Q. Cummings,Male,45,48,"Psychologist, clinical",No,Yes,United States,Michigan,,
CUST-880221,Hunter U. King,Male,57,71,Warden/ranger,No,Yes,United States,Michigan,,
CUST-761175,David U. Beck,Male,29,49,Dancer,No,Yes,United States,Michigan,,
CUST-587834,Anthony D. Joseph,Male,31,52,Market researcher,No,Yes,United States,Michigan,,
CUST-950386,Isaac I. Garza,Male,36,45,Print production planner,No,Yes,United States,Michigan,,
CUST-319763,Aaron P. Bush,Male,38,48,"Education officer, community",No,Yes,United States,Michigan,,
CUST-910768,Andrew N. Brewer,Male,21,46,Medical sales representative,No,Yes,United States,Michigan,,
CUST-368684,Nathan H. Long,Male,19,25,"Therapist, horticultural",No,Yes,United States,Michigan,,
CUST-564193,Luke D. Munoz,Male,35,50,Software engineer,No,Yes,United States,Michigan,,
CUST-428895,Matthew S. Kelley,Male,36,44,"Engineer, civil (consulting)",No,Yes,United States,Michigan,,
CUST-994357,Caleb K. Mitchell,Male,31,54,"Psychotherapist, child",No,Yes,United States,Michigan,,
CUST-245505,Luke V. Salazar,Male,57,79,Local government officer,No,Yes,United States,Michigan,,
CUST-745560,Dylan M. Lucas,Male,59,76,"Lecturer, higher education",No,Yes,United States,Michigan,,
CUST-993490,Matthew H. Griffith,Male,23,47,Tax adviser,No,Yes,United States,Michigan,,
CUST-996036,Dylan H. Banks,Male,43,53,"Designer, jewellery",No,Yes,United States,Michigan,,
CUST-675830,Matthew Z. Price,Male,31,36,Building surveyor,No,Yes,United States,Michigan,,
CUST-759521,Dylan Y. Henderson,Male,41,49,Cabin crew,No,Yes,United States,Michigan,,
CUST-368719,Andrew S. Rivera,Male,35,41,Health service manager,Yes,No,United States,Georgia,,
CUST-466307,Isaac W. Hunter,Male,23,40,Probation officer,Yes,No,United States,Georgia,,
CUST-359177,Austin Z. McDonald,Male,53,74,Herbalist,Yes,No,United States,Georgia,,
CUST-170556,Aaron H. Padilla,Male,29,42,Television camera operator,Yes,No,United States,Georgia,,
CUST-783510,Christopher G. Tyler,Male,40,49,"Sound technician, broadcasting/film/video",Yes,Yes,United States,Georgia,,
CUST-798008,Wyatt H. Powers,Male,57,61,Tax adviser,Yes,No,United States,Georgia,,
CUST-630201,Sebastian O. Fernandez,Male,49,68,"Accountant, chartered management",Yes,No,United States,Georgia,,
CUST-475389,Wyatt B. Bennett,Male,43,45,"Geneticist, molecular",Yes,Yes,United States,Georgia,,
CUST-684703,Hunter R. Nguyen,Male,51,61,Retail manager,Yes,Yes,United States,Georgia,,
CUST-720031,Andrew N. Stevens,Male,36,61,Banker,Yes,Yes,United States,Georgia,,
CUST-252533,Oliver L. Powell,Male,51,72,Magazine features editor,Yes,Yes,United States,Georgia,,
CUST-686304,Adam W. Stewart,Male,43,60,General practice doctor,Yes,Yes,United States,Georgia,,
CUST-999087,Nicholas V. Cooper,Male,51,64,Chartered public finance accountant,Yes,Yes,United States,Georgia,,
CUST-631642,Zachary I. Colon,Male,27,37,Community development worker,Yes,Yes,United States,Georgia,,
CUST-977224,Hunter I. Butler,Male,47,53,Hydrographic surveyor,Yes,Yes,United States,Georgia,,
CUST-682616,Benjamin O. Vaughn,Male,46,65,"Copywriter, advertising",Yes,Yes,United States,Georgia,,
CUST-852975,Charles X. Floyd,Male,20,33,Futures trader,Yes,No,United States,Georgia,,
CUST-368316,Lucas O. Norris,Male,28,33,Chief Technology Officer,Yes,No,United States,Georgia,,
CUST-595843,Henry T. Quinn,Male,55,80,Contractor,Yes,No,United States,Georgia,,
CUST-753629,Austin G. Pope,Male,46,64,Osteopath,Yes,Yes,United States,Georgia,,
CUST-671033,Anthony N. Marshall,Male,54,68,Dealer,Yes,No,United States,Georgia,,
CUST-513310,Lucas M. Soto,Male,45,52,"Engineer, aeronautical",Yes,No,United States,Georgia,,
CUST-623580,Nicholas R. Washington,Male,58,82,"Teacher, music",Yes,Yes,United States,Georgia,,
CUST-468830,Henry B. Hale,Male,59,61,Industrial/product designer,Yes,Yes,United States,Georgia,,
CUST-202891,Cameron V. Brown,Male,20,31,Trading standards officer,Yes,Yes,United States,Georgia,,
CUST-248835,Theodore E. Pierce,Male,22,32,Marine scientist,Yes,No,United States,Georgia,,
CUST-891163,Nathan I. Haynes,Male,21,31,"Therapist, occupational",Yes,Yes,United States,Georgia,,
CUST-224570,Thomas V. Harrison,Male,51,52,Seismic interpreter,Yes,No,United States,Georgia,,
CUST-181375,Austin O. Norris,Male,55,70,Arts administrator,Yes,No,United States,Georgia,,
CUST-685593,Nicholas D. Welch,Male,33,56,Ophthalmologist,Yes,Yes,United States,Georgia,,
CUST-190874,Christopher Z. Phillips,Male,48,64,Early years teacher,Yes,No,United States,Georgia,,
CUST-260508,Adam V. Saunders,Male,55,67,Learning mentor,Yes,No,United States,Georgia,,
CUST-909379,Caleb B. Simon,Male,38,54,"Teacher, secondary school",Yes,Yes,United States,Georgia,,
CUST-997441,Theodore D. McGee,Male,52,70,Exhibition designer,Yes,No,United States,Georgia,,
CUST-375424,Anthony S. Goodman,Male,39,56,Best boy,Yes,Yes,United States,Georgia,,
CUST-331651,Andrew U. Dennis,Male,50,57,Proofreader,Yes,Yes,United States,Georgia,,
CUST-493684,Hunter B. Sherman,Male,34,46,"Engineer, automotive",Yes,No,United States,Georgia,,
CUST-447761,Thomas H. Rose,Male,35,60,Primary school teacher,Yes,No,United States,Georgia,,
CUST-553609,Lucas J. Warren,Male,56,69,Futures trader,Yes,Yes,United States,Georgia,,
CUST-606101,Nathan J. Holmes,Male,47,52,Geophysicist/field seismologist,Yes,No,United States,Georgia,,
CUST-543338,Owen T. Kennedy,Male,34,56,Volunteer coordinator,Yes,No,United States,Georgia,,
CUST-863763,Connor P. Haynes,Male,27,29,"Scientist, forensic",Yes,No,United States,Georgia,,
CUST-287151,Sebastian Z. Bryant,Male,40,56,Metallurgist,Yes,Yes,United States,Georgia,,
CUST-849528,Gabriel B. Robertson,Male,20,40,Research scientist (life sciences),Yes,No,United States,Georgia,,
CUST-220666,Zachary L. Cohen,Male,35,57,Information officer,Yes,Yes,United States,Georgia,,
CUST-554637,Luke I. Bryant,Male,29,47,Oceanographer,Yes,No,United States,Georgia,,
CUST-198094,Wyatt D. Glover,Male,21,29,Veterinary surgeon,Yes,No,United States,Georgia,,
CUST-746070,Jack C. Roberts,Male,20,26,Oceanographer,Yes,Yes,United States,Georgia,,
CUST-442186,Henry T. Willis,Male,57,77,Town planner,Yes,Yes,United States,Georgia,,
CUST-616694,Thomas Y. Cunningham,Male,24,37,Minerals surveyor,Yes,No,United States,Georgia,,
CUST-556997,Austin N. Todd,Male,32,48,Dealer,Yes,No,United States,Georgia,,
CUST-681023,Joseph F. Rose,Male,44,66,"Psychotherapist, dance movement",Yes,Yes,United States,Georgia,,
CUST-167252,Thomas B. Little,Male,52,74,Health and safety adviser,Yes,Yes,United States,Georgia,,
CUST-941228,Gabriel R. West,Male,39,47,"Runner, broadcasting/film/video",Yes,Yes,United States,Georgia,,
CUST-815195,Adam J. Hubbard,Male,37,44,"Editor, commissioning",Yes,Yes,United States,Georgia,,
CUST-873417,Jackson E. Porter,Male,38,52,Structural engineer,Yes,No,United States,Georgia,,
CUST-267422,Jack I. Ramsey,Male,52,67,"Accountant, chartered certified",Yes,Yes,United States,Georgia,,
CUST-697795,Joshua N. Young,Male,55,70,Commercial horticulturist,Yes,Yes,United States,Georgia,,
CUST-194333,Matthew M. Tucker,Male,31,41,"Surveyor, building control",Yes,No,United States,Georgia,,
CUST-270166,William J. Waters,Male,32,46,Information systems manager,Yes,Yes,United States,Georgia,,
CUST-603000,Carter B. Porter,Male,52,72,Art therapist,Yes,Yes,United States,Georgia,,
CUST-170136,Luke Q. Berry,Male,18,31,Animal nutritionist,Yes,No,United States,Georgia,,
CUST-587099,Connor W. Hampton,Male,55,67,Pensions consultant,Yes,No,United States,Georgia,,
CUST-668618,Aaron B. Becker,Male,31,44,Building services engineer,Yes,No,United States,Georgia,,
CUST-557889,Alexander N. Hardy,Male,55,77,Event organiser,Yes,No,United States,Georgia,,
CUST-605432,Nicholas A. Sandoval,Male,33,50,Warehouse manager,Yes,Yes,United States,Georgia,,
CUST-869363,Jackson U. Paul,Male,31,50,Academic librarian,Yes,No,United States,Georgia,,
CUST-137736,Nathan I. Wallace,Male,55,66,"Education officer, museum",Yes,No,United States,Georgia,,
CUST-474000,William K. Hubbard,Male,24,46,Tax adviser,Yes,No,United States,Georgia,,
CUST-361534,Cameron P. Simon,Male,60,85,Financial planner,Yes,No,United States,Georgia,,
CUST-496295,Wyatt V. Pope,Male,54,72,Counselling psychologist,Yes,Yes,United States,Georgia,,
CUST-743432,Charles L. Sherman,Male,20,22,TEFL teacher,Yes,Yes,United States,Georgia,,
CUST-382022,Connor Y. Cooper,Male,20,23,Lawyer,Yes,Yes,United States,Georgia,,
CUST-107178,Luke F. Patton,Male,56,72,"Teacher, special educational needs",Yes,Yes,United States,Georgia,,
CUST-732769,Joshua B. Osborne,Male,34,55,Best boy,Yes,Yes,United States,Georgia,,
CUST-952571,Oliver M. Butler,Male,31,32,Water engineer,Yes,Yes,United States,Georgia,,
CUST-352926,Caleb I. Miles,Male,45,66,Museum/gallery curator,Yes,No,United States,Georgia,,
CUST-602633,Aaron G. Clark,Male,30,48,Patent examiner,Yes,Yes,United States,Georgia,,
CUST-294823,Cameron O. Henderson,Male,54,71,Comptroller,Yes,Yes,United States,Georgia,,
CUST-924087,Nathan Y. Gardner,Male,19,36,Barrister,Yes,Yes,United States,Georgia,,
CUST-317815,Owen W. Armstrong,Male,60,70,"Engineer, aeronautical",Yes,Yes,United States,Georgia,,
CUST-703883,Hunter U. Stevens,Male,54,68,Historic buildings inspector/conservation officer,Yes,Yes,United States,Georgia,,
CUST-537501,Wyatt T. Thompson,Male,26,50,Dramatherapist,Yes,Yes,United States,Georgia,,
CUST-263247,Joshua Z. Dawson,Male,25,33,Further education lecturer,Yes,Yes,United States,Georgia,,
CUST-856037,Benjamin P. Simmons,Male,56,65,Chartered legal executive (England and Wales),Yes,No,United States,Georgia,,
CUST-311672,Nicholas B. Delgado,Male,33,49,Police officer,Yes,No,United States,Georgia,,
CUST-752996,Adam P. Hart,Male,44,47,Armed forces operational officer,Yes,No,United States,Georgia,,
CUST-511357,Henry O. Martin,Male,43,63,"Therapist, drama",Yes,Yes,United States,Georgia,,
CUST-658553,David X. Harrison,Male,30,31,Maintenance engineer,Yes,Yes,United States,Georgia,,
CUST-970666,Luke E. Taylor,Male,41,64,"Investment banker, operational",Yes,Yes,United States,Georgia,,
CUST-193255,Aaron T. Woods,Male,21,37,"Civil engineer, consulting",Yes,Yes,United States,Georgia,,
CUST-298130,Benjamin F. Elliott,Male,51,73,IT sales professional,Yes,Yes,United States,Georgia,,
CUST-460793,Carter Q. Erickson,Male,35,54,Cytogeneticist,No,Yes,United States,Georgia,,
CUST-989457,Adam K. Chambers,Male,26,35,Commercial horticulturist,No,Yes,United States,Georgia,,
CUST-430828,William X. Wilson,Male,33,56,Patent attorney,No,Yes,United States,Georgia,,
CUST-493903,Luke Q. Chandler,Male,38,48,Secondary school teacher,No,Yes,United States,Georgia,,
CUST-413266,Gabriel N. Palmer,Male,47,51,Politician's assistant,No,Yes,United States,Georgia,,
CUST-631415,Carter M. Thomas,Male,52,60,Amenity horticulturist,No,Yes,United States,Georgia,,
CUST-829233,Matthew R. Todd,Male,23,36,Education administrator,No,Yes,United States,Georgia,,
CUST-587390,Carter O. Payne,Male,52,67,Hydrologist,No,Yes,United States,Georgia,,
CUST-362433,Joshua D. Carroll,Male,53,57,"Sound technician, broadcasting/film/video",No,Yes,United States,Georgia,,
CUST-543381,Luke O. Thompson,Male,56,62,Metallurgist,No,Yes,United States,Georgia,,
CUST-533737,Lucas M. Holland,Male,37,60,Art therapist,No,Yes,United States,Georgia,,
CUST-429113,Wyatt W. Adkins,Male,26,37,Statistician,No,Yes,United States,Georgia,,
CUST-146737,Isaac K. Griffin,Male,22,34,Exhibition designer,No,Yes,United States,Georgia,,
CUST-643107,Luke W. Fowler,Male,57,80,Insurance risk surveyor,No,Yes,United States,Georgia,,
CUST-693188,Sebastian H. Griffith,Male,53,78,"Programmer, applications",No,Yes,United States,Georgia,,
CUST-812097,David H. Moody,Male,19,44,IT trainer,No,Yes,United States,Georgia,,
CUST-980486,Gabriel N. Hansen,Male,53,59,Adult nurse,No,Yes,United States,Georgia,,
CUST-568256,Joshua C. Nelson,Male,34,45,Government social research officer,No,Yes,United States,Georgia,,
CUST-844082,Wyatt J. Soto,Male,20,23,Sales promotion account executive,No,Yes,United States,Georgia,,
CUST-726230,Thomas Y. Malone,Male,23,33,Radio broadcast assistant,No,Yes,United States,Georgia,,
CUST-220002,Charles L. Coleman,Male,50,65,Music tutor,No,Yes,United States,Georgia,,
CUST-507431,Henry P. Bates,Male,57,74,Patent attorney,No,Yes,United States,Georgia,,
CUST-989846,Aaron S. Hanson,Male,39,56,Planning and development surveyor,No,Yes,United States,Georgia,,
CUST-556904,Wyatt Q. Knight,Male,39,46,Nature conservation officer,No,Yes,United States,Georgia,,
CUST-514350,Sebastian O. Fuller,Male,52,74,Community education officer,No,Yes,United States,Georgia,,
CUST-172647,Hunter S. Barker,Male,21,44,Environmental consultant,No,Yes,United States,Georgia,,
CUST-769277,Henry J. Rios,Male,43,46,Air traffic controller,No,Yes,United States,Georgia,,
CUST-929927,Lucas T. Hopkins,Male,19,31,"Solicitor, Scotland",No,Yes,United States,Georgia,,
CUST-869481,Sebastian C. Franklin,Male,27,39,Risk manager,No,Yes,United States,Georgia,,
CUST-264452,William M. Nguyen,Male,30,52,Marine scientist,No,Yes,United States,Georgia,,
CUST-119653,Cameron B. Perkins,Male,52,57,Lobbyist,No,Yes,United States,Georgia,,
CUST-809535,Carter M. Stephens,Male,37,40,"Chemist, analytical",No,Yes,United States,Georgia,,
CUST-857022,William M. Shaw,Male,46,65,Industrial/product designer,No,Yes,United States,Georgia,,
CUST-461829,Caleb C. Delgado,Male,50,63,"Psychologist, occupational",No,Yes,United States,Georgia,,
CUST-169115,Isaac J. Webster,Male,35,51,Water engineer,No,Yes,United States,Georgia,,
CUST-991904,Cameron Q. Cobb,Male,57,78,Outdoor activities/education manager,No,Yes,United States,Georgia,,
CUST-576442,Daniel V. Barker,Male,28,42,Building control surveyor,No,Yes,United States,Georgia,,
CUST-478874,Austin O. Long,Male,36,47,"Lecturer, higher education",No,Yes,United States,Georgia,,
CUST-411316,Dylan X. Lawson,Male,36,61,Tourist information centre manager,No,Yes,United States,Georgia,,
CUST-892309,Carter I. Wright,Male,48,68,Clinical biochemist,No,Yes,United States,Georgia,,
CUST-955002,Joseph I. Williams,Male,25,32,Community education officer,No,Yes,United States,Georgia,,
CUST-265331,Benjamin Q. Jenkins,Male,55,56,"Engineer, drilling",No,Yes,United States,Georgia,,
CUST-731071,Nathan E. Stone,Male,45,65,Commercial horticulturist,No,Yes,United States,Georgia,,
CUST-308462,Benjamin Q. Garza,Male,19,37,Applications developer,No,Yes,United States,Georgia,,
CUST-870351,Theodore B. Wolfe,Male,25,34,Fine artist,No,Yes,United States,Georgia,,
CUST-286779,Joshua E. Harmon,Male,51,52,"Exhibitions officer, museum/gallery",No,Yes,United States,Georgia,,
CUST-772181,Austin P. McDaniel,Male,20,31,Magazine journalist,No,Yes,United States,Georgia,,
CUST-646545,Luke V. Cruz,Male,38,60,"Lighting technician, broadcasting/film/video",No,Yes,United States,Georgia,,
CUST-544185,David E. Black,Male,30,45,Conference centre manager,No,Yes,United States,Georgia,,
CUST-172388,William L. Hicks,Male,26,34,"Scientist, research (physical sciences)",No,Yes,United States,Georgia,,
CUST-984948,David Q. Knight,Male,51,75,Ranger/warden,No,No,United States,Georgia,,
CUST-601877,Jack J. Shaw,Male,25,32,Arts administrator,No,No,United States,Georgia,,
CUST-167856,Cameron Z. Barrett,Male,48,52,"Engineer, civil (contracting)",No,No,United States,Georgia,,
CUST-872255,Nicholas S. Clark,Male,39,48,Trading standards officer,No,No,United States,Georgia,,
CUST-962776,Joshua U. Fields,Male,34,43,Public librarian,No,No,United States,Georgia,,
CUST-712084,Carter O. Salazar,Male,51,72,Tax adviser,No,No,United States,Georgia,,
CUST-193924,Christopher A. Becker,Male,36,48,Immunologist,No,No,United States,Georgia,,
CUST-917521,Joshua S. Lane,Male,31,32,Social worker,No,No,United States,Georgia,,
CUST-834228,Luke S. Waters,Male,18,42,"Horticulturist, amenity",No,No,United States,Georgia,,
CUST-140763,Henry S. Norman,Male,31,39,Theatre stage manager,No,No,United States,Georgia,,
CUST-363301,Austin S. Henderson,Male,31,35,Private music teacher,No,No,United States,Georgia,,
CUST-671898,Owen V. Stanley,Male,50,55,Advertising account planner,No,No,United States,Georgia,,
CUST-564406,Jack M. Morales,Male,38,63,Passenger transport manager,No,No,United States,Georgia,,
CUST-277869,Henry V. Miles,Male,23,43,IT trainer,No,No,United States,Georgia,,
CUST-250071,Zachary O. Neal,Male,34,57,Equities trader,No,No,United States,Georgia,,
CUST-436225,Isaac R. Sherman,Male,39,61,Risk analyst,No,No,United States,Georgia,,
CUST-354703,Christopher P. Hardy,Male,46,65,Toxicologist,No,No,United States,Georgia,,
CUST-166774,Nathan P. Edwards,Male,44,57,Camera operator,No,No,United States,Georgia,,
CUST-418604,Joseph M. Griffith,Male,21,23,"Development worker, community",No,No,United States,Georgia,,
CUST-708888,Gabriel C. Patton,Male,23,31,"Designer, fashion/clothing",No,No,United States,Georgia,,
CUST-866716,Joseph H. Stanley,Male,21,35,Biomedical engineer,No,No,United States,Georgia,,
CUST-126067,Zachary V. Haynes,Male,51,71,Insurance claims handler,No,No,United States,Georgia,,
CUST-531607,Joseph S. Webster,Male,56,71,"Horticulturist, commercial",No,No,United States,Georgia,,
CUST-706096,Nathan I. Hughes,Male,58,80,"Designer, interior/spatial",No,No,United States,Georgia,,
CUST-671444,Matthew K. Malone,Male,45,51,Personal assistant,No,No,United States,Georgia,,
CUST-794460,Henry U. Leonard,Male,48,62,Geophysical data processor,No,No,United States,Georgia,,
CUST-634821,Nathan M. Medina,Male,40,57,Clinical psychologist,No,No,United States,Georgia,,
CUST-674084,Austin R. Bates,Male,25,29,Broadcast journalist,No,No,United States,Georgia,,
CUST-395175,Theodore V. Wolfe,Male,53,65,Counselling psychologist,No,No,United States,Georgia,,
CUST-438476,Dylan N. Barrett,Male,21,27,Special educational needs teacher,No,No,United States,Georgia,,
CUST-462541,Dylan U. Williams,Male,29,31,Magazine journalist,No,No,United States,Georgia,,
CUST-454275,Joseph K. Cobb,Male,27,48,Agricultural engineer,No,No,United States,Georgia,,
CUST-275839,Andrew Z. Kim,Male,37,57,Arboriculturist,No,No,United States,Georgia,,
CUST-617294,Charles R. Grant,Male,39,44,"Administrator, arts",No,No,United States,Georgia,,
CUST-195178,Daniel X. Morris,Male,35,40,"Conservation officer, nature",No,No,United States,Georgia,,
CUST-714252,Andrew J. Maldonado,Male,38,58,Geophysical data processor,No,No,United States,Georgia,,
CUST-675547,Henry R. Chandler,Male,53,70,Magazine journalist,No,No,United States,Georgia,,
CUST-841485,Aaron Y. Lambert,Male,46,63,Academic librarian,No,No,United States,Georgia,,
CUST-598470,Daniel D. Robertson,Male,58,63,Phytotherapist,No,No,United States,Georgia,,
CUST-155734,Benjamin K. Burgess,Male,49,59,"Production designer, theatre/television/film",No,No,United States,Georgia,,
CUST-633591,Caleb H. Jennings,Male,23,33,Community arts worker,No,No,United States,Georgia,,
CUST-407036,Luke P. Butler,Male,46,55,"Engineer, materials",No,No,United States,Georgia,,
CUST-583735,Aaron P. Becker,Male,36,37,Retail manager,No,No,United States,Georgia,,
CUST-364389,Nicholas O. Sullivan,Male,27,42,Claims inspector/assessor,No,No,United States,Georgia,,
CUST-510803,Joshua A. Francis,Male,31,39,Garment/textile technologist,No,No,United States,Georgia,,
CUST-999904,Carter B. Little,Male,19,23,Financial planner,No,No,United States,Georgia,,
CUST-368560,Anthony C. Griffin,Male,23,37,Broadcast journalist,No,No,United States,Georgia,,
CUST-456530,Nicholas V. Wells,Male,58,62,Chief Technology Officer,No,No,United States,Georgia,,
CUST-604803,Nathan V. Ball,Male,49,60,"Buyer, retail",No,No,United States,Georgia,,
CUST-367356,Christopher B. Reyes,Male,18,34,Ecologist,No,No,United States,Georgia,,
CUST-949915,Anthony V. Murray,Male,55,75,"Designer, furniture",No,No,United States,Georgia,,
CUST-892530,David K. Nelson,Male,34,43,Advice worker,No,No,United States,Georgia,,
CUST-291694,Lucas I. Cole,Male,31,43,Armed forces logistics/support/administrative officer,No,No,United States,Georgia,,
CUST-314621,Isaac X. Stevens,Male,48,66,Administrator,No,No,United States,Georgia,,
CUST-998197,Connor G. Simmons,Male,58,78,Corporate investment banker,No,No,United States,Georgia,,
CUST-576510,Oliver V. Carter,Male,55,56,Research scientist (maths),No,No,United States,Georgia,,
CUST-511646,Zachary I. Harvey,Male,55,70,Architectural technologist,No,No,United States,Georgia,,
CUST-744133,Charles Y. Rodgers,Male,42,43,"Conservation officer, historic buildings",No,No,United States,Georgia,,
CUST-519215,Jackson N. Davis,Male,37,58,Astronomer,No,No,United States,Georgia,,
CUST-174883,Theodore P. Ellis,Male,41,50,IT trainer,No,No,United States,Georgia,,
CUST-791230,Henry Y. Terry,Male,34,51,Veterinary surgeon,No,No,United States,Georgia,,
CUST-640150,Isaac Q. Floyd,Male,28,45,Medical illustrator,No,No,United States,Georgia,,
CUST-464025,Adam L. Hansen,Male,27,44,Marine scientist,No,No,United States,Georgia,,
CUST-536525,Christopher N. Holmes,Male,26,40,Medical technical officer,No,No,United States,Georgia,,
CUST-990135,Cameron T. Benson,Male,32,33,Arts development officer,No,No,United States,Georgia,,
CUST-124839,Charles D. White,Male,22,33,Product manager,No,No,United States,Georgia,,
CUST-131726,William O. Kennedy,Male,34,58,"Surveyor, building control",No,No,United States,Ohio,,
CUST-513831,Cameron E. Ortiz,Male,30,41,"Accountant, chartered",No,No,United States,Ohio,,
CUST-339348,Jack S. Nichols,Male,26,47,"Engineer, drilling",No,Yes,United States,Ohio,,
CUST-313028,Lucas M. Colon,Male,18,42,Advice worker,No,No,United States,Ohio,,
CUST-766446,Matthew P. McGee,Male,43,65,"Investment banker, operational",No,Yes,United States,Ohio,,
CUST-309222,Nicholas I. Schneider,Male,18,27,Geochemist,No,No,United States,Ohio,,
CUST-417086,Theodore V. Herrera,Male,47,68,Technical sales engineer,No,Yes,United States,Ohio,,
CUST-795192,Theodore P. Chandler,Male,43,52,"Scientist, research (life sciences)",No,No,United States,Ohio,,
CUST-803040,Alexander U. Maldonado,Male,45,64,"Therapist, drama",No,Yes,United States,Ohio,,
CUST-472478,Sebastian I. Gibbs,Male,54,56,Purchasing manager,No,Yes,United States,Ohio,,
CUST-507668,Hunter G. Nichols,Male,21,31,Health and safety adviser,No,Yes,United States,Ohio,,
CUST-768251,Gabriel X. Sutton,Male,44,49,"Journalist, newspaper",No,No,United States,Ohio,,
CUST-743818,Lucas K. Myers,Male,46,64,"Psychologist, occupational",No,No,United States,Ohio,,
CUST-512272,Daniel F. Cole,Male,21,24,Careers adviser,No,Yes,United States,Ohio,,
CUST-294263,Caleb E. Daniel,Male,48,68,Estate agent,No,Yes,United States,Ohio,,
CUST-205208,Daniel G. James,Male,50,61,Barrister,No,No,United States,Ohio,,
CUST-924825,Aaron A. Cox,Male,40,64,Ergonomist,No,No,United States,Ohio,,
CUST-417674,Sebastian A. Watson,Male,37,49,Health and safety adviser,No,Yes,United States,Ohio,,
CUST-509607,Dylan Z. Hill,Male,38,42,Hospital doctor,No,Yes,United States,Ohio,,
CUST-728188,Zachary P. Robinson,Male,55,60,"Teacher, early years/pre",No,Yes,United States,Ohio,,
CUST-662383,Christopher H. George,Male,33,36,Hydrologist,No,Yes,United States,Ohio,,
CUST-926930,Henry S. Keller,Male,42,67,Chartered accountant,No,No,United States,Ohio,,
CUST-946725,Cameron U. Conner,Male,57,67,Advertising account planner,No,Yes,United States,Ohio,,
CUST-366503,Jack U. Gray,Male,18,29,Health visitor,No,No,United States,Ohio,,
CUST-635613,Joseph D. Weber,Male,52,53,Web designer,No,Yes,United States,Ohio,,
CUST-907837,Austin I. Stevenson,Male,59,67,"Therapist, occupational",No,No,United States,Ohio,,
CUST-480077,Joseph K. Neal,Male,50,72,"Engineer, land",No,No,United States,Ohio,,
CUST-297800,Andrew J. McKinney,Male,47,60,Furniture designer,No,No,United States,Ohio,,
CUST-906159,Theodore Z. Romero,Male,52,74,English as a second language teacher,No,Yes,United States,Ohio,,
CUST-276827,William B. Farmer,Male,24,27,Medical laboratory scientific officer,No,Yes,United States,Ohio,,
CUST-358152,Benjamin O. Castro,Male,40,43,"Teacher, special educational needs",No,Yes,United States,Ohio,,
CUST-254692,Dylan Z. Ortiz,Male,29,39,Chief Strategy Officer,No,Yes,United States,Ohio,,
CUST-643484,Thomas O. Fields,Male,35,56,Cartographer,No,Yes,United States,Ohio,,
CUST-650158,Gabriel I. McKinney,Male,37,52,Architectural technologist,No,No,United States,Ohio,,
CUST-751671,Hunter P. Tyler,Male,56,73,Technical sales engineer,No,No,United States,Ohio,,
CUST-304958,Lucas J. Arnold,Male,41,56,Secretary/administrator,No,Yes,United States,Ohio,,
CUST-905752,Isaac X. Reid,Male,38,57,"Solicitor, Scotland",No,No,United States,Ohio,,
CUST-424077,Jack E. Johnston,Male,32,44,"Conservator, furniture",No,No,United States,Ohio,,
CUST-166889,Wyatt X. Simmons,Male,40,58,Ophthalmologist,No,Yes,United States,Ohio,,
CUST-958573,Isaac G. Lindsey,Male,57,79,Homeopath,No,No,United States,Ohio,,
CUST-963410,Nicholas S. Moore,Male,52,55,Armed forces technical officer,No,Yes,United States,Ohio,,
CUST-160889,Nicholas X. Wells,Male,54,76,Acupuncturist,No,No,United States,Ohio,,
CUST-352537,Jackson M. Davidson,Male,59,82,Toxicologist,No,No,United States,Ohio,,
CUST-988168,Nathan U. Estrada,Male,24,44,"Social research officer, government",No,No,United States,Ohio,,
CUST-382671,Nathan X. Dawson,Male,32,38,Automotive engineer,No,Yes,United States,Ohio,,
CUST-738106,Wyatt J. Hughes,Male,29,46,Photographer,No,No,United States,Ohio,,
CUST-136248,Matthew L. Larson,Male,58,74,"Administrator, arts",No,No,United States,Ohio,,
CUST-653644,William Y. Fisher,Male,50,52,"Accountant, chartered certified",No,No,United States,Ohio,,
CUST-883102,Aaron T. Phillips,Male,26,44,"Engineer, building services",No,Yes,United States,Ohio,,
CUST-330886,Sebastian P. Cox,Male,57,71,Editorial assistant,No,No,United States,Ohio,,
CUST-106339,Alexander O. Fitzgerald,Male,24,49,Broadcast presenter,No,Yes,United States,Ohio,,
CUST-884598,Joshua S. Boyd,Male,37,53,Ecologist,No,Yes,United States,Ohio,,
CUST-952497,Sebastian F. Waters,Male,47,59,Management consultant,No,No,United States,Ohio,,
CUST-232937,Anthony H. Flowers,Male,43,62,"Biochemist, clinical",No,No,United States,Ohio,,
CUST-343418,Joshua S. Evans,Male,33,46,Transport planner,No,No,United States,Ohio,,
CUST-109874,Carter X. Campbell,Male,44,58,Archaeologist,No,No,United States,Ohio,,
CUST-786951,James F. Hawkins,Male,20,29,Land/geomatics surveyor,No,No,United States,Ohio,,
CUST-344674,Isaac G. Chavez,Male,55,71,Writer,No,No,United States,Ohio,,
CUST-434292,William F. Ramos,Male,58,78,Planning and development surveyor,No,No,United States,Ohio,,
CUST-915899,Christopher M. Foster,Male,28,32,"Designer, television/film set",No,Yes,United States,Ohio,,
CUST-627530,Christopher V. Greer,Male,32,47,Occupational hygienist,No,Yes,United States,Ohio,,
CUST-806893,Adam W. Powell,Male,49,73,Phytotherapist,No,No,United States,Ohio,,
CUST-229488,Sebastian F. Howard,Male,47,70,"Scientist, research (physical sciences)",No,No,United States,Ohio,,
CUST-683928,Lucas X. Page,Male,49,64,"Designer, blown glass/stained glass",No,No,United States,Ohio,,
CUST-866032,Sebastian U. Swanson,Male,58,69,Public affairs consultant,No,No,United States,Ohio,,
CUST-999829,Caleb S. Hoffman,Male,33,57,"Teacher, music",No,No,United States,Ohio,,
CUST-320481,Owen T. Gordon,Male,31,47,"Radiographer, therapeutic",No,Yes,United States,Ohio,,
CUST-915069,Nathan I. Estrada,Male,58,61,Chiropractor,No,No,United States,Ohio,,
CUST-345687,Owen B. Ruiz,Male,32,52,"Designer, interior/spatial",No,No,United States,Ohio,,
CUST-818994,Theodore X. Love,Male,55,62,Actor,No,No,United States,Ohio,,
CUST-874772,Oliver V. Byrd,Male,25,28,Communications engineer,No,Yes,United States,Ohio,,
CUST-631158,Aaron I. Patterson,Male,25,35,"Civil engineer, consulting",No,Yes,United States,Ohio,,
CUST-748129,Dylan K. Norris,Male,32,49,Insurance account manager,No,Yes,United States,Ohio,,
CUST-632955,Charles W. Marshall,Male,54,55,TEFL teacher,No,Yes,United States,Ohio,,
CUST-152261,Joshua A. Schultz,Male,53,68,Futures trader,No,No,United States,Ohio,,
CUST-112699,Adam N. Ball,Male,22,31,Ophthalmologist,No,No,United States,Ohio,,
CUST-734787,Isaac W. Fitzgerald,Male,57,59,"Surveyor, land/geomatics",No,Yes,United States,Ohio,,
CUST-288516,William P. Wilson,Male,23,39,Pensions consultant,No,Yes,United States,Ohio,,
CUST-142920,Carter B. Santos,Male,30,40,Systems developer,No,No,United States,Ohio,,
CUST-442586,Connor U. Blake,Male,52,58,"Surveyor, building control",No,Yes,United States,Ohio,,
CUST-902199,Isaac W. Silva,Male,53,69,Press photographer,No,Yes,United States,Ohio,,
CUST-515989,Alexander A. Goodwin,Male,36,59,Air cabin crew,No,Yes,United States,Ohio,,
CUST-377035,Anthony N. Paul,Male,23,34,Homeopath,No,No,United States,Ohio,,
CUST-943504,Gabriel U. Guzman,Male,19,30,Oncologist,No,Yes,United States,Ohio,,
CUST-261961,Wyatt I. Graham,Male,58,63,"Editor, film/video",No,Yes,United States,Ohio,,
CUST-435055,Cameron H. Moody,Male,45,66,IT consultant,No,No,United States,Ohio,,
CUST-278839,Cameron X. Vargas,Male,45,53,"Engineer, maintenance",No,No,United States,Ohio,,
CUST-160893,Joseph K. Reid,Male,53,56,Chartered public finance accountant,No,No,United States,Ohio,,
CUST-594309,Daniel T. Reeves,Male,49,73,Social researcher,No,No,United States,Ohio,,
CUST-560411,Lucas C. Glover,Male,21,32,"Geologist, wellsite",No,Yes,United States,Ohio,,
CUST-418726,Connor R. Stokes,Male,32,39,"Engineer, civil (consulting)",No,Yes,United States,Ohio,,
CUST-212933,Joseph M. Love,Male,36,57,Hospital doctor,No,No,United States,Ohio,,
CUST-994905,Joshua G. Fernandez,Male,18,29,Airline pilot,No,No,United States,Ohio,,
CUST-647697,Caleb J. Fox,Male,36,56,Network engineer,No,Yes,United States,Ohio,,
CUST-213564,Matthew D. Mendoza,Male,46,61,Patent attorney,No,No,United States,Ohio,,
CUST-267319,Christopher G. Harper,Male,31,42,Applications developer,No,No,United States,Ohio,,
CUST-958009,Zachary E. Guzman,Male,55,75,Hydrographic surveyor,No,Yes,United States,Ohio,,
CUST-908436,Isaac N. Tyler,Male,52,72,Technical sales engineer,No,Yes,United States,Ohio,,
CUST-219052,William F. Snyder,Male,54,62,"Therapist, drama",No,No,United States,Ohio,,
CUST-531377,Alexander E. Kim,Male,56,75,Herpetologist,No,No,United States,Ohio,,
CUST-488310,Anthony C. Gilbert,Male,46,70,"Education officer, environmental",No,Yes,United States,Ohio,,
CUST-287635,Dylan B. Hayes,Male,39,47,Transport planner,No,Yes,United States,Ohio,,
CUST-265681,Cameron Q. Ortiz,Male,30,32,"Accountant, chartered management",No,Yes,United States,Ohio,,
CUST-959621,Charles V. Bryant,Male,29,42,Charity officer,No,Yes,United States,Ohio,,
CUST-696860,Daniel N. Hughes,Male,55,66,Arts development officer,No,No,United States,Ohio,,
CUST-564470,James X. Brown,Male,36,52,Phytotherapist,No,No,United States,Ohio,,
CUST-670558,Hunter F. Stewart,Male,26,28,Television floor manager,No,No,United States,Ohio,,
CUST-530366,Nathan C. Mendoza,Male,26,31,"Engineer, biomedical",Yes,Yes,United States,Ohio,,
CUST-165865,Matthew S. Watkins,Male,43,56,Transport planner,Yes,Yes,United States,Ohio,,
CUST-495939,Anthony V. Hunt,Male,52,72,Research scientist (medical),Yes,No,United States,Ohio,,
CUST-640529,Jack K. Williamson,Male,48,49,"Engineer, energy",Yes,Yes,United States,Ohio,,
CUST-247892,Dylan S. McCarthy,Male,36,41,"Conservator, furniture",Yes,Yes,United States,Ohio,,
CUST-129630,Alexander S. Simpson,Male,22,29,Solicitor,Yes,Yes,United States,Ohio,,
CUST-502949,Charles E. Wilson,Male,18,20,Public librarian,Yes,No,United States,Ohio,,
CUST-249902,Carter U. Franklin,Male,43,45,Hospital doctor,Yes,Yes,United States,Ohio,,
CUST-234916,Gabriel R. Turner,Male,28,39,"Education officer, environmental",Yes,Yes,United States,Ohio,,
CUST-466518,Cameron U. Erickson,Male,24,48,Hospital pharmacist,Yes,No,United States,Ohio,,
CUST-922040,Wyatt Q. May,Male,51,66,"Scientist, audiological",Yes,Yes,United States,Ohio,,
CUST-153402,Oliver D. Newton,Male,58,63,"Geologist, engineering",Yes,Yes,United States,Ohio,,
CUST-136173,Dylan A. Jordan,Male,51,59,Health and safety inspector,Yes,No,United States,Ohio,,
CUST-246430,Thomas H. Daniels,Male,42,50,"Designer, interior/spatial",Yes,Yes,United States,Ohio,,
CUST-222596,Daniel K. Mendez,Male,46,55,"Psychotherapist, dance movement",Yes,No,United States,Ohio,,
CUST-853289,Daniel J. Joseph,Male,30,45,Astronomer,Yes,No,United States,Ohio,,
CUST-809712,Henry D. Peters,Male,37,60,"Conservation officer, historic buildings",Yes,Yes,United States,Ohio,,
CUST-852752,James F. Sutton,Male,55,65,"Optician, dispensing",Yes,Yes,United States,Ohio,,
CUST-398863,Carter N. Schultz,Male,21,27,Financial adviser,Yes,Yes,United States,Ohio,,
CUST-238335,Zachary D. Watts,Male,24,48,Armed forces logistics/support/administrative officer,Yes,Yes,United States,Ohio,,
CUST-582373,Christopher A. Montgomery,Male,51,54,Forest/woodland manager,Yes,No,United States,Ohio,,
CUST-355612,Owen H. Bell,Male,38,56,Chief Operating Officer,Yes,Yes,United States,Ohio,,
CUST-969515,Alexander B. Henry,Male,54,74,Learning mentor,Yes,Yes,United States,Ohio,,
CUST-879649,Thomas T. Farmer,Male,59,76,Actor,Yes,No,United States,Ohio,,
CUST-442349,Andrew A. Hopkins,Male,29,48,Plant breeder/geneticist,Yes,No,United States,Ohio,,
CUST-570898,Aaron H. Rivera,Male,19,30,Conference centre manager,Yes,No,United States,Ohio,,
CUST-474809,Daniel J. Steele,Male,43,62,Animator,Yes,No,United States,Ohio,,
CUST-495440,Jackson G. Estrada,Male,44,46,Warden/ranger,Yes,Yes,United States,Ohio,,
CUST-375780,Anthony E. Davidson,Male,21,22,Nutritional therapist,Yes,Yes,United States,Ohio,,
CUST-201634,Isaac O. Miles,Male,54,72,Barrister,Yes,No,United States,Ohio,,
CUST-709801,Lucas H. Hale,Male,47,64,Charity fundraiser,Yes,No,United States,Ohio,,
CUST-703097,Jackson M. Arnold,Male,32,46,Land,Yes,Yes,United States,Ohio,,
CUST-597781,Adam Z. Fletcher,Male,49,68,"Education officer, museum",Yes,Yes,United States,Ohio,,
CUST-303479,Jack G. Garza,Male,25,36,Counselling psychologist,Yes,Yes,United States,Ohio,,
CUST-964130,Sebastian B. Leonard,Male,24,30,"Development worker, community",Yes,No,United States,Ohio,,
CUST-998228,Andrew R. Lynch,Male,28,50,"Buyer, industrial",Yes,No,United States,Ohio,,
CUST-616279,Isaac L. Kim,Male,37,42,"Research officer, trade union",Yes,Yes,United States,Ohio,,
CUST-179508,Oliver G. Lambert,Male,45,65,Translator,Yes,Yes,United States,Ohio,,
CUST-799493,Connor Y. Weber,Male,22,29,"Engineer, drilling",Yes,Yes,United States,Ohio,,
CUST-747056,David N. Price,Male,20,42,Chief Financial Officer,Yes,Yes,United States,Ohio,,
CUST-723937,Lucas D. Cook,Male,53,66,"Surveyor, quantity",Yes,No,United States,Ohio,,
CUST-128186,David T. Hayes,Male,18,20,Clinical research associate,Yes,No,United States,Ohio,,
CUST-479287,Jackson D. Rose,Male,60,85,Materials engineer,Yes,No,United States,Ohio,,
CUST-294512,Hunter Q. Beck,Male,28,36,Historic buildings inspector/conservation officer,Yes,No,United States,Ohio,,
CUST-900691,Henry K. Terry,Male,48,72,"Surveyor, building control",Yes,Yes,United States,Ohio,,
CUST-239168,Caleb U. Thomas,Male,49,58,Administrator,Yes,No,United States,Ohio,,
CUST-741904,Connor T. Waters,Male,53,76,Paediatric nurse,Yes,Yes,United States,Ohio,,
CUST-819874,Dylan D. Medina,Male,43,60,Best boy,Yes,Yes,United States,Ohio,,
CUST-289940,Benjamin K. Ellis,Male,39,51,"Designer, exhibition/display",Yes,Yes,United States,Ohio,,
CUST-421205,Hunter P. Ortega,Male,34,47,"Therapist, art",Yes,No,United States,Ohio,,
CUST-215817,Christopher H. Roberts,Male,25,45,Phytotherapist,Yes,Yes,United States,Ohio,,
CUST-130356,Caleb P. Herrera,Male,40,53,Clinical embryologist,Yes,No,United States,Ohio,,
CUST-736444,Nathan E. Nunez,Male,46,70,Manufacturing systems engineer,Yes,Yes,United States,Ohio,,
CUST-935374,Oliver Z. Hines,Male,29,34,Rural practice surveyor,Yes,No,United States,Ohio,,
CUST-751622,Joseph J. Gilbert,Male,42,55,Public house manager,Yes,No,United States,Ohio,,
CUST-167205,Oliver K. Palmer,Male,22,42,Building services engineer,Yes,Yes,United States,Ohio,,
CUST-256082,Thomas F. Fisher,Male,26,38,"Engineer, aeronautical",Yes,Yes,United States,Ohio,,
CUST-395752,Wyatt W. Burton,Male,47,57,"Scientist, research (medical)",Yes,Yes,United States,Ohio,,
CUST-572178,Joseph M. Craig,Male,27,46,Tour manager,Yes,No,United States,Ohio,,
CUST-512422,Jack H. Berry,Male,36,39,Newspaper journalist,Yes,No,United States,Ohio,,
CUST-194470,Daniel L. Fuller,Male,27,38,Dispensing optician,Yes,No,United States,Ohio,,
CUST-360736,Alexander R. Thornton,Male,59,79,Customer service manager,Yes,No,United States,Ohio,,
CUST-943717,Jack B. Kennedy,Male,42,57,Product manager,Yes,Yes,United States,Ohio,,
CUST-229242,Carter P. Butler,Male,60,65,Sports therapist,Yes,No,United States,Ohio,,
CUST-559302,Owen P. Walton,Male,55,62,"Designer, multimedia",Yes,Yes,United States,Ohio,,
CUST-386249,Jackson Z. Diaz,Male,58,74,"Editor, commissioning",Yes,Yes,United States,Ohio,,
CUST-946768,Andrew I. Osborne,Male,36,47,Sports coach,Yes,No,United States,Ohio,,
CUST-561798,Benjamin V. Ortega,Male,21,46,Colour technologist,Yes,Yes,United States,Ohio,,
CUST-300650,Benjamin C. Berry,Male,29,33,Facilities manager,Yes,Yes,United States,Ohio,,
CUST-426405,Joseph B. Snyder,Male,20,39,Banker,Yes,Yes,United States,Ohio,,
CUST-800294,Benjamin J. Barnett,Male,56,79,Community education officer,Yes,Yes,United States,Ohio,,
CUST-943800,Jackson U. Chandler,Male,60,77,Animal technologist,Yes,Yes,United States,Ohio,,
CUST-682715,Sebastian P. Turner,Male,55,70,"Nurse, children's",Yes,No,United States,Ohio,,
CUST-908477,Sebastian I. Nguyen,Male,31,56,"Accountant, chartered public finance",Yes,Yes,United States,Ohio,,
CUST-766969,Gabriel I. Wood,Male,57,70,"Psychotherapist, dance movement",Yes,Yes,United States,Ohio,,
CUST-967935,Oliver S. Mason,Male,23,45,"Surveyor, building control",Yes,No,United States,Ohio,,
CUST-707706,Alexander Z. Waters,Male,49,67,Illustrator,Yes,No,United States,Ohio,,
CUST-469397,Thomas V. Wallace,Male,57,59,Multimedia programmer,Yes,Yes,United States,Ohio,,
CUST-929353,William U. Jordan,Male,23,29,Firefighter,Yes,No,United States,Ohio,,
CUST-152498,Jack Y. Miller,Male,31,53,Garment/textile technologist,Yes,Yes,United States,Ohio,,
CUST-484924,David Y. Greene,Male,21,39,Police officer,Yes,No,United States,Ohio,,
CUST-666182,James V. Dawson,Male,43,62,Medical sales representative,Yes,Yes,United States,Ohio,,
CUST-511736,Cameron M. Ross,Male,35,48,Warehouse manager,Yes,No,United States,Ohio,,
CUST-286546,Daniel S. Campbell,Male,25,34,Fish farm manager,Yes,No,United States,Ohio,,
CUST-868943,Charles N. Gibbs,Male,19,33,Theatre director,Yes,Yes,United States,Ohio,,
CUST-725605,Wyatt F. Carr,Male,24,44,"Merchandiser, retail",Yes,Yes,United States,Ohio,,
CUST-963803,Austin R. Wise,Male,23,35,Ecologist,Yes,Yes,United States,Ohio,,
CUST-238140,Gabriel I. Gray,Male,54,69,TEFL teacher,Yes,No,United States,Ohio,,
CUST-560354,Joseph G. Barker,Male,46,70,"Exhibitions officer, museum/gallery",Yes,No,United States,Ohio,,
CUST-187104,Wyatt Z. Smith,Male,33,55,Building surveyor,Yes,No,United States,Ohio,,
CUST-208783,Thomas T. Carr,Male,53,61,Garment/textile technologist,Yes,Yes,United States,Ohio,,
CUST-845626,Adam H. Caldwell,Male,39,40,Retail buyer,Yes,Yes,United States,Ohio,,
CUST-874257,Jackson G. Waters,Male,59,66,Environmental consultant,No,Yes,United States,Indiana,,
CUST-545735,Connor O. Edwards,Male,40,45,"Engineer, energy",No,Yes,United States,Indiana,,
CUST-498545,Gabriel N. McGee,Male,23,42,Engineering geologist,No,Yes,United States,Indiana,,
CUST-200830,Matthew T. Rose,Male,54,63,Risk analyst,No,No,United States,Indiana,,
CUST-282315,Nicholas J. Mack,Male,20,36,"Engineer, electronics",No,Yes,United States,Indiana,,
CUST-412943,Luke O. Neal,Male,48,49,Land/geomatics surveyor,No,No,United States,Indiana,,
CUST-112567,Alexander L. Erickson,Male,35,47,Psychotherapist,No,No,United States,Indiana,,
CUST-445649,Charles W. Farmer,Male,52,57,"Engineer, agricultural",No,No,United States,Indiana,,
CUST-382891,Cameron I. Walters,Male,23,26,Psychotherapist,No,Yes,United States,Indiana,,
CUST-258736,Joshua I. Oliver,Male,39,52,"Investment banker, corporate",No,Yes,United States,Indiana,,
CUST-624367,Jack D. Ortega,Male,31,45,Advertising account executive,No,Yes,United States,Indiana,,
CUST-424664,Gabriel G. Estrada,Male,42,53,"Engineer, automotive",No,No,United States,Indiana,,
CUST-120058,Dylan S. Greer,Male,44,51,Immunologist,No,Yes,United States,Indiana,,
CUST-987442,Joseph K. Moody,Male,18,38,Public relations account executive,No,No,United States,Indiana,,
CUST-279744,Nicholas O. Salazar,Male,31,48,Tree surgeon,No,No,United States,Indiana,,
CUST-100117,Aaron F. Goodwin,Male,18,21,"Education officer, museum",No,No,United States,Indiana,,
CUST-113415,Luke T. Francis,Male,55,57,IT sales professional,No,No,United States,Indiana,,
CUST-992430,Isaac I. Jenkins,Male,41,44,Barista,No,No,United States,Indiana,,
CUST-472045,Lucas P. Mills,Male,47,69,Materials engineer,No,No,United States,Indiana,,
CUST-301047,Aaron W. Salazar,Male,57,75,Dance movement psychotherapist,No,Yes,United States,Indiana,,
CUST-303419,Zachary F. Schmidt,Male,39,62,"Engineer, control and instrumentation",No,Yes,United States,Indiana,,
CUST-783599,Dylan G. Steele,Male,50,67,Bookseller,No,Yes,United States,Indiana,,
CUST-942541,Owen T. Goodwin,Male,57,69,Mental health nurse,No,No,United States,Indiana,,
CUST-960830,Anthony M. Garza,Male,51,54,Charity fundraiser,No,No,United States,Indiana,,
CUST-382937,Austin G. Doyle,Male,55,71,Lawyer,No,No,United States,Indiana,,
CUST-854779,Lucas V. Reynolds,Male,42,46,Ophthalmologist,No,Yes,United States,Indiana,,
CUST-774332,Jack Q. Burton,Male,39,64,Chartered public finance accountant,No,No,United States,Indiana,,
CUST-581713,Oliver I. Murphy,Male,49,63,"Administrator, Civil Service",No,No,United States,Indiana,,
CUST-180119,Owen V. Graham,Male,20,42,Charity fundraiser,No,Yes,United States,Indiana,,
CUST-266091,Zachary U. Rose,Male,26,44,Chief Strategy Officer,No,No,United States,Indiana,,
CUST-566027,Theodore M. Hunt,Male,53,59,Careers adviser,No,No,United States,Indiana,,
CUST-838437,Carter I. Henderson,Male,56,57,Ceramics designer,No,No,United States,Indiana,,
CUST-464833,David W. Rhodes,Male,36,37,Haematologist,No,Yes,United States,Indiana,,
CUST-760530,Anthony R. Lowe,Male,50,57,Catering manager,No,No,United States,Indiana,,
CUST-417043,Aaron L. Black,Male,55,77,Quantity surveyor,No,No,United States,Indiana,,
CUST-101520,Connor F. Barnett,Male,54,73,Dancer,No,Yes,United States,Indiana,,
CUST-625891,Joshua Y. Herrera,Male,47,70,Quality manager,No,Yes,United States,Indiana,,
CUST-206076,Nicholas Y. Pena,Male,49,64,Secondary school teacher,No,Yes,United States,Indiana,,
CUST-421992,Joseph L. Silva,Male,30,38,"Teacher, early years/pre",No,No,United States,Indiana,,
CUST-490853,Benjamin A. Wade,Male,47,59,Minerals surveyor,No,No,United States,Indiana,,
CUST-448781,Aaron J. Peters,Male,20,22,"Engineer, petroleum",No,Yes,United States,Indiana,,
CUST-795610,Connor G. Stevens,Male,32,39,"Editor, magazine features",No,No,United States,Indiana,,
CUST-606930,Cameron E. Romero,Male,44,64,Sports coach,No,Yes,United States,Indiana,,
CUST-113203,Henry O. Wade,Male,18,19,Learning mentor,No,No,United States,Indiana,,
CUST-442231,Daniel S. Hale,Male,36,43,Educational psychologist,No,No,United States,Indiana,,
CUST-320268,Christopher X. Chavez,Male,18,41,Horticultural therapist,No,No,United States,Indiana,,
CUST-675711,Thomas Y. Castillo,Male,52,67,Neurosurgeon,No,No,United States,Indiana,,
CUST-969660,Charles L. Knight,Male,55,77,Television/film/video producer,No,No,United States,Indiana,,
CUST-310812,Oliver C. Silva,Male,35,51,Animal technologist,No,No,United States,Indiana,,
CUST-130822,Benjamin P. Becker,Male,19,41,Animal technologist,No,Yes,United States,Indiana,,
CUST-212274,Gabriel P. Jennings,Male,58,79,"Radiographer, diagnostic",No,No,United States,Indiana,,
CUST-342370,Joseph U. Becker,Male,38,45,Professor Emeritus,No,No,United States,Indiana,,
CUST-396709,James U. Fowler,Male,53,55,Artist,No,No,United States,Indiana,,
CUST-759978,David Z. Welch,Male,23,34,Lexicographer,No,Yes,United States,Indiana,,
CUST-631546,Caleb W. Shelton,Male,59,83,Educational psychologist,No,No,United States,Indiana,,
CUST-290918,Adam T. Shaw,Male,43,46,Dancer,No,Yes,United States,Indiana,,
CUST-751935,Charles C. Green,Male,30,46,Customer service manager,No,Yes,United States,Indiana,,
CUST-754547,Henry B. Moody,Male,55,77,Water engineer,No,No,United States,Indiana,,
CUST-453892,Oliver I. Greene,Male,39,62,Multimedia specialist,No,Yes,United States,Indiana,,
CUST-701063,Dylan P. Stone,Male,37,58,Chartered certified accountant,No,No,United States,Indiana,,
CUST-477699,Connor P. Holt,Male,24,35,Actuary,No,No,United States,Indiana,,
CUST-521737,Isaac L. Ramsey,Male,43,46,"Scientist, research (maths)",No,No,United States,Indiana,,
CUST-891219,Alexander Y. Campbell,Male,24,43,Furniture conservator/restorer,No,No,United States,Indiana,,
CUST-746536,Benjamin T. Mullins,Male,20,26,"Geologist, engineering",No,Yes,United States,Indiana,,
CUST-274210,Zachary X. Gonzales,Male,21,27,Control and instrumentation engineer,No,Yes,United States,Indiana,,
CUST-581128,David D. Warren,Male,54,74,Actuary,No,Yes,United States,Indiana,,
CUST-349777,Caleb B. McCoy,Male,43,55,"Producer, radio",No,Yes,United States,Indiana,,
CUST-258235,Andrew N. Hawkins,Male,22,34,Public relations officer,No,Yes,United States,Indiana,,
CUST-260960,James J. Daniel,Male,46,65,Radio producer,No,Yes,United States,Indiana,,
CUST-960516,Joshua M. Walters,Male,45,66,Politician's assistant,No,No,United States,Indiana,,
CUST-867626,Oliver Q. Mack,Male,57,80,Musician,No,No,United States,Indiana,,
CUST-156825,Isaac N. Ferguson,Male,27,48,Prison officer,No,No,United States,Indiana,,
CUST-482465,Austin C. Alexander,Male,44,61,"Engineer, electronics",No,Yes,United States,Indiana,,
CUST-827332,Nathan Z. Paul,Male,47,58,Retail manager,No,Yes,United States,Indiana,,
CUST-734949,Connor A. Simmons,Male,37,52,Community development worker,No,No,United States,Indiana,,
CUST-496091,Joseph T. Dean,Male,48,49,Equality and diversity officer,No,No,United States,Indiana,,
CUST-378790,Luke Q. Wade,Male,53,72,Industrial/product designer,No,Yes,United States,Indiana,,
CUST-589531,Isaac K. Robertson,Male,29,49,"Administrator, arts",No,Yes,United States,Indiana,,
CUST-368759,Gabriel L. Miles,Male,28,44,Production manager,No,Yes,United States,Indiana,,
CUST-974766,Thomas E. Cooper,Male,31,33,Clinical biochemist,No,Yes,United States,Indiana,,
CUST-355626,Benjamin I. Fernandez,Male,22,44,Financial controller,No,Yes,United States,Indiana,,
CUST-223333,Thomas O. Fowler,Male,45,61,Forensic psychologist,Yes,Yes,United States,Indiana,,
CUST-784393,Nicholas N. Pearson,Male,47,62,"Investment banker, corporate",Yes,No,United States,Indiana,,
CUST-743129,Isaac T. Cummings,Male,33,56,Rural practice surveyor,Yes,Yes,United States,Indiana,,
CUST-129635,Daniel R. Pena,Male,30,54,"Nurse, learning disability",Yes,Yes,United States,Indiana,,
CUST-565753,Luke V. Silva,Male,42,45,Therapeutic radiographer,Yes,Yes,United States,Indiana,,
CUST-589049,Zachary D. Gutierrez,Male,50,70,"Administrator, charities/voluntary organisations",Yes,Yes,United States,Indiana,,
CUST-614666,Adam Q. Bowen,Male,25,41,Civil Service administrator,Yes,No,United States,Indiana,,
CUST-360060,Cameron P. Cooper,Male,47,53,Interpreter,Yes,Yes,United States,Indiana,,
CUST-717978,Gabriel I. Graves,Male,49,70,Pensions consultant,Yes,Yes,United States,Indiana,,
CUST-709671,Luke C. Young,Male,21,44,Community education officer,Yes,No,United States,Indiana,,
CUST-639148,David V. Joseph,Male,25,32,Passenger transport manager,Yes,Yes,United States,Indiana,,
CUST-512448,Nathan E. Harrison,Male,21,30,Curator,Yes,No,United States,Indiana,,
CUST-997529,Charles K. Holt,Male,50,51,"Programmer, systems",Yes,No,United States,Indiana,,
CUST-512862,Cameron J. Lambert,Male,39,61,Chartered public finance accountant,Yes,Yes,United States,Indiana,,
CUST-650951,Alexander Y. Newman,Male,44,69,Microbiologist,Yes,No,United States,Indiana,,
CUST-126969,Joshua W. McGee,Male,34,57,"Engineer, petroleum",Yes,Yes,United States,Indiana,,
CUST-829721,Joseph V. Pierce,Male,29,51,Chief of Staff,Yes,Yes,United States,Indiana,,
CUST-429869,Thomas T. Miles,Male,48,56,Fashion designer,Yes,No,United States,Indiana,,
CUST-605659,Aaron A. Castillo,Male,47,61,Research scientist (physical sciences),Yes,Yes,United States,Indiana,,
CUST-955618,Nathan A. Miller,Male,58,73,Translator,Yes,No,United States,Indiana,,
CUST-381572,Isaac P. Schmidt,Male,51,57,"Civil engineer, consulting",Yes,No,United States,Indiana,,
CUST-562224,Cameron I. Guzman,Male,54,64,Museum/gallery curator,Yes,No,United States,Indiana,,
CUST-710190,Luke W. Hampton,Male,45,48,Food technologist,Yes,Yes,United States,Indiana,,
CUST-521131,David H. Lane,Male,38,44,Contracting civil engineer,Yes,Yes,United States,Indiana,,
CUST-121115,Owen Z. Shaw,Male,35,37,Environmental consultant,Yes,Yes,United States,Indiana,,
CUST-746194,Aaron O. Clark,Male,32,49,"Engineer, electronics",Yes,No,United States,Indiana,,
CUST-791078,Matthew Z. Butler,Male,42,55,Technical brewer,Yes,No,United States,Indiana,,
CUST-183132,Lucas M. Terry,Male,53,68,Orthoptist,Yes,No,United States,Indiana,,
CUST-918519,Jack B. Harper,Male,34,38,Financial risk analyst,Yes,Yes,United States,Indiana,,
CUST-210118,Luke D. Gutierrez,Male,45,48,Press photographer,Yes,Yes,United States,Indiana,,
CUST-291759,Caleb O. Howell,Male,60,72,Plant breeder/geneticist,Yes,Yes,United States,Indiana,,
CUST-789741,Carter A. Porter,Male,31,46,Further education lecturer,Yes,Yes,United States,Indiana,,
CUST-673758,Jackson J. Barrett,Male,50,74,Human resources officer,Yes,Yes,United States,Indiana,,
CUST-703821,Cameron R. Frazier,Male,45,66,Marketing executive,Yes,No,United States,Indiana,,
CUST-397123,Nathan C. Andrews,Male,38,46,"Surveyor, minerals",Yes,No,United States,Indiana,,
CUST-216712,William X. Brewer,Male,55,66,Theatre director,Yes,Yes,United States,Indiana,,
CUST-747716,Connor A. Francis,Male,56,59,Counsellor,Yes,No,United States,Indiana,,
CUST-596084,Cameron Y. Robinson,Male,23,42,Osteopath,Yes,No,United States,Indiana,,
CUST-356917,Henry L. Hart,Male,52,71,Cytogeneticist,Yes,Yes,United States,Indiana,,
CUST-383085,Connor R. Woods,Male,23,28,Ecologist,Yes,Yes,United States,Indiana,,
CUST-629777,Anthony V. Jensen,Male,23,41,Energy engineer,Yes,Yes,United States,Indiana,,
CUST-972162,Austin Z. Pena,Male,36,53,"Librarian, academic",Yes,Yes,United States,Indiana,,
CUST-639624,Joshua L. Nelson,Male,33,36,"Engineer, materials",Yes,No,United States,Indiana,,
CUST-687539,Anthony O. Stewart,Male,35,52,Geophysical data processor,Yes,No,United States,Indiana,,
CUST-692837,Nicholas V. Swanson,Male,44,67,"Investment banker, corporate",Yes,No,United States,Indiana,,
CUST-713377,Aaron M. Freeman,Male,36,37,"Engineer, drilling",Yes,No,United States,Indiana,,
CUST-277437,Connor S. Jennings,Male,29,50,Sports coach,Yes,No,United States,Indiana,,
CUST-703610,Cameron S. Peterson,Male,43,58,"Physicist, medical",Yes,No,United States,Indiana,,
CUST-975512,Andrew R. Ingram,Male,44,45,Arboriculturist,Yes,No,United States,Indiana,,
CUST-522714,Connor H. Stewart,Male,56,76,"Therapist, speech and language",Yes,No,United States,Indiana,,
CUST-560965,Connor Z. Jones,Male,21,37,Charity fundraiser,Yes,No,United States,Indiana,,
CUST-204243,Nathan Q. Reese,Male,32,46,Mechanical engineer,Yes,No,United States,Indiana,,
CUST-396785,Isaac C. Payne,Male,36,50,"Engineer, manufacturing",Yes,No,United States,Indiana,,
CUST-550406,Alexander O. Pierce,Male,52,59,"Engineer, aeronautical",Yes,No,United States,Indiana,,
CUST-552025,William Y. Hughes,Male,18,23,Museum/gallery curator,Yes,Yes,United States,Indiana,,
CUST-597983,Andrew Z. Myers,Male,46,68,Accounting technician,Yes,Yes,United States,Indiana,,
CUST-496267,Anthony M. Gonzales,Male,23,35,Television/film/video producer,Yes,No,United States,Indiana,,
CUST-196752,Matthew Y. Vasquez,Male,25,36,Chief of Staff,Yes,Yes,United States,Indiana,,
CUST-435796,Luke K. Sims,Male,51,59,Meteorologist,Yes,Yes,United States,Indiana,,
CUST-890973,Owen T. Jennings,Male,47,67,Furniture conservator/restorer,Yes,Yes,United States,Indiana,,
CUST-203209,Matthew A. Romero,Male,43,60,Health visitor,Yes,Yes,United States,Indiana,,
CUST-558151,Jackson W. Ferguson,Male,39,52,Acupuncturist,Yes,Yes,United States,Indiana,,
CUST-569172,Connor Z. Tate,Male,48,54,Petroleum engineer,Yes,No,United States,Indiana,,
CUST-116714,Zachary Z. Cobb,Male,41,48,Accommodation manager,Yes,Yes,United States,Indiana,,
CUST-735256,Daniel Y. Wells,Male,31,36,Exhibition designer,Yes,Yes,United States,Indiana,,
CUST-101521,James F. Joseph,Male,60,82,Public librarian,Yes,Yes,United States,Indiana,,
CUST-290922,Nicholas I. Ward,Male,39,61,"Teacher, early years/pre",Yes,No,United States,Indiana,,
CUST-131723,Oliver K. Larson,Male,31,33,"Producer, television/film/video",Yes,No,United States,Indiana,,
CUST-259376,Isaac B. Sutton,Male,56,62,Risk analyst,Yes,No,United States,Indiana,,
CUST-893676,Oliver O. Mills,Male,34,41,"Nurse, adult",Yes,No,United States,Indiana,,
CUST-819726,Wyatt Z. Diaz,Male,54,77,Print production planner,Yes,Yes,United States,Indiana,,
CUST-320829,Nathan B. Peterson,Male,47,61,"Engineer, water",Yes,No,United States,Indiana,,
CUST-337935,David O. Sutton,Male,39,59,"Engineer, manufacturing",Yes,Yes,United States,Indiana,,
CUST-104893,Zachary Y. Dennis,Male,51,76,Occupational hygienist,Yes,Yes,United States,Indiana,,
CUST-592269,Henry N. Mills,Male,45,51,"Conservator, museum/gallery",Yes,No,United States,Indiana,,
CUST-400801,Zachary S. Walker,Male,25,31,"Doctor, hospital",Yes,Yes,United States,Indiana,,
CUST-388748,Jack H. Dixon,Male,45,49,Printmaker,Yes,Yes,United States,Indiana,,
CUST-893121,Joshua N. Herrera,Male,52,61,Insurance risk surveyor,Yes,Yes,United States,Indiana,,
CUST-168523,Connor C. Peterson,Male,60,84,Training and development officer,Yes,Yes,United States,Indiana,,
CUST-203308,Cameron R. Black,Male,45,54,"Therapist, sports",Yes,No,United States,Indiana,,
CUST-589924,Henry P. Cohen,Male,55,76,"Development worker, community",Yes,Yes,United States,Indiana,,
CUST-746634,Charles R. Carr,Male,38,46,"Runner, broadcasting/film/video",Yes,No,United States,Indiana,,
CUST-977810,Aaron O. Hines,Male,23,28,"Doctor, general practice",Yes,Yes,United States,Indiana,,
CUST-606182,Henry G. Richardson,Male,56,77,Health promotion specialist,Yes,No,United States,Indiana,,
CUST-510587,Charles K. Greene,Male,34,39,Publishing rights manager,Yes,Yes,United States,Indiana,,
CUST-497576,Zachary N. Mendez,Male,18,26,"Librarian, academic",Yes,No,United States,Indiana,,
CUST-308347,Hunter A. Walton,Male,26,36,Toxicologist,Yes,No,United States,Indiana,,
CUST-989196,Hunter Q. Tucker,Male,36,51,Plant breeder/geneticist,Yes,Yes,United States,Indiana,,
CUST-395799,Owen B. Harper,Male,52,58,Manufacturing systems engineer,Yes,No,United States,Indiana,,
CUST-348336,Isaac X. Hopkins,Male,49,63,"Surveyor, building control",Yes,No,United States,Indiana,,
CUST-727816,Alexander D. Martin,Male,52,58,Pharmacologist,Yes,Yes,United States,Indiana,,
CUST-668285,Christopher F. Nelson,Male,34,51,Holiday representative,Yes,No,United States,Indiana,,
CUST-741415,Benjamin T. Fletcher,Male,58,74,Oceanographer,Yes,No,United States,Indiana,,
CUST-948602,William Q. Thomas,Male,47,60,Technical sales engineer,Yes,Yes,United States,Indiana,,
CUST-221655,James I. Ellis,Male,60,66,Diagnostic radiographer,Yes,No,United States,Indiana,,
CUST-432087,Gabriel L. Cox,Male,47,67,Building surveyor,Yes,Yes,United States,Indiana,,
CUST-512979,Matthew L. Arnold,Male,28,52,"Designer, jewellery",No,Yes,United States,Arizona,,
CUST-577529,Christopher B. Nelson,Male,58,69,Production manager,Yes,Yes,United States,Arizona,,
CUST-645993,Luke A. Chavez,Male,29,44,"Lecturer, higher education",Yes,Yes,United States,Arizona,,
CUST-734832,Lucas E. Mendoza,Male,18,24,"Psychologist, forensic",No,Yes,United States,Arizona,,
CUST-495805,Zachary R. Tate,Male,32,47,Sports development officer,No,Yes,United States,Arizona,,
CUST-866083,Lucas J. Baker,Male,46,53,Futures trader,Yes,Yes,United States,Arizona,,
CUST-330207,William Z. Gomez,Male,52,74,Video editor,Yes,Yes,United States,Arizona,,
CUST-916428,Dylan J. Hanson,Male,34,46,International aid/development worker,Yes,Yes,United States,Arizona,,
CUST-596426,Cameron R. Murray,Male,49,73,Equities trader,Yes,Yes,United States,Arizona,,
CUST-989447,Caleb R. Quinn,Male,59,61,Analytical chemist,No,Yes,United States,Arizona,,
CUST-805055,Matthew A. Gregory,Male,36,57,Aid worker,No,Yes,United States,Arizona,,
CUST-564697,Benjamin D. Strickland,Male,26,50,Chief Operating Officer,Yes,Yes,United States,Arizona,,
CUST-989607,Benjamin Z. Palmer,Male,32,39,Regulatory affairs officer,Yes,Yes,United States,Arizona,,
CUST-996689,Nathan Z. Cole,Male,41,54,Heritage manager,Yes,Yes,United States,Arizona,,
CUST-397937,William V. Lowe,Male,53,78,"Accountant, chartered management",No,Yes,United States,Arizona,,
CUST-576785,Andrew K. Blake,Male,29,30,Community pharmacist,No,Yes,United States,Arizona,,
CUST-641919,Daniel C. Welch,Male,27,44,Lobbyist,Yes,Yes,United States,Arizona,,
CUST-106184,Nicholas Q. Vega,Male,44,69,Broadcast journalist,Yes,Yes,United States,Arizona,,
CUST-512417,Joseph W. Rios,Male,48,50,Community education officer,No,Yes,United States,Arizona,,
CUST-701566,Gabriel W. Shaw,Male,55,62,Merchant navy officer,No,Yes,United States,Arizona,,
CUST-398587,Sebastian W. Washington,Male,19,42,Field seismologist,No,Yes,United States,Arizona,,
CUST-186669,Gabriel F. Peterson,Male,22,46,Actuary,Yes,Yes,United States,Arizona,,
CUST-534360,Dylan N. Howard,Male,18,26,Automotive engineer,No,Yes,United States,Arizona,,
CUST-347401,Wyatt B. Peterson,Male,43,49,Equities trader,No,Yes,United States,Arizona,,
CUST-851836,Christopher K. Garrett,Male,41,45,Systems developer,Yes,Yes,United States,Arizona,,
CUST-899642,Dylan Q. Salazar,Male,57,67,Civil Service fast streamer,Yes,Yes,United States,Arizona,,
CUST-359658,Caleb Y. Strickland,Male,51,72,Artist,No,Yes,United States,Arizona,,
CUST-340301,Jack E. Walton,Male,46,66,Advertising art director,Yes,Yes,United States,Arizona,,
CUST-565981,William I. Adkins,Male,54,62,"Engineer, biomedical",No,Yes,United States,Arizona,,
CUST-599647,William R. Stewart,Male,56,78,Science writer,Yes,Yes,United States,Arizona,,
CUST-343577,Adam D. Patton,Male,33,51,Chief of Staff,Yes,Yes,United States,Arizona,,
CUST-670130,Benjamin A. Norris,Male,38,55,Technical sales engineer,No,Yes,United States,Arizona,,
CUST-805579,Owen E. Moore,Male,52,65,Engineering geologist,Yes,Yes,United States,Arizona,,
CUST-570574,Joshua U. Lucas,Male,21,30,"Doctor, hospital",No,Yes,United States,Arizona,,
CUST-461255,Owen F. Ortiz,Male,36,41,Event organiser,Yes,Yes,United States,Arizona,,
CUST-896857,Dylan R. Keller,Male,40,54,Cabin crew,Yes,Yes,United States,Arizona,,
CUST-840690,Aaron T. Williamson,Male,36,44,Travel agency manager,Yes,Yes,United States,Arizona,,
CUST-932630,William F. Castro,Male,30,54,"Doctor, hospital",Yes,Yes,United States,Arizona,,
CUST-495731,Oliver X. Stokes,Male,45,59,Historic buildings inspector/conservation officer,Yes,Yes,United States,Arizona,,
CUST-330843,Andrew P. Stevenson,Male,48,69,Patent attorney,No,Yes,United States,Arizona,,
CUST-839845,Isaac U. Simmons,Male,21,36,Primary school teacher,Yes,Yes,United States,Arizona,,
CUST-441781,Daniel B. Keller,Male,35,41,Building services engineer,No,Yes,United States,Arizona,,
CUST-662616,Caleb H. White,Male,40,48,"Production assistant, radio",No,Yes,United States,Arizona,,
CUST-925882,Thomas B. Herrera,Male,59,84,Hospital pharmacist,No,Yes,United States,Arizona,,
CUST-724132,Thomas M. Reyes,Male,47,58,Sales executive,No,Yes,United States,Arizona,,
CUST-920636,James J. Arnold,Male,60,78,Translator,No,Yes,United States,Arizona,,
CUST-768902,Caleb U. Hill,Male,38,47,Technical sales engineer,Yes,Yes,United States,Arizona,,
CUST-980479,Henry F. Harvey,Male,23,45,Manufacturing systems engineer,Yes,Yes,United States,Arizona,,
CUST-440728,Alexander R. Watkins,Male,47,52,Microbiologist,No,Yes,United States,Arizona,,
CUST-539731,Cameron I. Vasquez,Male,50,65,Forensic scientist,No,Yes,United States,Arizona,,
CUST-384203,Connor J. Morales,Male,30,34,Animator,No,Yes,United States,Arizona,,
CUST-276123,Thomas O. Fernandez,Male,35,59,"Teacher, primary school",No,Yes,United States,Arizona,,
CUST-355182,James H. Greer,Male,34,53,Podiatrist,No,Yes,United States,Arizona,,
CUST-927548,Oliver W. Alvarez,Male,53,78,Ceramics designer,No,Yes,United States,Arizona,,
CUST-204780,Jackson L. Bryant,Male,35,57,Chief of Staff,No,Yes,United States,Arizona,,
CUST-407906,Aaron V. Wagner,Male,20,34,"Buyer, retail",Yes,Yes,United States,Arizona,,
CUST-922106,Thomas Z. Elliott,Male,47,48,Neurosurgeon,Yes,Yes,United States,Arizona,,
CUST-479691,Joseph J. Reid,Male,21,39,"Nurse, children's",Yes,Yes,United States,Arizona,,
CUST-157527,Aaron F. Allen,Male,44,60,International aid/development worker,Yes,Yes,United States,Arizona,,
CUST-666934,Connor R. Sanders,Male,44,59,Ship broker,Yes,Yes,United States,Arizona,,
CUST-280873,Carter P. Gibbs,Male,49,74,"Engineer, maintenance (IT)",Yes,Yes,United States,Arizona,,
CUST-663251,Joseph B. Fitzgerald,Male,48,64,"Civil engineer, contracting",Yes,Yes,United States,Arizona,,
CUST-474113,Nicholas U. Morrison,Male,20,44,Risk manager,Yes,Yes,United States,Arizona,,
CUST-457918,Cameron N. Butler,Male,42,67,Speech and language therapist,No,Yes,United States,Arizona,,
CUST-985525,Thomas Z. Dennis,Male,22,29,Games developer,No,Yes,United States,Arizona,,
CUST-633258,Carter P. Daniel,Male,47,62,Aid worker,No,Yes,United States,Arizona,,
CUST-464696,David L. Cannon,Male,21,25,Pharmacologist,No,Yes,United States,Arizona,,
CUST-958741,Caleb T. Reese,Male,19,44,Counselling psychologist,Yes,Yes,United States,Arizona,,
CUST-141528,Daniel U. Fernandez,Male,20,22,Set designer,Yes,Yes,United States,Arizona,,
CUST-912343,Christopher L. Lowe,Male,33,50,Probation officer,Yes,Yes,United States,Arizona,,
CUST-808993,Lucas L. Lyons,Male,52,56,Textile designer,Yes,Yes,United States,Arizona,,
CUST-315369,Oliver Q. Curry,Male,20,25,"Scientist, research (medical)",Yes,Yes,United States,Arizona,,
CUST-169126,James L. Maxwell,Male,20,21,"Administrator, sports",No,Yes,United States,Arizona,,
CUST-605984,Jack T. Hill,Male,20,25,"Scientist, audiological",Yes,Yes,United States,Arizona,,
CUST-742571,Joshua J. Moss,Male,48,55,Purchasing manager,No,Yes,United States,Arizona,,
CUST-378976,Theodore I. Oliver,Male,60,71,Customer service manager,No,Yes,United States,Arizona,,
CUST-598040,Henry O. Elliott,Male,51,59,Theme park manager,Yes,Yes,United States,Arizona,,
CUST-766911,Carter P. Anderson,Male,21,23,Plant breeder/geneticist,No,Yes,United States,Arizona,,
CUST-767202,Charles U. Douglas,Male,40,65,"Radiographer, therapeutic",Yes,Yes,United States,Arizona,,
CUST-988266,Luke V. Henderson,Male,53,66,Financial manager,Yes,Yes,United States,Arizona,,
CUST-568086,Gabriel W. Rodgers,Male,22,38,Facilities manager,No,Yes,United States,Arizona,,
CUST-125697,Nathan D. Pope,Male,49,68,"Psychologist, occupational",No,No,United States,Arizona,,
CUST-769329,Carter V. Thompson,Male,54,56,Exercise physiologist,No,No,United States,Arizona,,
CUST-912210,Anthony R. Ruiz,Male,36,54,Acupuncturist,No,No,United States,Arizona,,
CUST-289930,Matthew G. Byrd,Male,27,34,Ceramics designer,Yes,No,United States,Arizona,,
CUST-269721,Owen Y. Jimenez,Male,20,22,Planning and development surveyor,No,No,United States,Arizona,,
CUST-811405,Connor C. Barber,Male,35,53,Regulatory affairs officer,No,No,United States,Arizona,,
CUST-226463,Dylan D. Love,Male,37,56,"Producer, radio",No,No,United States,Arizona,,
CUST-311630,Joshua Z. Hampton,Male,59,72,Press sub,No,No,United States,Arizona,,
CUST-743368,Sebastian R. Bush,Male,38,59,Set designer,No,No,United States,Arizona,,
CUST-239833,Connor N. Andrews,Male,23,39,Insurance risk surveyor,No,No,United States,Arizona,,
CUST-938378,Zachary T. Moore,Male,30,49,Water engineer,Yes,No,United States,Arizona,,
CUST-742565,Aaron H. Parks,Male,39,55,Freight forwarder,No,No,United States,Arizona,,
CUST-465577,Alexander Z. Newman,Male,60,67,Theatre stage manager,No,No,United States,Arizona,,
CUST-923470,Adam B. Carr,Male,34,58,Dance movement psychotherapist,Yes,No,United States,Arizona,,
CUST-443385,Christopher A. Walker,Male,20,36,Research scientist (physical sciences),Yes,No,United States,Arizona,,
CUST-842693,Jackson E. Cole,Male,23,35,Phytotherapist,Yes,No,United States,Arizona,,
CUST-290151,Nathan L. Hale,Male,20,45,Economist,No,No,United States,Arizona,,
CUST-264370,Aaron E. Goodman,Male,39,60,"Development worker, international aid",No,No,United States,Arizona,,
CUST-752482,Connor N. Vargas,Male,33,56,"Buyer, retail",Yes,No,United States,Arizona,,
CUST-491961,Matthew T. Pena,Male,59,66,"Engineer, drilling",No,No,United States,Arizona,,
CUST-379789,Jack V. Vasquez,Male,58,80,Television/film/video producer,No,No,United States,Arizona,,
CUST-867233,Gabriel M. James,Male,52,76,Dealer,No,No,United States,Arizona,,
CUST-707205,Zachary B. Palmer,Male,34,59,"Radiographer, diagnostic",No,No,United States,Arizona,,
CUST-726462,William C. George,Male,46,57,Proofreader,No,No,United States,Arizona,,
CUST-994464,Sebastian I. Wagner,Male,42,56,Computer games developer,Yes,No,United States,Arizona,,
CUST-406787,Andrew O. Hines,Male,35,60,Technical sales engineer,No,No,United States,Arizona,,
CUST-468753,Lucas V. Hughes,Male,35,37,Radiation protection practitioner,Yes,No,United States,Arizona,,
CUST-737697,Isaac F. Fernandez,Male,59,66,"Conservator, museum/gallery",No,No,United States,Arizona,,
CUST-838906,David A. Fuller,Male,30,36,Radio producer,Yes,No,United States,Arizona,,
CUST-749670,Austin J. Griffith,Male,22,39,Chief of Staff,Yes,No,United States,Arizona,,
CUST-488924,Hunter R. Taylor,Male,44,46,Commercial/residential surveyor,Yes,No,United States,Arizona,,
CUST-155315,Christopher O. Richards,Male,18,39,Theme park manager,Yes,No,United States,Arizona,,
CUST-732130,Connor S. Green,Male,57,78,Claims inspector/assessor,No,No,United States,Arizona,,
CUST-997262,Wyatt C. Fernandez,Male,28,39,Structural engineer,No,No,United States,Arizona,,
CUST-721821,Zachary Q. Cooper,Male,33,39,"Development worker, international aid",Yes,No,United States,Arizona,,
CUST-370746,Benjamin U. Vargas,Male,32,42,Sports therapist,Yes,No,United States,Arizona,,
CUST-784042,Owen M. Rivera,Male,34,56,Holiday representative,Yes,No,United States,Arizona,,
CUST-131708,Aaron E. Ford,Male,57,65,Race relations officer,No,No,United States,Arizona,,
CUST-844697,Daniel R. Gutierrez,Male,41,53,Statistician,No,No,United States,Arizona,,
CUST-517685,Isaac V. Benson,Male,28,37,Geochemist,No,No,United States,Arizona,,
CUST-474855,Jack F. Weaver,Male,22,25,Private music teacher,No,No,United States,Arizona,,
CUST-507183,Connor T. Wolfe,Male,54,66,"Nurse, children's",Yes,No,United States,Arizona,,
CUST-479873,Lucas K. Henderson,Male,21,28,"Physicist, medical",Yes,No,United States,Arizona,,
CUST-339258,Owen R. Palmer,Male,43,50,Research scientist (maths),Yes,No,United States,Arizona,,
CUST-735719,Theodore Q. Howard,Male,49,70,Science writer,Yes,No,United States,Arizona,,
CUST-644006,Zachary W. Daniel,Male,47,66,Geochemist,No,No,United States,Arizona,,
CUST-534985,Joseph Y. Estrada,Male,32,37,Learning disability nurse,No,No,United States,Arizona,,
CUST-527972,Adam O. Benson,Male,56,73,Dancer,Yes,No,United States,Arizona,,
CUST-671079,Jack J. Caldwell,Male,25,31,Records manager,No,No,United States,Arizona,,
CUST-969245,Carter X. Price,Male,31,48,Market researcher,No,No,United States,Arizona,,
CUST-485232,Aaron S. Hampton,Male,42,45,Arts administrator,Yes,No,United States,Arizona,,
CUST-373754,Connor X. Quinn,Male,31,46,"Engineer, civil (consulting)",Yes,No,United States,Arizona,,
CUST-377637,Hunter M. Kennedy,Male,52,66,Art therapist,No,No,United States,Arizona,,
CUST-910500,Lucas P. Meyer,Male,36,55,Psychotherapist,No,No,United States,Arizona,,
CUST-165610,Sebastian U. Mitchell,Male,47,53,Financial trader,No,No,United States,Arizona,,
CUST-611796,Dylan P. Patton,Male,41,55,Jewellery designer,No,No,United States,Arizona,,
CUST-523173,Gabriel N. Rhodes,Male,25,38,Tax adviser,Yes,No,United States,Arizona,,
CUST-859642,Owen B. Mills,Male,21,31,Publishing copy,Yes,No,United States,Arizona,,
CUST-214502,James D. Harvey,Male,56,70,"Chemist, analytical",Yes,No,United States,Arizona,,
CUST-853258,Wyatt L. Lynch,Male,19,31,Dentist,No,No,United States,Arizona,,
CUST-944487,Joshua I. Lynch,Male,33,52,Pharmacologist,No,No,United States,Arizona,,
CUST-499765,Nathan T. Carr,Male,48,53,Games developer,No,No,United States,Arizona,,
CUST-382533,Isaac F. Diaz,Male,29,32,Biomedical scientist,No,No,United States,Arizona,,
CUST-954497,Nathan J. Vargas,Male,41,66,Clinical biochemist,No,No,United States,Arizona,,
CUST-976690,Hunter N. Matthews,Male,51,68,Broadcast engineer,Yes,No,United States,Arizona,,
CUST-206046,Wyatt Q. McGee,Male,25,39,Occupational hygienist,Yes,No,United States,Arizona,,
CUST-129147,Charles B. Patton,Male,44,52,Marketing executive,No,No,United States,Arizona,,
CUST-552497,Joshua F. Mendez,Male,24,26,Charity fundraiser,Yes,No,United States,Arizona,,
CUST-298785,Cameron N. Newton,Male,19,36,"Radiographer, therapeutic",Yes,No,United States,Arizona,,
CUST-317989,Jack E. Parker,Male,38,63,Management consultant,Yes,No,United States,Arizona,,
CUST-173819,Hunter O. Tate,Male,59,67,Stage manager,No,No,United States,Arizona,,
CUST-397680,Wyatt N. Bishop,Male,41,51,Haematologist,Yes,No,United States,Arizona,,
CUST-225644,Carter C. Owens,Male,43,68,Network engineer,Yes,No,United States,Arizona,,
CUST-791133,Wyatt J. Garrett,Male,47,49,Chief Executive Officer,Yes,No,United States,Arizona,,
CUST-803269,Owen M. Jenkins,Male,28,38,Sports development officer,Yes,No,United States,Arizona,,
CUST-562333,Matthew G. Daniel,Male,59,77,Planning and development surveyor,No,No,United States,Arizona,,
CUST-973528,Anthony W. Hill,Male,31,56,Speech and language therapist,Yes,No,United States,Arizona,,
CUST-447322,Theodore W. Leonard,Male,54,63,"Designer, television/film set",No,No,United States,Arizona,,
CUST-471845,Joshua V. Estrada,Male,52,59,"Designer, multimedia",No,No,United States,Arizona,,
CUST-352229,Aaron T. Moore,Male,51,70,Actuary,No,No,United States,Arizona,,
CUST-721097,Charles J. Valdez,Male,47,52,Scientific laboratory technician,No,No,United States,Arizona,,
CUST-910970,Matthew P. Richardson,Male,19,33,Financial controller,No,No,United States,Arizona,,
CUST-654321,Carter I. Hudson,Male,24,47,Production engineer,No,No,United States,Arizona,,
CUST-925942,Owen C. Clark,Male,48,51,Naval architect,Yes,No,United States,Arizona,,
CUST-144068,Dylan W. Yates,Male,35,53,Actor,Yes,No,United States,Arizona,,
CUST-461045,Alexander B. Bowman,Male,60,85,"Engineer, electrical",No,No,United States,Arizona,,
CUST-961476,William H. Morales,Male,27,40,Comptroller,Yes,No,United States,Arizona,,
CUST-646683,Thomas Z. Willis,Male,35,50,"Engineer, building services",Yes,No,United States,Iowa,,
CUST-856073,Carter J. Cobb,Male,31,41,Cartographer,Yes,No,United States,Iowa,,
CUST-983832,Caleb X. Pierce,Male,59,75,Accommodation manager,Yes,Yes,United States,Iowa,,
CUST-239351,Jackson W. Collins,Male,21,46,"Engineer, electronics",Yes,No,United States,Iowa,,
CUST-301689,Owen P. Paul,Male,34,36,Chiropractor,Yes,Yes,United States,Iowa,,
CUST-897141,Andrew F. McKinney,Male,24,44,Printmaker,Yes,No,United States,Iowa,,
CUST-579530,Nicholas J. Maxwell,Male,57,66,Food technologist,Yes,Yes,United States,Iowa,,
CUST-764141,Caleb X. Blair,Male,21,43,Museum/gallery conservator,Yes,Yes,United States,Iowa,,
CUST-720317,Luke B. Bush,Male,46,50,"Engineer, materials",Yes,No,United States,Iowa,,
CUST-374915,Henry V. Douglas,Male,22,45,Call centre manager,Yes,No,United States,Iowa,,
CUST-223485,Cameron G. Olson,Male,44,69,Marketing executive,Yes,Yes,United States,Iowa,,
CUST-748934,Isaac O. George,Male,57,70,"Education officer, museum",Yes,Yes,United States,Iowa,,
CUST-972094,Alexander Q. Webster,Male,41,60,Fashion designer,Yes,No,United States,Iowa,,
CUST-459115,Owen S. Kim,Male,32,55,Economist,Yes,No,United States,Iowa,,
CUST-227820,Isaac S. Harvey,Male,49,68,Land/geomatics surveyor,Yes,Yes,United States,Iowa,,
CUST-368207,William K. Gordon,Male,56,76,Learning disability nurse,Yes,Yes,United States,Iowa,,
CUST-816240,Theodore Y. Cobb,Male,54,59,Planning and development surveyor,Yes,No,United States,Iowa,,
CUST-326575,David Z. Schultz,Male,53,63,Physiotherapist,Yes,Yes,United States,Iowa,,
CUST-240546,Lucas X. Woods,Male,33,58,Systems developer,Yes,No,United States,Iowa,,
CUST-134500,Owen D. Herrera,Male,35,52,"Editor, magazine features",Yes,No,United States,Iowa,,
CUST-657702,Sebastian B. Thornton,Male,40,52,"Surveyor, insurance",Yes,No,United States,Iowa,,
CUST-411359,Wyatt M. Hill,Male,46,60,Administrator,Yes,Yes,United States,Iowa,,
CUST-838345,Anthony X. Holmes,Male,47,52,Midwife,Yes,No,United States,Iowa,,
CUST-529038,David C. Kelley,Male,44,60,Accounting technician,Yes,No,United States,Iowa,,
CUST-723933,Joseph W. Bryant,Male,23,28,"Engineer, petroleum",Yes,Yes,United States,Iowa,,
CUST-374068,William O. Haynes,Male,46,65,International aid/development worker,Yes,No,United States,Iowa,,
CUST-201946,Isaac D. Walters,Male,35,49,Occupational hygienist,Yes,Yes,United States,Iowa,,
CUST-410954,Austin C. Ramsey,Male,53,76,"Engineer, maintenance (IT)",Yes,Yes,United States,Iowa,,
CUST-487006,Charles R. Obrien,Male,31,39,Herpetologist,Yes,No,United States,Iowa,,
CUST-264634,Joseph V. Ramos,Male,24,25,"Scientist, product/process development",Yes,Yes,United States,Iowa,,
CUST-196603,Caleb D. Foster,Male,34,53,Geophysical data processor,Yes,No,United States,Iowa,,
CUST-805359,Owen G. Douglas,Male,53,56,"Journalist, newspaper",Yes,Yes,United States,Iowa,,
CUST-171980,Hunter O. Barker,Male,46,53,Location manager,Yes,No,United States,Iowa,,
CUST-246828,Thomas H. Porter,Male,30,42,Pathologist,Yes,Yes,United States,Iowa,,
CUST-174674,Gabriel F. Hoffman,Male,20,24,"Scientist, physiological",Yes,No,United States,Iowa,,
CUST-120291,Nicholas K. Morris,Male,50,54,"Therapist, occupational",Yes,No,United States,Iowa,,
CUST-386754,Jackson G. Conner,Male,24,48,Local government officer,Yes,Yes,United States,Iowa,,
CUST-149755,Gabriel G. Pena,Male,31,50,Product manager,Yes,Yes,United States,Iowa,,
CUST-415379,Austin M. Lane,Male,28,37,"Surveyor, quantity",Yes,No,United States,Iowa,,
CUST-568953,Hunter U. Cohen,Male,41,54,Tourism officer,Yes,No,United States,Iowa,,
CUST-308499,Christopher Z. Douglas,Male,42,65,"Engineer, drilling",Yes,No,United States,Iowa,,
CUST-566215,Andrew S. Collins,Male,43,54,Newspaper journalist,Yes,No,United States,Iowa,,
CUST-718136,Theodore H. Lyons,Male,20,43,Ergonomist,Yes,Yes,United States,Iowa,,
CUST-169385,Isaac N. Delgado,Male,28,46,Fashion designer,Yes,Yes,United States,Iowa,,
CUST-364643,Theodore K. Ward,Male,18,40,"Research officer, trade union",Yes,Yes,United States,Iowa,,
CUST-725576,Joshua R. Jimenez,Male,31,50,"Civil engineer, contracting",Yes,No,United States,Iowa,,
CUST-512112,Nicholas S. Wise,Male,30,39,"Scientist, research (physical sciences)",Yes,Yes,United States,Iowa,,
CUST-251748,Jack Z. Bennett,Male,52,67,Estate manager/land agent,Yes,No,United States,Iowa,,
CUST-803049,Joseph U. Fletcher,Male,46,50,"Conservator, museum/gallery",Yes,Yes,United States,Iowa,,
CUST-202154,Thomas J. Cook,Male,24,49,Engineering geologist,Yes,Yes,United States,Iowa,,
CUST-615072,James T. Simmons,Male,55,58,Warehouse manager,Yes,Yes,United States,Iowa,,
CUST-380742,Thomas Z. Chambers,Male,26,31,Systems analyst,Yes,No,United States,Iowa,,
CUST-947406,Wyatt R. Steele,Male,56,73,Tour manager,Yes,Yes,United States,Iowa,,
CUST-687426,Hunter W. Banks,Male,49,67,Field seismologist,Yes,No,United States,Iowa,,
CUST-544980,Henry M. Mendoza,Male,60,78,"Loss adjuster, chartered",Yes,No,United States,Iowa,,
CUST-843345,Christopher F. Newman,Male,51,73,Chief Operating Officer,Yes,Yes,United States,Iowa,,
CUST-646881,Dylan W. West,Male,27,48,Diplomatic Services operational officer,Yes,Yes,United States,Iowa,,
CUST-566293,Thomas Q. Green,Male,18,19,Proofreader,Yes,Yes,United States,Iowa,,
CUST-974270,Connor Y. Wheeler,Male,58,64,Animator,Yes,No,United States,Iowa,,
CUST-746362,Jack T. Hansen,Male,42,57,Sales promotion account executive,Yes,No,United States,Iowa,,
CUST-167669,James N. Barber,Male,53,66,Sport and exercise psychologist,Yes,Yes,United States,Iowa,,
CUST-301093,Adam D. Kim,Male,52,73,Health and safety adviser,Yes,Yes,United States,Iowa,,
CUST-990110,David V. Holmes,Male,36,55,Landscape architect,Yes,No,United States,Iowa,,
CUST-362859,Adam C. Bradley,Male,32,47,"Solicitor, Scotland",Yes,Yes,United States,Iowa,,
CUST-641909,Henry W. Wright,Male,23,41,Aeronautical engineer,Yes,No,United States,Iowa,,
CUST-678775,Jack S. Willis,Male,38,57,Speech and language therapist,Yes,No,United States,Iowa,,
CUST-412732,Joseph G. Dean,Male,37,53,"Conservator, furniture",Yes,No,United States,Iowa,,
CUST-838897,Oliver N. Flowers,Male,56,59,Cabin crew,Yes,Yes,United States,Iowa,,
CUST-531137,Matthew X. Sullivan,Male,46,65,"Therapist, music",Yes,No,United States,Iowa,,
CUST-271044,Joshua E. Larson,Male,28,53,Corporate investment banker,Yes,No,United States,Iowa,,
CUST-879097,James E. Sanders,Male,49,53,Fish farm manager,Yes,Yes,United States,Iowa,,
CUST-912961,Hunter I. Webb,Male,34,55,Quarry manager,Yes,Yes,United States,Iowa,,
CUST-320523,Andrew I. Burton,Male,35,57,Diagnostic radiographer,Yes,Yes,United States,Iowa,,
CUST-987785,Oliver E. Anderson,Male,22,29,Biomedical scientist,Yes,Yes,United States,Iowa,,
CUST-774043,Austin X. Haynes,Male,37,47,"Surveyor, commercial/residential",Yes,Yes,United States,Iowa,,
CUST-499954,Anthony K. Walsh,Male,23,25,Regulatory affairs officer,Yes,No,United States,Iowa,,
CUST-549038,Cameron J. Robertson,Male,43,60,"Therapist, sports",Yes,Yes,United States,Iowa,,
CUST-143531,Luke S. Henry,Male,53,73,Careers adviser,No,Yes,United States,Iowa,,
CUST-333803,Carter O. Ellis,Male,19,40,"Embryologist, clinical",No,Yes,United States,Iowa,,
CUST-103300,Zachary Y. Knight,Male,46,47,Geographical information systems officer,No,No,United States,Iowa,,
CUST-328989,James D. May,Male,49,60,Television/film/video producer,No,Yes,United States,Iowa,,
CUST-518550,Daniel Q. Gordon,Male,25,31,"Clinical scientist, histocompatibility and immunogenetics",No,No,United States,Iowa,,
CUST-808750,Connor A. Stevens,Male,43,66,Pathologist,No,No,United States,Iowa,,
CUST-230088,Anthony R. Gibbs,Male,34,49,Clinical psychologist,No,Yes,United States,Iowa,,
CUST-789033,Sebastian S. Webb,Male,47,54,"Administrator, Civil Service",No,No,United States,Iowa,,
CUST-773375,Daniel C. Crawford,Male,49,51,"Engineer, technical sales",No,Yes,United States,Iowa,,
CUST-761056,Cameron K. Love,Male,55,63,Arts administrator,No,No,United States,Iowa,,
CUST-245381,Nicholas E. Davis,Male,22,41,"Loss adjuster, chartered",No,No,United States,Iowa,,
CUST-481758,Aaron Y. Cummings,Male,24,39,Forensic scientist,No,Yes,United States,Iowa,,
CUST-931109,Aaron F. Potter,Male,38,60,Adult guidance worker,No,Yes,United States,Iowa,,
CUST-331585,Cameron K. Griffith,Male,50,69,Dancer,No,No,United States,Iowa,,
CUST-451176,Sebastian Q. Gregory,Male,57,80,Sport and exercise psychologist,No,No,United States,Iowa,,
CUST-283046,Joshua R. Watkins,Male,49,63,"Pharmacist, community",No,Yes,United States,Iowa,,
CUST-957577,Alexander T. Salazar,Male,36,45,Financial planner,No,No,United States,Iowa,,
CUST-470925,William O. Gibbs,Male,53,58,Arts administrator,No,No,United States,Iowa,,
CUST-706885,Oliver S. James,Male,49,74,"Investment banker, operational",No,No,United States,Iowa,,
CUST-783192,Thomas K. Coleman,Male,60,63,"Geologist, engineering",No,No,United States,Iowa,,
CUST-714750,Hunter Q. King,Male,39,54,Sub,No,Yes,United States,Iowa,,
CUST-924215,Andrew V. Pena,Male,38,54,Licensed conveyancer,No,No,United States,Iowa,,
CUST-571614,Aaron G. Smith,Male,35,45,English as a second language teacher,No,Yes,United States,Iowa,,
CUST-380914,Alexander J. Bryant,Male,48,66,Diplomatic Services operational officer,No,Yes,United States,Iowa,,
CUST-997087,Dylan O. Carpenter,Male,42,44,"Programme researcher, broadcasting/film/video",No,Yes,United States,Iowa,,
CUST-972376,Joseph A. Peters,Male,23,42,Community development worker,No,No,United States,Iowa,,
CUST-781920,Lucas N. Kelley,Male,25,35,"Therapist, speech and language",No,No,United States,Iowa,,
CUST-591839,Isaac K. Ward,Male,54,55,Commercial/residential surveyor,No,No,United States,Iowa,,
CUST-828071,Austin P. Chavez,Male,31,55,Further education lecturer,No,Yes,United States,Iowa,,
CUST-557017,Dylan O. Green,Male,57,67,"Engineer, control and instrumentation",No,Yes,United States,Iowa,,
CUST-239753,James W. Weaver,Male,26,34,Network engineer,No,No,United States,Iowa,,
CUST-762208,Anthony G. Townsend,Male,20,21,Surgeon,No,Yes,United States,Iowa,,
CUST-315137,Wyatt C. Wheeler,Male,60,79,Ophthalmologist,No,No,United States,Iowa,,
CUST-117272,Anthony L. Cross,Male,58,76,"Scientist, audiological",No,Yes,United States,Iowa,,
CUST-117026,Joshua Q. Schneider,Male,55,59,"Accountant, chartered certified",No,No,United States,Iowa,,
CUST-735562,Connor E. Chavez,Male,37,59,Training and development officer,No,Yes,United States,Iowa,,
CUST-751840,Aaron Y. Powell,Male,42,64,Broadcast journalist,No,Yes,United States,Iowa,,
CUST-354122,Daniel N. Hubbard,Male,44,66,Print production planner,No,No,United States,Iowa,,
CUST-846300,Wyatt Q. Bryant,Male,30,40,Theatre manager,No,Yes,United States,Iowa,,
CUST-325102,Andrew K. Bradley,Male,31,52,General practice doctor,No,Yes,United States,Iowa,,
CUST-450793,Isaac U. Holt,Male,36,58,Advertising account executive,No,Yes,United States,Iowa,,
CUST-956020,Connor H. Walsh,Male,52,62,Archaeologist,No,No,United States,Iowa,,
CUST-881849,Cameron L. Moss,Male,54,71,Biomedical engineer,No,No,United States,Iowa,,
CUST-910607,Owen E. Ramos,Male,60,84,Clinical cytogeneticist,No,No,United States,Iowa,,
CUST-342945,Caleb D. Obrien,Male,46,57,Product manager,No,Yes,United States,Iowa,,
CUST-220913,Gabriel X. McCoy,Male,23,43,Medical laboratory scientific officer,No,Yes,United States,Iowa,,
CUST-445937,Matthew I. Aguilar,Male,20,31,"Engineer, manufacturing",No,Yes,United States,Iowa,,
CUST-779444,David Y. Williams,Male,60,78,Translator,No,No,United States,Iowa,,
CUST-239698,Cameron I. Riley,Male,40,56,Theatre director,No,Yes,United States,Iowa,,
CUST-843257,Isaac Q. Cooper,Male,35,45,Management consultant,No,No,United States,Iowa,,
CUST-219797,William G. Leonard,Male,56,63,"Engineer, maintenance (IT)",No,No,United States,Iowa,,
CUST-183470,Wyatt Z. Graham,Male,37,57,Retail banker,No,Yes,United States,Iowa,,
CUST-252974,Connor Y. Ball,Male,56,76,Colour technologist,No,Yes,United States,Iowa,,
CUST-877147,Theodore K. Rhodes,Male,47,61,Ambulance person,No,Yes,United States,Iowa,,
CUST-166511,Henry N. Floyd,Male,46,49,Camera operator,No,Yes,United States,Iowa,,
CUST-423492,James N. Gregory,Male,39,42,"Programmer, multimedia",No,No,United States,Iowa,,
CUST-134034,Connor N. Cobb,Male,60,72,Immigration officer,No,No,United States,Iowa,,
CUST-118959,Dylan X. Woods,Male,51,73,Advertising copywriter,No,Yes,United States,Iowa,,
CUST-869269,Cameron M. Todd,Male,43,55,Chemical engineer,No,No,United States,Iowa,,
CUST-678854,William Y. Leonard,Male,58,59,Fitness centre manager,No,Yes,United States,Iowa,,
CUST-539209,Adam W. Robinson,Male,44,51,Pathologist,No,No,United States,Iowa,,
CUST-737056,Lucas M. Burgess,Male,59,76,"Surveyor, land/geomatics",No,No,United States,Iowa,,
CUST-979802,Owen K. Little,Male,53,62,"Designer, ceramics/pottery",No,Yes,United States,Iowa,,
CUST-868780,James H. Rice,Male,58,65,"Engineer, water",No,No,United States,Iowa,,
CUST-968029,Zachary A. Welch,Male,54,62,Insurance account manager,No,Yes,United States,Iowa,,
CUST-737773,Lucas Z. Medina,Male,37,40,"Teacher, early years/pre",No,Yes,United States,Iowa,,
CUST-812155,Oliver R. Johnston,Male,21,42,"Investment banker, operational",No,No,United States,Iowa,,
CUST-783356,James W. Todd,Male,41,61,Magazine features editor,No,No,United States,Iowa,,
CUST-499155,James J. Curtis,Male,21,39,Merchant navy officer,No,No,United States,Iowa,,
CUST-403178,Andrew J. Weber,Male,39,47,"Conservator, furniture",No,Yes,United States,Iowa,,
CUST-639959,Lucas H. Doyle,Male,21,36,"Psychologist, counselling",No,Yes,United States,Iowa,,
CUST-299685,Joshua A. Fleming,Male,60,79,Event organiser,No,No,United States,Iowa,,
CUST-552222,Wyatt V. Shaw,Male,45,57,Oncologist,No,Yes,United States,Iowa,,
CUST-669252,Owen I. Blake,Male,48,54,"Conservator, furniture",No,No,United States,Iowa,,
CUST-924119,Owen Z. Benson,Male,44,59,Best boy,No,No,United States,Iowa,,
CUST-158013,Hunter N. Miller,Male,22,26,Commercial horticulturist,No,No,United States,Iowa,,
CUST-548180,Benjamin B. Wise,Male,37,50,"Lighting technician, broadcasting/film/video",No,No,United States,Iowa,,
CUST-854065,Jackson A. Vaughn,Male,54,66,Race relations officer,No,No,United States,Iowa,,
CUST-477403,Hunter K. Bryant,Male,27,45,Market researcher,No,Yes,United States,Iowa,,
CUST-767523,Wyatt Y. Anderson,Male,21,25,Armed forces logistics/support/administrative officer,No,Yes,United States,Iowa,,
CUST-487727,Connor Q. Obrien,Male,28,48,Airline pilot,No,No,United States,Iowa,,
CUST-282886,Zachary I. Williamson,Male,35,58,English as a foreign language teacher,No,Yes,United States,Iowa,,
CUST-394087,William J. Cannon,Male,18,24,"Administrator, charities/voluntary organisations",Yes,No,United States,South Dakota,,
CUST-602162,Adam O. Sanders,Male,35,57,Government social research officer,Yes,No,United States,South Dakota,,
CUST-588213,William F. Baldwin,Male,51,60,Press sub,Yes,No,United States,South Dakota,,
CUST-544519,Henry P. Salazar,Male,30,48,"Teacher, English as a foreign language",No,No,United States,South Dakota,,
CUST-685864,Sebastian Z. Crawford,Male,26,47,Tax inspector,Yes,No,United States,South Dakota,,
CUST-323909,David I. Long,Male,27,44,Oncologist,No,No,United States,South Dakota,,
CUST-684852,Daniel R. Lawrence,Male,23,26,Nutritional therapist,Yes,No,United States,South Dakota,,
CUST-212826,James F. Bowen,Male,35,57,Quality manager,Yes,No,United States,South Dakota,,
CUST-749878,Connor V. Holland,Male,20,37,Fine artist,Yes,No,United States,South Dakota,,
CUST-618432,Benjamin K. Gomez,Male,39,60,Theatre director,No,No,United States,South Dakota,,
CUST-432636,Aaron M. Tate,Male,44,46,Hotel manager,Yes,No,United States,South Dakota,,
CUST-440508,Joseph Y. Cooper,Male,30,32,Site engineer,Yes,No,United States,South Dakota,,
CUST-908514,William D. Allen,Male,59,78,Estate agent,No,No,United States,South Dakota,,
CUST-597014,Lucas U. Daniels,Male,60,66,Ceramics designer,No,No,United States,South Dakota,,
CUST-170915,Jackson S. Newton,Male,40,53,Airline pilot,Yes,No,United States,South Dakota,,
CUST-733812,Matthew C. Reeves,Male,34,53,Insurance claims handler,Yes,No,United States,South Dakota,,
CUST-609816,Joshua N. Black,Male,50,65,Press sub,Yes,No,United States,South Dakota,,
CUST-399102,Aaron N. Munoz,Male,34,53,Senior tax professional/tax inspector,Yes,No,United States,South Dakota,,
CUST-898590,Dylan Q. Cunningham,Male,35,57,Medical secretary,No,No,United States,South Dakota,,
CUST-262729,Wyatt J. Delgado,Male,24,37,Manufacturing systems engineer,Yes,No,United States,South Dakota,,
CUST-427206,Adam G. Morris,Male,21,29,Chartered certified accountant,Yes,No,United States,South Dakota,,
CUST-572353,Luke F. Ingram,Male,45,52,"Administrator, local government",Yes,No,United States,South Dakota,,
CUST-900209,Daniel J. McCarthy,Male,39,61,Personal assistant,No,No,United States,South Dakota,,
CUST-199960,Cameron Z. Knight,Male,57,74,"Scientist, research (life sciences)",Yes,No,United States,South Dakota,,
CUST-327306,Nathan F. Morrison,Male,40,53,Regulatory affairs officer,No,No,United States,South Dakota,,
CUST-420073,Dylan U. Roberts,Male,59,66,Furniture designer,No,No,United States,South Dakota,,
CUST-637133,Andrew O. Schmidt,Male,29,47,Politician's assistant,Yes,No,United States,South Dakota,,
CUST-740236,Austin S. Gray,Male,46,63,"Engineer, maintenance (IT)",No,No,United States,South Dakota,,
CUST-589699,Henry V. Obrien,Male,40,50,Futures trader,No,No,United States,South Dakota,,
CUST-912288,Luke V. Mendez,Male,41,54,"Presenter, broadcasting",No,No,United States,South Dakota,,
CUST-130378,Lucas E. Perry,Male,51,73,Arboriculturist,No,No,United States,South Dakota,,
CUST-854705,Charles W. Howard,Male,42,49,"Pharmacist, hospital",Yes,No,United States,South Dakota,,
CUST-141849,Sebastian Z. Jones,Male,48,54,Counsellor,Yes,No,United States,South Dakota,,
CUST-751277,Nathan Q. Vaughn,Male,55,70,Medical technical officer,Yes,No,United States,South Dakota,,
CUST-357447,Thomas R. Reed,Male,34,36,Surgeon,No,No,United States,South Dakota,,
CUST-579325,David I. Schultz,Male,44,54,Social worker,No,No,United States,South Dakota,,
CUST-912798,Henry T. Harper,Male,26,51,Seismic interpreter,No,No,United States,South Dakota,,
CUST-587580,Connor B. Weaver,Male,53,61,Careers information officer,Yes,No,United States,South Dakota,,
CUST-498243,Owen G. Elliott,Male,56,65,Tour manager,Yes,No,United States,South Dakota,,
CUST-167157,Jackson R. Holland,Male,20,22,Farm manager,No,No,United States,South Dakota,,
CUST-900303,Connor Y. Miles,Male,21,40,"Engineer, energy",No,No,United States,South Dakota,,
CUST-376567,Caleb G. Cooper,Male,52,68,Clinical molecular geneticist,Yes,No,United States,South Dakota,,
CUST-896612,Jack C. Byrd,Male,41,48,General practice doctor,Yes,No,United States,South Dakota,,
CUST-356016,David Z. Stokes,Male,33,36,Clinical psychologist,Yes,No,United States,South Dakota,,
CUST-955847,Theodore C. Todd,Male,23,36,"Education officer, museum",No,No,United States,South Dakota,,
CUST-438864,Dylan U. Flores,Male,45,47,Tour manager,Yes,No,United States,South Dakota,,
CUST-548166,Anthony I. Saunders,Male,50,53,Nutritional therapist,Yes,No,United States,South Dakota,,
CUST-188774,Aaron X. Rodgers,Male,31,37,Software engineer,No,No,United States,South Dakota,,
CUST-614897,Owen Q. James,Male,29,40,Acupuncturist,Yes,No,United States,South Dakota,,
CUST-744310,Aaron T. Page,Male,20,31,"Investment banker, operational",Yes,No,United States,South Dakota,,
CUST-704725,Jack L. Quinn,Male,38,40,Sales promotion account executive,No,No,United States,South Dakota,,
CUST-951711,Connor J. Collins,Male,18,36,Research scientist (life sciences),Yes,No,United States,South Dakota,,
CUST-697824,James L. Welch,Male,49,69,"Chemist, analytical",No,No,United States,South Dakota,,
CUST-586907,Daniel H. Norman,Male,42,56,Corporate investment banker,Yes,No,United States,South Dakota,,
CUST-435858,Owen E. Fletcher,Male,40,60,Broadcast presenter,No,No,United States,South Dakota,,
CUST-413998,Adam G. Foster,Male,18,30,Facilities manager,Yes,No,United States,South Dakota,,
CUST-263215,Lucas T. Romero,Male,32,34,Bookseller,No,No,United States,South Dakota,,
CUST-745890,Alexander F. White,Male,20,27,Chief Marketing Officer,Yes,No,United States,South Dakota,,
CUST-153601,Adam N. Hudson,Male,45,63,Data processing manager,No,No,United States,South Dakota,,
CUST-698197,Dylan V. Walsh,Male,24,28,"Restaurant manager, fast food",Yes,No,United States,South Dakota,,
CUST-214676,Christopher W. Elliott,Male,31,46,Clinical cytogeneticist,No,No,United States,South Dakota,,
CUST-800228,Dylan M. Riley,Male,19,35,"Runner, broadcasting/film/video",Yes,No,United States,South Dakota,,
CUST-374745,Nicholas J. Harper,Male,26,33,Fitness centre manager,Yes,No,United States,South Dakota,,
CUST-652128,Austin Z. Meyer,Male,30,37,Drilling engineer,No,No,United States,South Dakota,,
CUST-888146,Connor U. Turner,Male,34,58,Electrical engineer,No,No,United States,South Dakota,,
CUST-634978,Jackson B. Gilbert,Male,47,64,"Engineer, manufacturing systems",No,No,United States,South Dakota,,
CUST-855290,Adam J. Gonzales,Male,38,43,Management consultant,No,Yes,United States,South Dakota,,
CUST-351251,Owen P. Howard,Male,58,61,"Engineer, aeronautical",Yes,Yes,United States,South Dakota,,
CUST-455196,Aaron E. Daniel,Male,47,56,"Geologist, wellsite",No,Yes,United States,South Dakota,,
CUST-590960,Gabriel U. Barnett,Male,37,49,"Programmer, systems",No,Yes,United States,South Dakota,,
CUST-260268,William D. Mason,Male,33,53,Chemical engineer,No,Yes,United States,South Dakota,,
CUST-834260,Nathan T. Banks,Male,33,44,Wellsite geologist,No,Yes,United States,South Dakota,,
CUST-418593,Alexander C. Jensen,Male,57,75,Publishing rights manager,No,Yes,United States,South Dakota,,
CUST-996127,Anthony S. Gray,Male,40,49,Insurance account manager,Yes,Yes,United States,South Dakota,,
CUST-288726,Thomas Z. Hawkins,Male,47,64,Advertising copywriter,No,Yes,United States,South Dakota,,
CUST-299242,Luke H. Williamson,Male,43,68,"Administrator, sports",Yes,Yes,United States,South Dakota,,
CUST-815563,Zachary A. Bell,Male,19,38,"Editor, film/video",No,Yes,United States,South Dakota,,
CUST-526052,Andrew X. Hardy,Male,33,49,Firefighter,Yes,Yes,United States,South Dakota,,
CUST-585870,Jack Z. Hamilton,Male,52,62,Gaffer,No,Yes,United States,South Dakota,,
CUST-977924,Owen K. Stevens,Male,20,29,Claims inspector/assessor,Yes,Yes,United States,South Dakota,,
CUST-195184,Matthew S. Paul,Male,29,42,Armed forces logistics/support/administrative officer,No,Yes,United States,South Dakota,,
CUST-327092,David H. Powers,Male,37,51,Interpreter,Yes,Yes,United States,South Dakota,,
CUST-875098,Cameron D. Stokes,Male,49,53,Microbiologist,Yes,Yes,United States,South Dakota,,
CUST-594950,Dylan U. James,Male,44,63,"Editor, film/video",Yes,Yes,United States,South Dakota,,
CUST-262988,Sebastian S. Wagner,Male,28,45,"Pilot, airline",Yes,Yes,United States,South Dakota,,
CUST-169974,Zachary G. Stokes,Male,41,66,Stage manager,Yes,Yes,United States,South Dakota,,
CUST-118285,William Y. Becker,Male,42,64,Agricultural consultant,No,Yes,United States,South Dakota,,
CUST-588548,Zachary L. Farmer,Male,55,73,Travel agency manager,Yes,Yes,United States,South Dakota,,
CUST-328048,Connor H. Dixon,Male,60,76,Financial manager,No,Yes,United States,South Dakota,,
CUST-173339,Henry Z. Walton,Male,23,43,Energy engineer,No,Yes,United States,South Dakota,,
CUST-869311,Sebastian K. Strickland,Male,26,49,Intelligence analyst,Yes,Yes,United States,South Dakota,,
CUST-514851,James S. Byrd,Male,45,47,Civil Service administrator,Yes,Yes,United States,South Dakota,,
CUST-611861,William G. Black,Male,56,81,"Designer, multimedia",No,Yes,United States,South Dakota,,
CUST-611453,Anthony E. Beck,Male,50,72,Race relations officer,No,Yes,United States,South Dakota,,
CUST-744398,Owen H. Brewer,Male,34,38,Biomedical scientist,Yes,Yes,United States,South Dakota,,
CUST-556106,Gabriel U. Green,Male,59,77,Holiday representative,Yes,Yes,United States,South Dakota,,
CUST-913556,Andrew N. Spencer,Male,60,70,Chartered accountant,No,Yes,United States,South Dakota,,
CUST-446754,Wyatt M. Tate,Male,45,70,Metallurgist,No,Yes,United States,South Dakota,,
CUST-881699,William E. Washington,Male,59,75,Research scientist (medical),No,Yes,United States,South Dakota,,
CUST-265977,Thomas J. Garza,Male,53,77,Animal nutritionist,Yes,Yes,United States,South Dakota,,
CUST-712120,Nathan C. Williams,Male,23,36,"Investment banker, operational",No,Yes,United States,South Dakota,,
CUST-484491,Hunter C. Williams,Male,58,80,Cartographer,Yes,Yes,United States,South Dakota,,
CUST-560657,Aaron L. Harrison,Male,46,60,Tourism officer,No,Yes,United States,South Dakota,,
CUST-472269,Wyatt M. Newman,Male,26,35,Dance movement psychotherapist,No,Yes,United States,South Dakota,,
CUST-957311,Gabriel F. Guzman,Male,47,56,Furniture conservator/restorer,No,Yes,United States,South Dakota,,
CUST-551050,Hunter U. Doyle,Male,27,49,Gaffer,Yes,Yes,United States,South Dakota,,
CUST-811941,Joshua I. Morales,Male,20,36,Print production planner,No,Yes,United States,South Dakota,,
CUST-575623,Cameron Y. Hardy,Male,26,47,"Doctor, hospital",Yes,Yes,United States,South Dakota,,
CUST-793689,Lucas Y. Moore,Male,33,56,Sports development officer,No,Yes,United States,South Dakota,,
CUST-836244,Adam J. Crawford,Male,22,27,Optometrist,Yes,Yes,United States,South Dakota,,
CUST-748838,Joshua J. Marshall,Male,34,44,Exhibition designer,Yes,Yes,United States,South Dakota,,
CUST-529618,Nicholas L. Potter,Male,30,46,Academic librarian,No,Yes,United States,South Dakota,,
CUST-215479,Connor F. Watts,Male,41,53,Physiotherapist,No,Yes,United States,South Dakota,,
CUST-727419,Zachary S. Morgan,Male,23,37,English as a second language teacher,Yes,Yes,United States,South Dakota,,
CUST-713260,Joseph M. Vega,Male,53,63,Broadcast engineer,Yes,Yes,United States,South Dakota,,
CUST-323216,Connor N. Allen,Male,60,72,"Runner, broadcasting/film/video",Yes,Yes,United States,South Dakota,,
CUST-572823,Caleb Q. Riley,Male,48,69,Chief Operating Officer,No,Yes,United States,South Dakota,,
CUST-245337,Nathan A. Young,Male,51,75,"Production assistant, television",Yes,Yes,United States,South Dakota,,
CUST-549867,Theodore G. Castro,Male,54,60,Illustrator,No,Yes,United States,South Dakota,,
CUST-859072,Gabriel Q. Brooks,Male,29,40,Radio broadcast assistant,No,Yes,United States,South Dakota,,
CUST-844613,Jack K. Turner,Male,37,49,Financial controller,No,Yes,United States,South Dakota,,
CUST-688357,Dylan B. Garrett,Male,58,67,"Designer, television/film set",Yes,Yes,United States,South Dakota,,
CUST-220151,Carter E. Stewart,Male,38,53,Interior and spatial designer,No,Yes,United States,South Dakota,,
CUST-185236,Joshua N. Willis,Male,54,70,Higher education careers adviser,Yes,Yes,United States,South Dakota,,
CUST-609562,Aaron J. Fitzgerald,Male,35,58,"Investment banker, corporate",No,Yes,United States,South Dakota,,
CUST-669978,Anthony X. Hardy,Male,24,48,Make,No,Yes,United States,South Dakota,,
CUST-281501,Jack E. Mack,Male,52,68,Mental health nurse,Yes,Yes,United States,South Dakota,,
CUST-163072,Austin N. Waters,Male,41,43,Lawyer,No,Yes,United States,South Dakota,,
CUST-541777,Lucas O. Williamson,Male,18,22,Plant breeder/geneticist,Yes,Yes,United States,South Dakota,,
CUST-961111,Dylan X. Russell,Male,54,58,Exercise physiologist,No,Yes,United States,South Dakota,,
CUST-330391,Zachary J. Morales,Male,52,53,Associate Professor,No,Yes,United States,South Dakota,,
CUST-777712,James R. Powers,Male,24,37,Tree surgeon,Yes,Yes,United States,South Dakota,,
CUST-284652,Connor Z. Alvarado,Male,44,58,Contractor,No,Yes,United States,South Dakota,,
CUST-824110,Connor W. Gardner,Male,42,61,Industrial/product designer,No,Yes,United States,South Dakota,,
CUST-124019,William E. Love,Male,48,61,Sport and exercise psychologist,No,Yes,United States,South Dakota,,
CUST-189285,Gabriel U. Valdez,Male,57,77,"Research officer, trade union",No,Yes,United States,South Dakota,,
CUST-638958,Jack W. Moody,Male,49,59,Contracting civil engineer,Yes,Yes,United States,South Dakota,,
CUST-947299,David X. Hubbard,Male,43,55,"Engineer, technical sales",Yes,Yes,United States,South Dakota,,
CUST-973725,David W. Lowe,Male,60,83,"Lecturer, further education",No,Yes,United States,South Dakota,,
CUST-183541,Hunter K. King,Male,29,43,Retail merchandiser,Yes,Yes,United States,South Dakota,,
CUST-692752,Thomas D. Moody,Male,22,23,Geophysicist/field seismologist,Yes,Yes,United States,South Dakota,,
CUST-732100,James E. Fox,Male,37,52,Interior and spatial designer,No,Yes,United States,South Dakota,,
CUST-642848,Jack B. Griffith,Male,46,71,Chartered certified accountant,No,Yes,United States,South Dakota,,
CUST-725505,William N. Banks,Male,31,39,"Producer, radio",No,Yes,United States,South Dakota,,
CUST-971189,Alexander N. Dennis,Male,49,54,"Research officer, government",No,Yes,United States,South Dakota,,
CUST-439248,Nathan V. Hicks,Male,45,53,Sports therapist,Yes,Yes,United States,South Dakota,,
CUST-710824,Nicholas P. Murray,Male,36,51,"Teacher, adult education",Yes,Yes,United States,South Dakota,,
CUST-633919,Owen O. Bowen,Male,26,51,Animal technologist,No,Yes,United States,South Dakota,,
CUST-332364,Aaron F. Aguilar,Male,45,64,Bookseller,No,Yes,United States,South Dakota,,
CUST-197100,Wyatt N. Ingram,Male,43,58,"Engineer, control and instrumentation",Yes,Yes,United States,South Dakota,,
CUST-643534,Sebastian S. Lyons,Male,28,53,Emergency planning/management officer,No,Yes,United States,South Dakota,,
CUST-400763,Caleb V. Mitchell,Male,41,49,"Producer, radio",Yes,Yes,United States,South Dakota,,
CUST-869982,David C. Maldonado,Male,52,77,Midwife,No,No,United States,North Carolina,,
CUST-650793,Hunter A. Hunt,Male,39,53,"Doctor, general practice",No,No,United States,North Carolina,,
CUST-775577,Benjamin A. Burton,Male,41,62,Astronomer,Yes,No,United States,North Carolina,,
CUST-139540,Oliver U. Garner,Male,57,70,Passenger transport manager,Yes,No,United States,North Carolina,,
CUST-863599,Anthony V. Ortiz,Male,60,63,"Designer, textile",No,No,United States,North Carolina,,
CUST-325728,Zachary A. Farmer,Male,42,54,Games developer,Yes,No,United States,North Carolina,,
CUST-662209,Anthony N. Hammond,Male,59,78,Forensic psychologist,Yes,No,United States,North Carolina,,
CUST-493401,Christopher R. Mack,Male,59,64,Magazine features editor,Yes,No,United States,North Carolina,,
CUST-645466,Aaron N. White,Male,36,50,"Librarian, academic",Yes,No,United States,North Carolina,,
CUST-846548,Austin N. Hart,Male,41,61,Contractor,Yes,No,United States,North Carolina,,
CUST-158070,Connor Z. Greer,Male,37,51,Hospital doctor,Yes,No,United States,North Carolina,,
CUST-923688,David K. White,Male,60,77,Tax adviser,Yes,No,United States,North Carolina,,
CUST-326614,Alexander L. Parks,Male,45,69,Commissioning editor,No,No,United States,North Carolina,,
CUST-730753,Christopher A. Bishop,Male,24,37,Early years teacher,No,No,United States,North Carolina,,
CUST-201889,James J. Rowe,Male,21,33,"Education officer, museum",Yes,No,United States,North Carolina,,
CUST-793315,Dylan I. Maxwell,Male,26,50,Civil Service fast streamer,No,No,United States,North Carolina,,
CUST-958256,Charles J. Castro,Male,53,69,"Education officer, museum",No,No,United States,North Carolina,,
CUST-437310,Cameron X. Webb,Male,48,51,"Engineer, production",Yes,No,United States,North Carolina,,
CUST-896886,Theodore T. Mack,Male,47,62,Music therapist,Yes,No,United States,North Carolina,,
CUST-172147,Anthony Z. Andrews,Male,56,63,Acupuncturist,Yes,No,United States,North Carolina,,
CUST-277650,Anthony X. Barrett,Male,45,52,Geophysicist/field seismologist,Yes,No,United States,North Carolina,,
CUST-667320,Thomas F. Hansen,Male,51,53,"Journalist, newspaper",Yes,No,United States,North Carolina,,
CUST-429462,Andrew I. Kelley,Male,52,75,"Psychologist, forensic",No,No,United States,North Carolina,,
CUST-871115,Lucas Z. Watson,Male,40,53,Speech and language therapist,Yes,No,United States,North Carolina,,
CUST-914456,Nathan J. Fuller,Male,59,69,Environmental consultant,No,No,United States,North Carolina,,
CUST-209015,Thomas B. Strickland,Male,45,64,"Surveyor, rural practice",No,No,United States,North Carolina,,
CUST-178171,Anthony K. Jimenez,Male,26,49,"Designer, jewellery",Yes,No,United States,North Carolina,,
CUST-976016,William M. Banks,Male,18,25,"Conservation officer, historic buildings",No,No,United States,North Carolina,,
CUST-257345,Dylan X. Gutierrez,Male,51,57,Health and safety adviser,Yes,No,United States,North Carolina,,
CUST-698708,Lucas I. Stone,Male,47,72,Sales executive,No,No,United States,North Carolina,,
CUST-720822,Adam J. Guerrero,Male,38,62,Economist,No,No,United States,North Carolina,,
CUST-874585,Henry O. Alvarado,Male,24,49,"Engineer, civil (consulting)",Yes,No,United States,North Carolina,,
CUST-250252,Thomas D. Davidson,Male,36,49,Hospital pharmacist,Yes,No,United States,North Carolina,,
CUST-215991,Wyatt Y. Palmer,Male,22,27,Marketing executive,No,No,United States,North Carolina,,
CUST-428506,Lucas S. Mills,Male,33,48,Research scientist (life sciences),Yes,No,United States,North Carolina,,
CUST-626612,Luke S. Ferguson,Male,41,59,"Scientist, biomedical",Yes,No,United States,North Carolina,,
CUST-712162,Oliver J. Diaz,Male,28,32,Heritage manager,No,No,United States,North Carolina,,
CUST-167089,Anthony D. Ferguson,Male,48,56,Homeopath,Yes,No,United States,North Carolina,,
CUST-176474,Benjamin G. Bishop,Male,53,73,Optometrist,No,No,United States,North Carolina,,
CUST-587032,Joseph B. Lindsey,Male,28,51,Armed forces training and education officer,Yes,No,United States,North Carolina,,
CUST-518236,Joshua L. Berry,Male,47,48,Broadcast journalist,No,No,United States,North Carolina,,
CUST-580998,Matthew G. Page,Male,40,53,"Designer, industrial/product",No,No,United States,North Carolina,,
CUST-483181,Dylan J. Price,Male,50,58,Research scientist (maths),Yes,No,United States,North Carolina,,
CUST-687268,Lucas I. Strickland,Male,34,37,Water quality scientist,Yes,No,United States,North Carolina,,
CUST-733106,Joseph Q. McDonald,Male,42,67,Photographer,Yes,No,United States,North Carolina,,
CUST-307856,William E. Greene,Male,30,46,"Scientist, product/process development",Yes,No,United States,North Carolina,,
CUST-814670,Thomas Z. Campbell,Male,18,35,Health visitor,No,No,United States,North Carolina,,
CUST-593749,Zachary J. Clark,Male,28,43,Commercial art gallery manager,No,No,United States,North Carolina,,
CUST-311193,Owen J. Erickson,Male,20,25,Copy,Yes,No,United States,North Carolina,,
CUST-226768,Matthew P. Peters,Male,26,51,"Designer, blown glass/stained glass",No,No,United States,North Carolina,,
CUST-306237,Joshua D. Joseph,Male,40,47,"Engineer, drilling",Yes,No,United States,North Carolina,,
CUST-459201,Austin G. Brooks,Male,39,44,Neurosurgeon,Yes,No,United States,North Carolina,,
CUST-201078,Zachary Z. Weaver,Male,35,56,Cytogeneticist,Yes,No,United States,North Carolina,,
CUST-205467,Charles P. Moss,Male,44,48,Politician's assistant,No,No,United States,North Carolina,,
CUST-894681,Zachary I. Mendez,Male,22,45,Commercial horticulturist,No,No,United States,North Carolina,,
CUST-267004,James D. Cobb,Male,21,34,Health and safety inspector,Yes,No,United States,North Carolina,,
CUST-929758,Daniel U. Clark,Male,25,33,Operational researcher,No,No,United States,North Carolina,,
CUST-624271,James T. Adams,Male,18,21,"Psychologist, sport and exercise",No,No,United States,North Carolina,,
CUST-889068,Christopher Y. Williamson,Male,23,40,"Engineer, chemical",No,No,United States,North Carolina,,
CUST-619505,Carter O. Coleman,Male,38,62,Industrial/product designer,Yes,No,United States,North Carolina,,
CUST-370297,Lucas Y. Cohen,Male,23,48,"Clinical scientist, histocompatibility and immunogenetics",Yes,No,United States,North Carolina,,
CUST-562585,Austin Y. Peters,Male,35,43,Research scientist (medical),No,No,United States,North Carolina,,
CUST-348192,Henry K. Hanson,Male,38,57,Human resources officer,No,No,United States,North Carolina,,
CUST-767173,Charles I. Nelson,Male,52,65,"Librarian, academic",No,No,United States,North Carolina,,
CUST-135883,Gabriel Q. Fleming,Male,34,40,Lobbyist,No,No,United States,North Carolina,,
CUST-295843,Adam S. Leonard,Male,58,64,Human resources officer,Yes,No,United States,North Carolina,,
CUST-672253,William M. Ramsey,Male,34,46,Nature conservation officer,Yes,No,United States,North Carolina,,
CUST-167114,Joshua R. Palmer,Male,26,33,"Designer, textile",No,No,United States,North Carolina,,
CUST-305569,Dylan D. Saunders,Male,50,75,Equities trader,No,No,United States,North Carolina,,
CUST-457745,Oliver N. Ramsey,Male,45,69,Agricultural engineer,No,No,United States,North Carolina,,
CUST-354572,Benjamin R. Fleming,Male,25,44,Homeopath,No,No,United States,North Carolina,,
CUST-189775,Aaron F. Bennett,Male,20,32,"Psychologist, forensic",Yes,No,United States,North Carolina,,
CUST-658198,Nicholas D. Wise,Male,30,49,"Programmer, multimedia",No,No,United States,North Carolina,,
CUST-450244,Oliver A. Lindsey,Male,45,57,Outdoor activities/education manager,No,No,United States,North Carolina,,
CUST-806477,Lucas Q. Valdez,Male,51,55,"Secretary, company",Yes,No,United States,North Carolina,,
CUST-436722,Anthony U. Wood,Male,48,61,"Copywriter, advertising",No,No,United States,North Carolina,,
CUST-768860,Benjamin O. Ramsey,Male,41,57,Architectural technologist,No,Yes,United States,North Carolina,,
CUST-805842,Henry W. Moody,Male,51,76,Camera operator,Yes,Yes,United States,North Carolina,,
CUST-895979,James F. Carroll,Male,47,53,Games developer,No,Yes,United States,North Carolina,,
CUST-401166,Carter O. Howard,Male,28,41,"Designer, fashion/clothing",Yes,Yes,United States,North Carolina,,
CUST-553716,Alexander Q. Tate,Male,46,57,Nature conservation officer,No,Yes,United States,North Carolina,,
CUST-138706,Adam P. Lynch,Male,31,47,Editorial assistant,No,Yes,United States,North Carolina,,
CUST-546221,Daniel X. Thompson,Male,46,59,Financial planner,No,Yes,United States,North Carolina,,
CUST-698316,Alexander P. Castro,Male,59,76,Dealer,Yes,Yes,United States,North Carolina,,
CUST-777396,Connor B. Chambers,Male,48,72,Legal executive,Yes,Yes,United States,North Carolina,,
CUST-567007,David X. Thomas,Male,29,42,Operations geologist,Yes,Yes,United States,North Carolina,,
CUST-515202,Hunter R. Wells,Male,47,60,Event organiser,Yes,Yes,United States,North Carolina,,
CUST-224763,Lucas G. Foster,Male,39,55,Homeopath,Yes,Yes,United States,North Carolina,,
CUST-608837,Cameron N. Jones,Male,29,46,Research scientist (maths),No,Yes,United States,North Carolina,,
CUST-972493,Anthony L. Carpenter,Male,34,44,Art therapist,Yes,Yes,United States,North Carolina,,
CUST-917326,Isaac Z. Green,Male,39,51,Cabin crew,No,Yes,United States,North Carolina,,
CUST-990852,Austin W. Lane,Male,41,48,"Engineer, land",Yes,Yes,United States,North Carolina,,
CUST-133969,Thomas C. Palmer,Male,35,46,"Therapist, art",No,Yes,United States,North Carolina,,
CUST-664460,William L. Olson,Male,18,19,Patent attorney,No,Yes,United States,North Carolina,,
CUST-690096,Charles B. Brewer,Male,31,50,Homeopath,No,Yes,United States,North Carolina,,
CUST-356037,Zachary W. Hammond,Male,22,33,Psychiatrist,No,Yes,United States,North Carolina,,
CUST-592637,Daniel N. Hodges,Male,33,57,Colour technologist,Yes,Yes,United States,North Carolina,,
CUST-217413,Owen E. Ingram,Male,24,49,"Engineer, structural",Yes,Yes,United States,North Carolina,,
CUST-827658,Wyatt W. Edwards,Male,24,43,Statistician,No,Yes,United States,North Carolina,,
CUST-579403,Zachary D. Brown,Male,42,43,Systems developer,No,Yes,United States,North Carolina,,
CUST-105316,Nicholas E. Robbins,Male,33,45,Interior and spatial designer,No,Yes,United States,North Carolina,,
CUST-180245,Daniel U. Kennedy,Male,29,48,"Therapist, speech and language",Yes,Yes,United States,North Carolina,,
CUST-958092,Connor O. Manning,Male,18,27,Press photographer,No,Yes,United States,North Carolina,,
CUST-469416,Thomas L. Rhodes,Male,55,71,Retail merchandiser,No,Yes,United States,North Carolina,,
CUST-783026,Oliver I. Lynch,Male,19,26,Commissioning editor,Yes,Yes,United States,North Carolina,,
CUST-653813,Wyatt U. Francis,Male,56,70,Clothing/textile technologist,No,Yes,United States,North Carolina,,
CUST-114729,Joshua F. Munoz,Male,31,33,Illustrator,No,Yes,United States,North Carolina,,
CUST-868148,Theodore D. Ramos,Male,43,46,Operations geologist,No,Yes,United States,North Carolina,,
CUST-992004,Owen Y. Hicks,Male,34,38,Records manager,Yes,Yes,United States,North Carolina,,
CUST-829461,Anthony Z. Townsend,Male,27,30,"Surveyor, insurance",No,Yes,United States,North Carolina,,
CUST-164606,Gabriel K. Black,Male,18,22,Patent attorney,Yes,Yes,United States,North Carolina,,
CUST-836226,Owen K. Thornton,Male,28,35,Advertising art director,No,Yes,United States,North Carolina,,
CUST-518491,Christopher Q. Fuller,Male,43,66,Research scientist (life sciences),No,Yes,United States,North Carolina,,
CUST-115629,Aaron V. McCarthy,Male,19,41,Medical technical officer,Yes,Yes,United States,North Carolina,,
CUST-354079,Zachary V. George,Male,30,49,Chartered public finance accountant,Yes,Yes,United States,North Carolina,,
CUST-217528,Theodore K. Swanson,Male,24,47,Civil Service fast streamer,No,Yes,United States,North Carolina,,
CUST-996399,Anthony E. Parker,Male,40,42,Media buyer,Yes,Yes,United States,North Carolina,,
CUST-502260,Lucas V. Schneider,Male,35,36,"Sound technician, broadcasting/film/video",No,Yes,United States,North Carolina,,
CUST-767663,William M. Parker,Male,53,77,Printmaker,No,Yes,United States,North Carolina,,
CUST-345136,Cameron T. Lawrence,Male,34,45,Records manager,No,Yes,United States,North Carolina,,
CUST-669319,Lucas B. Moody,Male,26,40,"Journalist, newspaper",No,Yes,United States,North Carolina,,
CUST-145444,Joseph M. Reed,Male,51,69,Leisure centre manager,Yes,Yes,United States,North Carolina,,
CUST-274766,Austin J. Weber,Male,36,42,Trading standards officer,No,Yes,United States,North Carolina,,
CUST-122869,William K. Moore,Male,51,67,Phytotherapist,No,Yes,United States,North Carolina,,
CUST-424755,David H. Washington,Male,31,49,Dispensing optician,No,Yes,United States,North Carolina,,
CUST-622138,Matthew S. Curtis,Male,42,62,Applications developer,No,Yes,United States,North Carolina,,
CUST-117507,Oliver X. Curtis,Male,52,68,Location manager,Yes,Yes,United States,North Carolina,,
CUST-830577,Joseph G. Soto,Male,44,46,Theme park manager,No,Yes,United States,North Carolina,,
CUST-970713,Benjamin Z. Schultz,Male,55,73,Chiropractor,Yes,Yes,United States,North Carolina,,
CUST-313241,Nathan M. Barnes,Male,56,65,Manufacturing systems engineer,No,Yes,United States,North Carolina,,
CUST-476720,Sebastian X. Lucas,Male,31,46,Dietitian,Yes,Yes,United States,North Carolina,,
CUST-984078,James F. Duncan,Male,32,48,"Conservation officer, nature",Yes,Yes,United States,North Carolina,,
CUST-683373,Christopher G. Morales,Male,35,42,"Engineer, petroleum",No,Yes,United States,North Carolina,,
CUST-861477,Austin I. Greer,Male,21,29,Armed forces logistics/support/administrative officer,Yes,Yes,United States,North Carolina,,
CUST-998517,Nathan R. Hansen,Male,20,43,Arts administrator,Yes,Yes,United States,North Carolina,,
CUST-348000,Aaron S. Craig,Male,34,49,Higher education lecturer,Yes,Yes,United States,North Carolina,,
CUST-182200,William H. Brewer,Male,33,42,Ambulance person,Yes,Yes,United States,North Carolina,,
CUST-601716,William F. Swanson,Male,52,57,"Horticulturist, amenity",No,Yes,United States,North Carolina,,
CUST-299783,Joshua R. Daniel,Male,57,73,Volunteer coordinator,Yes,No,United States,Tennessee,,
CUST-122811,Gabriel K. Medina,Male,21,28,"Pharmacist, hospital",Yes,No,United States,Tennessee,,
CUST-595238,Andrew X. Erickson,Male,40,41,Physiotherapist,Yes,No,United States,Tennessee,,
CUST-100613,Benjamin K. Diaz,Male,21,22,Furniture conservator/restorer,Yes,Yes,United States,Tennessee,,
CUST-660417,Alexander Y. Baker,Male,55,74,Barrister's clerk,Yes,Yes,United States,Tennessee,,
CUST-661265,Christopher N. Weaver,Male,18,41,"Runner, broadcasting/film/video",Yes,Yes,United States,Tennessee,,
CUST-109707,Christopher W. Hines,Male,58,75,Astronomer,Yes,Yes,United States,Tennessee,,
CUST-115144,Connor R. Gross,Male,23,29,"Research officer, political party",Yes,No,United States,Tennessee,,
CUST-368871,Daniel F. George,Male,40,59,Clinical cytogeneticist,Yes,Yes,United States,Tennessee,,
CUST-322565,Benjamin W. Becker,Male,32,47,Data processing manager,Yes,No,United States,Tennessee,,
CUST-684085,Caleb K. Carpenter,Male,33,42,Colour technologist,Yes,No,United States,Tennessee,,
CUST-813926,Theodore Q. Schmidt,Male,22,42,"Scientist, research (medical)",Yes,No,United States,Tennessee,,
CUST-375946,Luke A. Hunter,Male,23,34,"Designer, multimedia",Yes,No,United States,Tennessee,,
CUST-701260,Nicholas P. Becker,Male,40,52,Furniture designer,Yes,Yes,United States,Tennessee,,
CUST-716005,Joseph O. Warren,Male,42,56,Location manager,Yes,Yes,United States,Tennessee,,
CUST-738089,David E. Curry,Male,37,39,"Surveyor, building",Yes,Yes,United States,Tennessee,,
CUST-824435,Joseph T. Wade,Male,55,59,Tax inspector,Yes,Yes,United States,Tennessee,,
CUST-628276,Andrew P. McKinney,Male,40,48,"Engineer, manufacturing",Yes,No,United States,Tennessee,,
CUST-823632,Jackson M. Hicks,Male,27,35,Copy,Yes,No,United States,Tennessee,,
CUST-243200,Jack V. Norris,Male,31,47,Printmaker,Yes,Yes,United States,Tennessee,,
CUST-650558,Alexander L. Mack,Male,19,31,Insurance account manager,Yes,Yes,United States,Tennessee,,
CUST-899001,Alexander H. Dean,Male,37,61,Transport planner,Yes,Yes,United States,Tennessee,,
CUST-425704,Aaron O. Kelly,Male,59,80,"Administrator, charities/voluntary organisations",Yes,No,United States,Tennessee,,
CUST-600695,Henry R. Yates,Male,57,79,Retail manager,Yes,Yes,United States,Tennessee,,
CUST-585935,Adam S. Reyes,Male,43,50,"Geologist, engineering",Yes,Yes,United States,Tennessee,,
CUST-833713,Nathan R. Baker,Male,52,77,Production manager,Yes,No,United States,Tennessee,,
CUST-116748,David V. Kelly,Male,48,70,"Restaurant manager, fast food",Yes,No,United States,Tennessee,,
CUST-981740,Carter P. Powers,Male,47,70,Historic buildings inspector/conservation officer,Yes,No,United States,Tennessee,,
CUST-579535,Sebastian Z. Watts,Male,44,58,Early years teacher,Yes,No,United States,Tennessee,,
CUST-657739,David C. Fletcher,Male,59,84,Hydrogeologist,Yes,Yes,United States,Tennessee,,
CUST-657074,Joshua A. Phillips,Male,31,37,Customer service manager,Yes,Yes,United States,Tennessee,,
CUST-120803,Joshua Z. Pope,Male,28,44,English as a second language teacher,Yes,Yes,United States,Tennessee,,
CUST-704527,Gabriel D. Stanley,Male,29,34,Theatre director,Yes,Yes,United States,Tennessee,,
CUST-367657,Nicholas H. Pope,Male,43,48,Contracting civil engineer,Yes,Yes,United States,Tennessee,,
CUST-320019,David A. Byrd,Male,46,52,Advertising copywriter,Yes,No,United States,Tennessee,,
CUST-878625,Austin H. Dean,Male,50,73,Medical laboratory scientific officer,Yes,No,United States,Tennessee,,
CUST-977818,Zachary F. Lucas,Male,20,30,Museum/gallery exhibitions officer,Yes,Yes,United States,Tennessee,,
CUST-715761,Oliver N. Warner,Male,54,72,Chiropractor,Yes,Yes,United States,Tennessee,,
CUST-249546,Charles H. Coleman,Male,52,57,Clinical embryologist,Yes,No,United States,Tennessee,,
CUST-915947,Jack V. Flowers,Male,45,56,Music tutor,Yes,Yes,United States,Tennessee,,
CUST-385841,Nicholas R. Erickson,Male,48,60,Hotel manager,Yes,Yes,United States,Tennessee,,
CUST-976813,Zachary W. Moreno,Male,25,39,Advertising copywriter,Yes,Yes,United States,Tennessee,,
CUST-151940,Zachary E. Goodman,Male,22,43,"Civil engineer, consulting",Yes,No,United States,Tennessee,,
CUST-261911,Joseph M. Parks,Male,55,74,"Engineer, communications",Yes,Yes,United States,Tennessee,,
CUST-969369,Owen D. Porter,Male,28,45,Geoscientist,Yes,No,United States,Tennessee,,
CUST-828001,Matthew Q. Guerrero,Male,28,53,Government social research officer,Yes,No,United States,Tennessee,,
CUST-825607,Sebastian G. Caldwell,Male,24,28,Radio producer,Yes,No,United States,Tennessee,,
CUST-894803,Daniel B. Meyer,Male,50,61,"Programmer, applications",Yes,Yes,United States,Tennessee,,
CUST-192253,Daniel O. King,Male,36,49,Field seismologist,Yes,Yes,United States,Tennessee,,
CUST-825037,Connor G. Jordan,Male,40,45,Furniture conservator/restorer,Yes,Yes,United States,Tennessee,,
CUST-544376,Jack W. Ferguson,Male,39,45,Human resources officer,Yes,No,United States,Tennessee,,
CUST-881228,Joshua E. Silva,Male,48,54,Chartered management accountant,Yes,Yes,United States,Tennessee,,
CUST-422729,Benjamin C. Washington,Male,25,32,Immunologist,Yes,No,United States,Tennessee,,
CUST-857205,Jack B. Stevens,Male,22,35,Musician,Yes,Yes,United States,Tennessee,,
CUST-481087,Gabriel U. Hanson,Male,41,54,Phytotherapist,Yes,Yes,United States,Tennessee,,
CUST-949193,Jackson Y. Woods,Male,55,71,Advertising art director,Yes,Yes,United States,Tennessee,,
CUST-292524,Wyatt Z. Wood,Male,41,58,Freight forwarder,Yes,Yes,United States,Tennessee,,
CUST-248721,James S. Watts,Male,44,54,"Scientist, water quality",Yes,No,United States,Tennessee,,
CUST-827193,Anthony M. Walker,Male,58,66,"Development worker, international aid",Yes,No,United States,Tennessee,,
CUST-366876,Anthony M. Barker,Male,47,54,Retail buyer,Yes,No,United States,Tennessee,,
CUST-384002,Sebastian H. Cook,Male,24,48,Personnel officer,Yes,Yes,United States,Tennessee,,
CUST-463170,Thomas B. Gibson,Male,59,76,Retail banker,Yes,Yes,United States,Tennessee,,
CUST-999056,Luke P. Bowman,Male,34,58,Estate manager/land agent,Yes,No,United States,Tennessee,,
CUST-415507,Andrew A. Meyer,Male,53,67,Paramedic,Yes,No,United States,Tennessee,,
CUST-376371,Andrew B. Wagner,Male,40,54,Science writer,Yes,No,United States,Tennessee,,
CUST-743035,Daniel D. Peterson,Male,39,59,"Engineer, drilling",No,Yes,United States,Tennessee,,
CUST-164427,Joshua L. Ruiz,Male,53,62,Health and safety inspector,No,No,United States,Tennessee,,
CUST-398659,Adam Y. Schneider,Male,58,64,"Surveyor, quantity",No,No,United States,Tennessee,,
CUST-531647,Alexander O. Banks,Male,56,72,Recruitment consultant,No,No,United States,Tennessee,,
CUST-511372,Caleb H. Tyler,Male,49,59,Personal assistant,No,Yes,United States,Tennessee,,
CUST-374320,James E. Elliott,Male,28,34,"Surveyor, building control",No,Yes,United States,Tennessee,,
CUST-992822,Gabriel E. Henderson,Male,27,41,"Geologist, engineering",No,Yes,United States,Tennessee,,
CUST-278998,Matthew H. Evans,Male,41,54,"Engineer, agricultural",No,Yes,United States,Tennessee,,
CUST-319808,Jack J. Medina,Male,46,66,"Restaurant manager, fast food",No,Yes,United States,Tennessee,,
CUST-617739,Joseph E. Nelson,Male,29,50,Local government officer,No,No,United States,Tennessee,,
CUST-801715,Joshua X. Vega,Male,54,70,Office manager,No,Yes,United States,Tennessee,,
CUST-734216,Matthew U. White,Male,38,57,Land/geomatics surveyor,No,Yes,United States,Tennessee,,
CUST-188097,David Q. Gilbert,Male,23,43,Probation officer,No,Yes,United States,Tennessee,,
CUST-452007,Caleb P. Howard,Male,54,71,Field trials officer,No,No,United States,Tennessee,,
CUST-217217,Henry M. James,Male,29,44,"Engineer, maintenance",No,No,United States,Tennessee,,
CUST-706062,Luke L. Saunders,Male,32,55,"Sound technician, broadcasting/film/video",No,No,United States,Tennessee,,
CUST-265271,Henry M. Mullins,Male,58,80,"Biochemist, clinical",No,Yes,United States,Tennessee,,
CUST-885771,James R. Davidson,Male,24,31,Haematologist,No,No,United States,Tennessee,,
CUST-264629,Gabriel X. Lewis,Male,31,41,Conference centre manager,No,Yes,United States,Tennessee,,
CUST-590235,Daniel D. Fuller,Male,41,56,Building control surveyor,No,No,United States,Tennessee,,
CUST-642140,Theodore M. Hughes,Male,37,60,Immigration officer,No,Yes,United States,Tennessee,,
CUST-238888,Jackson W. Burgess,Male,29,49,Forensic psychologist,No,No,United States,Tennessee,,
CUST-837973,Andrew Y. Rhodes,Male,36,61,Health service manager,No,Yes,United States,Tennessee,,
CUST-303587,Thomas H. Tate,Male,54,76,"Engineer, biomedical",No,No,United States,Tennessee,,
CUST-660174,Dylan U. Daniel,Male,27,50,Midwife,No,Yes,United States,Tennessee,,
CUST-133257,Anthony C. Thomas,Male,52,68,Actuary,No,Yes,United States,Tennessee,,
CUST-209287,Benjamin H. Adams,Male,37,59,Ceramics designer,No,No,United States,Tennessee,,
CUST-417934,Nicholas T. Stephens,Male,32,47,"Surveyor, land/geomatics",No,No,United States,Tennessee,,
CUST-987823,Jack D. Lyons,Male,44,68,Marketing executive,No,Yes,United States,Tennessee,,
CUST-578599,Cameron B. Lowe,Male,29,41,"Education officer, museum",No,No,United States,Tennessee,,
CUST-278534,James P. Flores,Male,20,27,"Teacher, English as a foreign language",No,Yes,United States,Tennessee,,
CUST-875553,Nicholas E. Reed,Male,51,58,Chief Financial Officer,No,Yes,United States,Tennessee,,
CUST-617523,Jack E. Morgan,Male,51,57,Architect,No,No,United States,Tennessee,,
CUST-742603,Caleb L. Osborne,Male,45,69,Set designer,No,No,United States,Tennessee,,
CUST-796644,Alexander F. McCoy,Male,32,35,"Runner, broadcasting/film/video",No,No,United States,Tennessee,,
CUST-537793,Charles Y. Saunders,Male,46,49,Tourist information centre manager,No,Yes,United States,Tennessee,,
CUST-715088,Alexander K. Kim,Male,39,44,Network engineer,No,No,United States,Tennessee,,
CUST-692067,Dylan Y. Lambert,Male,41,53,Environmental manager,No,Yes,United States,Tennessee,,
CUST-309395,Andrew N. Rodgers,Male,51,56,Conference centre manager,No,No,United States,Tennessee,,
CUST-518156,Benjamin O. Hines,Male,33,34,"Engineer, agricultural",No,Yes,United States,Tennessee,,
CUST-414909,Oliver H. Delgado,Male,57,67,Environmental health practitioner,No,No,United States,Tennessee,,
CUST-414342,William C. McCoy,Male,36,60,Midwife,No,No,United States,Tennessee,,
CUST-927647,Jack C. Bailey,Male,38,52,Housing manager/officer,No,No,United States,Tennessee,,
CUST-253538,Nathan K. Goodwin,Male,58,83,Personnel officer,No,Yes,United States,Tennessee,,
CUST-363935,Jack P. Holmes,Male,30,33,Brewing technologist,No,No,United States,Tennessee,,
CUST-715015,Austin D. Flowers,Male,47,71,"Teacher, English as a foreign language",No,Yes,United States,Tennessee,,
CUST-666335,Daniel C. Kennedy,Male,20,36,Video editor,No,Yes,United States,Tennessee,,
CUST-832367,Nathan D. Evans,Male,28,33,Aeronautical engineer,No,Yes,United States,Tennessee,,
CUST-875963,Jack R. Vaughn,Male,35,45,Advertising account executive,No,Yes,United States,Tennessee,,
CUST-111908,Jack C. Davis,Male,40,62,Audiological scientist,No,No,United States,Tennessee,,
CUST-921825,Carter I. Curry,Male,25,37,"Scientist, research (medical)",No,Yes,United States,Tennessee,,
CUST-961609,Cameron G. Burke,Male,48,58,General practice doctor,No,Yes,United States,Tennessee,,
CUST-502010,Matthew V. Matthews,Male,30,40,Landscape architect,No,No,United States,Tennessee,,
CUST-655510,Zachary O. Owens,Male,28,29,"Designer, interior/spatial",No,Yes,United States,Tennessee,,
CUST-828435,Owen T. Sims,Male,55,59,Product/process development scientist,No,No,United States,Tennessee,,
CUST-317319,Alexander T. Olson,Male,41,55,"Surveyor, land/geomatics",No,Yes,United States,Tennessee,,
CUST-639127,Jackson C. Payne,Male,30,53,"Psychologist, educational",No,No,United States,Tennessee,,
CUST-153226,Austin Y. Reed,Male,18,41,Music therapist,No,Yes,United States,Tennessee,,
CUST-310374,James G. Jones,Male,27,37,Cabin crew,No,No,United States,Tennessee,,
CUST-228392,Isaac V. Reyes,Male,44,55,Theatre stage manager,No,No,United States,Tennessee,,
CUST-435262,William V. Pena,Male,40,44,Occupational therapist,No,No,United States,Tennessee,,
CUST-180998,Hunter N. Sutton,Male,32,51,Electrical engineer,No,No,United States,Tennessee,,
CUST-525042,Benjamin L. Rodgers,Male,60,85,Radio broadcast assistant,No,No,United States,Tennessee,,
CUST-425537,Oliver S. Hampton,Male,48,60,Theatre director,No,Yes,United States,Tennessee,,
CUST-776620,Joseph D. Nguyen,Male,53,68,Pathologist,No,No,United States,Tennessee,,
CUST-900349,Adam J. Lindsey,Male,23,41,Insurance underwriter,No,No,United States,Tennessee,,
CUST-289107,Charles B. Vasquez,Male,44,53,Medical technical officer,No,Yes,United States,Tennessee,,
CUST-755370,Oliver U. Aguilar,Male,37,50,Clinical embryologist,No,No,United States,Tennessee,,
CUST-940336,Wyatt V. Hicks,Male,54,57,Occupational therapist,No,No,United States,Tennessee,,
CUST-529187,Nicholas T. Hunt,Male,34,41,Therapeutic radiographer,No,No,United States,Tennessee,,
CUST-999493,Zachary Z. Soto,Male,57,65,Architectural technologist,No,Yes,United States,Tennessee,,
CUST-522775,Joshua O. Bowen,Male,46,60,Copy,No,Yes,United States,Tennessee,,
CUST-422556,Jackson A. Woods,Male,28,33,Horticultural consultant,No,No,United States,Tennessee,,
CUST-566144,Wyatt D. Maxwell,Male,59,75,Dancer,Yes,No,United States,Illinois,,
CUST-477371,Benjamin O. Goodman,Male,38,50,"Engineer, chemical",No,No,United States,Illinois,,
CUST-351015,Nathan Q. Blair,Male,42,59,"Surveyor, planning and development",Yes,No,United States,Illinois,,
CUST-642699,Zachary Z. Andrews,Male,18,28,"Scientist, product/process development",No,No,United States,Illinois,,
CUST-543668,Charles J. Cohen,Male,50,57,"Engineer, building services",Yes,No,United States,Illinois,,
CUST-856024,Sebastian L. Brewer,Male,53,64,Academic librarian,No,No,United States,Illinois,,
CUST-626016,Isaac C. Keller,Male,46,50,Archivist,Yes,No,United States,Illinois,,
CUST-214192,Adam V. Alvarez,Male,60,84,Lawyer,No,No,United States,Illinois,,
CUST-146679,Luke U. Wood,Male,55,61,Community development worker,Yes,No,United States,Illinois,,
CUST-128877,Connor W. Hayes,Male,29,51,Exercise physiologist,Yes,No,United States,Illinois,,
CUST-865226,Hunter X. Burke,Male,42,62,Magazine journalist,Yes,No,United States,Illinois,,
CUST-641566,Christopher C. Cook,Male,37,60,Freight forwarder,No,No,United States,Illinois,,
CUST-160920,Henry E. Townsend,Male,55,71,"Conservator, museum/gallery",No,No,United States,Illinois,,
CUST-508058,Lucas X. Medina,Male,58,76,Hydrologist,Yes,No,United States,Illinois,,
CUST-814377,Nathan J. Cross,Male,32,45,Tax inspector,Yes,No,United States,Illinois,,
CUST-375545,Joshua E. Hicks,Male,35,54,Chiropractor,Yes,No,United States,Illinois,,
CUST-632344,James I. Mendoza,Male,31,39,Waste management officer,Yes,No,United States,Illinois,,
CUST-360350,Sebastian I. McDaniel,Male,21,23,Private music teacher,No,No,United States,Illinois,,
CUST-355048,Zachary D. Tyler,Male,19,20,"Conservation officer, nature",No,No,United States,Illinois,,
CUST-322896,William H. Wallace,Male,23,31,Health promotion specialist,Yes,No,United States,Illinois,,
CUST-727327,Oliver N. Osborne,Male,52,53,Chartered accountant,Yes,No,United States,Illinois,,
CUST-209494,Oliver F. Garrett,Male,60,79,"Education officer, museum",No,No,United States,Illinois,,
CUST-145834,Connor N. Mitchell,Male,31,46,"Programmer, systems",No,No,United States,Illinois,,
CUST-345242,Christopher B. Pena,Male,49,62,Government social research officer,No,No,United States,Illinois,,
CUST-482351,Alexander Y. Sanders,Male,24,47,Information systems manager,No,No,United States,Illinois,,
CUST-521020,Carter B. Franklin,Male,33,53,Medical sales representative,No,No,United States,Illinois,,
CUST-937281,Oliver J. Brooks,Male,55,73,"Accountant, chartered public finance",Yes,No,United States,Illinois,,
CUST-579848,William W. Ferguson,Male,28,37,Broadcast journalist,No,No,United States,Illinois,,
CUST-841965,Daniel D. Bates,Male,45,67,"Engineer, civil (consulting)",No,No,United States,Illinois,,
CUST-465377,Luke B. Vargas,Male,57,63,Cabin crew,No,No,United States,Illinois,,
CUST-148414,Caleb G. Warren,Male,34,56,Ecologist,Yes,No,United States,Illinois,,
CUST-262163,Daniel A. Neal,Male,53,59,Associate Professor,Yes,No,United States,Illinois,,
CUST-544248,Charles U. Burgess,Male,24,44,Youth worker,No,No,United States,Illinois,,
CUST-692299,Lucas N. Martin,Male,41,52,"Presenter, broadcasting",Yes,No,United States,Illinois,,
CUST-467030,Austin T. Powell,Male,59,70,Health and safety inspector,No,No,United States,Illinois,,
CUST-315591,Nathan X. Webb,Male,36,56,Chemical engineer,Yes,No,United States,Illinois,,
CUST-793915,Oliver Y. Fields,Male,43,64,Cabin crew,Yes,No,United States,Illinois,,
CUST-429899,Charles U. Vaughn,Male,51,60,Dentist,No,No,United States,Illinois,,
CUST-920742,James X. Mendez,Male,20,45,Heritage manager,No,No,United States,Illinois,,
CUST-456339,Austin J. Parker,Male,52,53,Research scientist (medical),Yes,No,United States,Illinois,,
CUST-502817,Hunter D. Garrett,Male,52,74,"Engineer, structural",No,No,United States,Illinois,,
CUST-567238,Austin R. Sharp,Male,24,48,"Therapist, drama",No,No,United States,Illinois,,
CUST-936766,Joshua C. Shelton,Male,49,74,"Conservation officer, nature",No,No,United States,Illinois,,
CUST-676070,James N. Hayes,Male,59,73,Clothing/textile technologist,No,No,United States,Illinois,,
CUST-480926,Joseph H. Parker,Male,48,68,Games developer,No,No,United States,Illinois,,
CUST-572905,Aaron X. Harvey,Male,56,72,"Surveyor, building",Yes,No,United States,Illinois,,
CUST-368121,Owen S. Reed,Male,36,42,Horticultural therapist,No,No,United States,Illinois,,
CUST-635926,Andrew K. Gomez,Male,45,51,Insurance underwriter,Yes,No,United States,Illinois,,
CUST-145457,Anthony R. Hicks,Male,49,67,Primary school teacher,No,No,United States,Illinois,,
CUST-435694,Cameron A. White,Male,20,45,Radio producer,No,No,United States,Illinois,,
CUST-639989,Nathan R. Silva,Male,51,76,Clinical biochemist,No,No,United States,Illinois,,
CUST-990727,Cameron B. Walsh,Male,39,62,Public relations officer,No,No,United States,Illinois,,
CUST-905065,Gabriel B. Kim,Male,40,53,"Teacher, English as a foreign language",Yes,No,United States,Illinois,,
CUST-723156,Cameron L. Stephens,Male,53,58,Engineering geologist,No,No,United States,Illinois,,
CUST-767905,Jackson O. Moreno,Male,22,27,Solicitor,No,No,United States,Illinois,,
CUST-893669,Daniel P. Diaz,Male,27,41,Agricultural consultant,Yes,No,United States,Illinois,,
CUST-845080,Joshua L. Burns,Male,36,38,Claims inspector/assessor,No,No,United States,Illinois,,
CUST-672257,Theodore O. Rowe,Male,56,74,"Geologist, wellsite",Yes,No,United States,Illinois,,
CUST-779779,Cameron D. Murphy,Male,33,52,Special educational needs teacher,Yes,No,United States,Illinois,,
CUST-400866,Theodore M. Foster,Male,30,53,Diplomatic Services operational officer,No,No,United States,Illinois,,
CUST-916180,William T. Soto,Male,50,69,Air cabin crew,No,No,United States,Illinois,,
CUST-471114,Andrew C. Curry,Male,20,22,"Administrator, sports",Yes,No,United States,Illinois,,
CUST-875062,Aaron O. Peterson,Male,28,31,Bonds trader,No,No,United States,Illinois,,
CUST-681471,Benjamin T. Evans,Male,50,73,"Producer, television/film/video",Yes,Yes,United States,Illinois,,
CUST-460434,Aaron S. Ramsey,Male,45,56,"Engineer, manufacturing systems",Yes,Yes,United States,Illinois,,
CUST-462938,Cameron Y. Rios,Male,58,61,Exhibition designer,No,Yes,United States,Illinois,,
CUST-471201,Owen L. Hammond,Male,42,57,Architectural technologist,Yes,Yes,United States,Illinois,,
CUST-793971,Henry K. Tyler,Male,34,44,Passenger transport manager,No,Yes,United States,Illinois,,
CUST-944182,Nicholas O. Holmes,Male,42,45,"Psychologist, clinical",No,Yes,United States,Illinois,,
CUST-771204,Thomas W. Watts,Male,24,45,Careers information officer,No,Yes,United States,Illinois,,
CUST-991237,William P. Peterson,Male,57,67,Materials engineer,Yes,Yes,United States,Illinois,,
CUST-267802,Oliver E. Holland,Male,33,37,Insurance account manager,No,Yes,United States,Illinois,,
CUST-301244,Dylan B. Hunt,Male,34,54,English as a second language teacher,Yes,Yes,United States,Illinois,,
CUST-165501,Andrew T. Hines,Male,21,32,Chemical engineer,Yes,Yes,United States,Illinois,,
CUST-994878,Christopher P. Montgomery,Male,20,26,Social worker,Yes,Yes,United States,Illinois,,
CUST-181328,Luke L. Fields,Male,58,77,Chief Operating Officer,Yes,Yes,United States,Illinois,,
CUST-710023,Andrew J. Norman,Male,28,48,Radio producer,No,Yes,United States,Illinois,,
CUST-608299,Benjamin H. Francis,Male,21,26,Bookseller,No,Yes,United States,Illinois,,
CUST-619992,Caleb U. Woods,Male,49,68,Retail merchandiser,Yes,Yes,United States,Illinois,,
CUST-102469,Nathan N. Woods,Male,59,66,Editorial assistant,No,Yes,United States,Illinois,,
CUST-689413,Theodore S. Wallace,Male,45,52,Arts administrator,No,Yes,United States,Illinois,,
CUST-747586,Caleb Q. Powers,Male,30,41,Software engineer,Yes,Yes,United States,Illinois,,
CUST-766630,Connor I. Romero,Male,34,38,Museum education officer,No,Yes,United States,Illinois,,
CUST-401367,Alexander R. Martin,Male,33,37,"Engineer, drilling",Yes,Yes,United States,Illinois,,
CUST-801966,Aaron G. Silva,Male,24,25,Ecologist,Yes,Yes,United States,Illinois,,
CUST-455739,Jackson T. McDaniel,Male,52,59,Event organiser,Yes,Yes,United States,Illinois,,
CUST-271355,Christopher Z. Barrett,Male,24,28,Health promotion specialist,Yes,Yes,United States,Illinois,,
CUST-283787,Henry W. Stewart,Male,56,68,Chartered loss adjuster,Yes,Yes,United States,Illinois,,
CUST-289914,Theodore F. Peters,Male,58,75,Research scientist (life sciences),Yes,Yes,United States,Illinois,,
CUST-517455,Dylan S. Bowen,Male,27,45,Electrical engineer,No,Yes,United States,Illinois,,
CUST-942892,Theodore U. Freeman,Male,32,39,Adult nurse,Yes,Yes,United States,Illinois,,
CUST-981376,Adam T. Stokes,Male,26,38,Commercial art gallery manager,No,Yes,United States,Illinois,,
CUST-313270,Thomas L. Barnes,Male,52,71,Sport and exercise psychologist,No,Yes,United States,Illinois,,
CUST-426730,Cameron U. Wilson,Male,54,78,Academic librarian,Yes,Yes,United States,Illinois,,
CUST-277224,Gabriel M. Burton,Male,34,44,Field trials officer,No,Yes,United States,Illinois,,
CUST-589086,Matthew R. Wade,Male,54,60,Medical technical officer,Yes,Yes,United States,Illinois,,
CUST-178395,Gabriel P. Howard,Male,36,46,Plant breeder/geneticist,Yes,Yes,United States,Illinois,,
CUST-947316,Owen O. Soto,Male,25,49,Dentist,No,Yes,United States,Illinois,,
CUST-175799,Daniel G. Hart,Male,46,48,Legal executive,Yes,Yes,United States,Illinois,,
CUST-465236,Dylan L. Day,Male,26,39,Pathologist,Yes,Yes,United States,Illinois,,
CUST-420775,Andrew Y. Matthews,Male,49,55,Town planner,Yes,Yes,United States,Illinois,,
CUST-514491,Henry U. Collins,Male,39,53,Ergonomist,No,Yes,United States,Illinois,,
CUST-365428,Jack O. Duncan,Male,43,57,Heritage manager,Yes,Yes,United States,Illinois,,
CUST-361182,Sebastian I. King,Male,49,61,Financial planner,No,Yes,United States,Illinois,,
CUST-673886,Benjamin H. Owens,Male,23,32,Purchasing manager,Yes,Yes,United States,Illinois,,
CUST-782114,David R. Phillips,Male,52,56,"Horticulturist, amenity",Yes,Yes,United States,Illinois,,
CUST-746279,Charles N. Henry,Male,20,43,Health and safety adviser,Yes,Yes,United States,Illinois,,
CUST-582122,Benjamin X. Pearson,Male,41,58,"Engineer, site",No,Yes,United States,Illinois,,
CUST-837825,Nicholas U. Reeves,Male,57,77,Field seismologist,No,Yes,United States,Illinois,,
CUST-512481,Henry Z. Graves,Male,20,26,"Therapist, horticultural",No,Yes,United States,Illinois,,
CUST-303391,Joshua A. Caldwell,Male,33,56,Estate manager/land agent,Yes,Yes,United States,Illinois,,
CUST-973947,Charles J. Fernandez,Male,56,73,Market researcher,No,Yes,United States,Illinois,,
CUST-846471,Adam L. Santos,Male,29,31,Amenity horticulturist,No,Yes,United States,Illinois,,
CUST-434319,Jackson M. Sharp,Male,49,65,Financial adviser,Yes,Yes,United States,Illinois,,
CUST-622886,Theodore I. Montgomery,Male,21,38,Publishing rights manager,No,Yes,United States,Illinois,,
CUST-516922,Benjamin I. Cooper,Male,49,61,Commercial horticulturist,No,Yes,United States,Illinois,,
CUST-868201,Lucas U. Schultz,Male,40,56,Learning mentor,No,Yes,United States,Illinois,,
CUST-118853,Jackson U. Leonard,Male,32,48,Mechanical engineer,Yes,Yes,United States,Illinois,,
CUST-362273,Daniel R. Santos,Male,52,72,Press photographer,Yes,Yes,United States,Illinois,,
CUST-670533,Jackson F. Campbell,Male,34,48,"Merchandiser, retail",Yes,Yes,United States,Illinois,,
CUST-616051,William J. Caldwell,Male,37,41,"Engineer, civil (contracting)",Yes,Yes,United States,Illinois,,
CUST-355667,Alexander X. Howard,Male,34,54,Health promotion specialist,Yes,Yes,United States,Illinois,,
CUST-728307,Benjamin E. Jacobs,Male,35,39,"Production designer, theatre/television/film",Yes,Yes,United States,Illinois,,
CUST-548976,Dylan V. Adams,Male,23,44,Field trials officer,No,Yes,United States,Illinois,,
CUST-397832,Joseph E. Murray,Male,26,49,Geochemist,Yes,Yes,United States,Illinois,,
CUST-119952,David Z. Flores,Male,48,64,"Designer, television/film set",Yes,Yes,United States,Illinois,,
CUST-655237,Caleb Z. Dean,Male,42,62,Environmental consultant,Yes,Yes,United States,Illinois,,
CUST-223781,Cameron J. Fowler,Male,44,60,Neurosurgeon,Yes,Yes,United States,Illinois,,
CUST-906937,Christopher H. Russell,Male,49,60,"Librarian, public",Yes,Yes,United States,Illinois,,
CUST-805376,William O. Weaver,Male,25,32,Sports coach,No,Yes,United States,Illinois,,
CUST-236146,Aaron Z. Obrien,Male,49,69,Barrister,Yes,Yes,United States,Illinois,,
CUST-937170,Caleb V. Davidson,Male,42,56,"Teacher, special educational needs",No,Yes,United States,Illinois,,
CUST-824657,Caleb F. Ramsey,Male,40,63,Product/process development scientist,No,Yes,United States,Illinois,,
CUST-952687,Nathan G. Riley,Male,50,53,Oceanographer,Yes,Yes,United States,California,,
CUST-790215,Lucas J. Carpenter,Male,53,62,IT technical support officer,No,Yes,United States,California,,
CUST-624890,Isaac X. Douglas,Male,30,51,Psychiatric nurse,No,Yes,United States,California,,
CUST-767900,Joshua K. Harrison,Male,39,42,Radio broadcast assistant,Yes,Yes,United States,California,,
CUST-472155,Cameron M. Chapman,Male,24,36,Counselling psychologist,Yes,Yes,United States,California,,
CUST-710133,Jackson V. Cobb,Male,51,62,Television floor manager,No,No,United States,California,,
CUST-848829,Matthew M. Walker,Male,41,44,Actuary,Yes,Yes,United States,California,,
CUST-626566,Jackson S. Andrews,Male,26,49,Computer games developer,No,No,United States,California,,
CUST-983600,Nathan A. Schneider,Male,29,34,"Teacher, secondary school",Yes,Yes,United States,California,,
CUST-397162,Nicholas S. Silva,Male,41,52,Sports administrator,No,Yes,United States,California,,
CUST-850398,Alexander S. Robinson,Male,59,62,Clinical biochemist,Yes,Yes,United States,California,,
CUST-487505,Daniel R. Cook,Male,56,74,Information officer,No,Yes,United States,California,,
CUST-123668,Owen B. Lindsey,Male,37,38,Field seismologist,Yes,Yes,United States,California,,
CUST-376699,Jackson Y. Mitchell,Male,25,31,"Therapist, drama",Yes,No,United States,California,,
CUST-567715,Nicholas E. Parks,Male,19,25,Emergency planning/management officer,Yes,No,United States,California,,
CUST-738473,Nicholas B. Ruiz,Male,40,43,Farm manager,Yes,Yes,United States,California,,
CUST-248026,Austin Z. Newton,Male,41,56,Pharmacologist,No,Yes,United States,California,,
CUST-899416,Sebastian Z. Pierce,Male,32,45,"Surveyor, insurance",No,No,United States,California,,
CUST-435320,Lucas S. Coleman,Male,40,41,Cytogeneticist,No,No,United States,California,,
CUST-328431,Isaac J. Brooks,Male,27,32,Magazine journalist,Yes,Yes,United States,California,,
CUST-855724,Benjamin K. Goodman,Male,37,50,Secretary/administrator,No,Yes,United States,California,,
CUST-238933,Charles B. Mitchell,Male,39,47,"Designer, exhibition/display",No,No,United States,California,,
CUST-235285,William Y. Edwards,Male,39,41,Investment analyst,No,No,United States,California,,
CUST-465727,Caleb G. Morris,Male,58,82,Public relations officer,No,No,United States,California,,
CUST-557633,Lucas X. Morris,Male,20,26,Merchant navy officer,Yes,No,United States,California,,
CUST-621167,Jack G. Gonzales,Male,56,67,Fish farm manager,No,No,United States,California,,
CUST-886999,Nicholas P. Richards,Male,31,55,Chief Strategy Officer,No,Yes,United States,California,,
CUST-778634,Carter N. Ferguson,Male,28,32,Broadcast engineer,Yes,No,United States,California,,
CUST-989458,Christopher U. Nunez,Male,55,80,Housing manager/officer,No,Yes,United States,California,,
CUST-338124,Charles C. Cooper,Male,43,55,Agricultural engineer,No,Yes,United States,California,,
CUST-142591,Jack U. Sims,Male,51,72,"Teacher, English as a foreign language",No,No,United States,California,,
CUST-770585,William P. Flowers,Male,56,66,Administrator,Yes,Yes,United States,California,,
CUST-430835,Aaron C. Carter,Male,56,76,Phytotherapist,No,Yes,United States,California,,
CUST-490026,Joseph K. Richards,Male,30,42,Broadcast presenter,Yes,Yes,United States,California,,
CUST-112977,William W. Goodman,Male,36,56,"Surveyor, insurance",No,No,United States,California,,
CUST-864867,Henry A. Dean,Male,43,63,Freight forwarder,No,Yes,United States,California,,
CUST-927111,Charles T. Fox,Male,34,42,Ambulance person,No,No,United States,California,,
CUST-846940,Joshua A. Bush,Male,43,59,Farm manager,No,Yes,United States,California,,
CUST-197205,Henry F. Erickson,Male,46,63,"Nurse, learning disability",No,Yes,United States,California,,
CUST-268382,Cameron C. Brooks,Male,55,80,Operations geologist,Yes,Yes,United States,California,,
CUST-164652,Alexander P. Green,Male,60,83,Information officer,No,No,United States,California,,
CUST-661970,Wyatt R. Norris,Male,39,45,Multimedia specialist,Yes,No,United States,California,,
CUST-319323,Charles G. Norman,Male,50,56,Agricultural engineer,No,No,United States,California,,
CUST-830505,Gabriel O. James,Male,49,70,"Therapist, art",No,Yes,United States,California,,
CUST-179184,Daniel G. Vaughn,Male,30,42,Public relations account executive,No,Yes,United States,California,,
CUST-884183,Caleb G. Davis,Male,36,39,Financial manager,Yes,No,United States,California,,
CUST-243785,James D. Chandler,Male,39,58,Armed forces logistics/support/administrative officer,Yes,No,United States,California,,
CUST-459845,Adam D. Lambert,Male,28,37,Advertising account executive,Yes,No,United States,California,,
CUST-691647,Joseph O. Bates,Male,30,44,Multimedia programmer,Yes,No,United States,California,,
CUST-413550,Nathan Q. Shaw,Male,56,81,Production engineer,Yes,Yes,United States,California,,
CUST-157017,Owen F. Baldwin,Male,29,39,Financial trader,No,Yes,United States,California,,
CUST-178642,Lucas P. Vasquez,Male,29,43,Farm manager,No,Yes,United States,California,,
CUST-246174,Matthew C. Bradley,Male,37,55,Occupational therapist,Yes,Yes,United States,California,,
CUST-147352,Oliver E. Freeman,Male,47,63,Hotel manager,Yes,Yes,United States,California,,
CUST-109672,Isaac N. Schultz,Male,30,45,TEFL teacher,No,No,United States,California,,
CUST-570422,Joshua X. Walsh,Male,57,62,"Designer, industrial/product",Yes,No,United States,California,,
CUST-947132,Adam H. Banks,Male,45,50,Physiotherapist,Yes,No,United States,California,,
CUST-175908,Thomas C. Newton,Male,25,33,Cartographer,No,No,United States,California,,
CUST-365624,Henry J. Ramos,Male,59,78,Clothing/textile technologist,Yes,No,United States,California,,
CUST-116004,Jackson V. Ruiz,Male,55,76,Plant breeder/geneticist,Yes,Yes,United States,California,,
CUST-974636,Carter V. Perkins,Male,33,43,"Doctor, hospital",Yes,No,United States,California,,
CUST-404508,Jackson J. Andrews,Male,23,48,Charity officer,No,Yes,United States,California,,
CUST-293364,Benjamin R. Sims,Male,36,51,Location manager,No,No,United States,California,,
CUST-555388,Gabriel I. Cobb,Male,48,68,Geochemist,Yes,No,United States,California,,
CUST-774197,Alexander F. Wells,Male,40,49,Astronomer,Yes,Yes,United States,California,,
CUST-625546,Cameron W. Thornton,Male,36,55,Dance movement psychotherapist,Yes,No,United States,California,,
CUST-630062,Adam M. Baldwin,Male,60,80,"Programmer, multimedia",No,No,United States,California,,
CUST-989728,Caleb U. Gordon,Male,55,60,"Doctor, general practice",No,No,United States,California,,
CUST-629963,Connor J. Miller,Male,31,40,Financial risk analyst,No,Yes,United States,California,,
CUST-744578,Benjamin K. Chapman,Male,33,56,Freight forwarder,Yes,Yes,United States,California,,
CUST-487000,Wyatt M. Shelton,Male,55,69,"Psychotherapist, child",Yes,Yes,United States,California,,
CUST-501648,Cameron H. Wells,Male,53,73,Chartered loss adjuster,Yes,Yes,United States,California,,
CUST-356220,Wyatt N. Soto,Male,31,40,Medical illustrator,No,No,United States,California,,
CUST-709151,Austin T. Gibbs,Male,23,45,Insurance underwriter,No,Yes,United States,California,,
CUST-345907,Isaac Q. Francis,Male,18,30,Air cabin crew,No,Yes,United States,California,,
CUST-810504,Zachary V. Ward,Male,57,58,Quantity surveyor,No,Yes,United States,California,,
CUST-227416,Aaron L. Daniel,Male,33,50,Museum education officer,No,No,United States,California,,
CUST-516079,Theodore E. Bishop,Male,32,51,Furniture designer,No,No,United States,California,,
CUST-893381,Charles L. Frazier,Male,49,63,"Radiographer, therapeutic",Yes,Yes,United States,California,,
CUST-501514,Caleb H. Morgan,Male,31,35,Lexicographer,No,Yes,United States,California,,
CUST-385177,Zachary H. Henry,Male,46,54,Hydrogeologist,No,Yes,United States,California,,
CUST-880044,Christopher B. Harvey,Male,53,57,Race relations officer,No,Yes,United States,California,,
CUST-852114,David X. Burgess,Male,41,66,Market researcher,No,No,United States,California,,
CUST-493740,Adam X. Page,Male,57,65,Land,No,No,United States,California,,
CUST-794144,Nicholas M. Patterson,Male,44,51,Dietitian,Yes,Yes,United States,California,,
CUST-290117,Cameron H. Kelly,Male,18,38,Colour technologist,No,No,United States,California,,
CUST-199877,Carter O. Robertson,Male,51,72,"Clinical scientist, histocompatibility and immunogenetics",Yes,No,United States,California,,
CUST-915102,Luke U. Manning,Male,31,55,Forensic scientist,Yes,Yes,United States,California,,
CUST-544034,Daniel H. Banks,Male,43,45,Geophysicist/field seismologist,No,No,United States,California,,
CUST-738307,Connor T. Baker,Male,42,53,Clinical biochemist,Yes,No,United States,California,,
CUST-362584,Thomas B. Rogers,Male,55,80,Dramatherapist,Yes,No,United States,Pennsylvania,,
CUST-819520,Daniel T. Schmidt,Male,21,32,Osteopath,No,No,United States,Pennsylvania,,
CUST-418644,Sebastian M. Bryant,Male,43,60,Town planner,No,Yes,United States,Pennsylvania,,
CUST-490298,Luke J. Hansen,Male,38,53,Further education lecturer,No,Yes,United States,Pennsylvania,,
CUST-235891,Wyatt J. Walsh,Male,46,67,Firefighter,Yes,Yes,United States,Pennsylvania,,
CUST-919234,Austin N. Ingram,Male,36,54,"Research officer, government",No,Yes,United States,Pennsylvania,,
CUST-133040,Christopher H. McKinney,Male,43,56,"Engineer, building services",No,Yes,United States,Pennsylvania,,
CUST-683956,Carter L. Craig,Male,45,54,Soil scientist,No,No,United States,Pennsylvania,,
CUST-168532,Alexander P. McKinney,Male,19,33,"Journalist, broadcasting",No,No,United States,Pennsylvania,,
CUST-184644,Connor I. Parker,Male,33,37,Corporate treasurer,Yes,Yes,United States,Pennsylvania,,
CUST-224459,Lucas Q. Vega,Male,36,37,"Engineer, technical sales",Yes,Yes,United States,Pennsylvania,,
CUST-856658,Alexander X. Willis,Male,22,35,Homeopath,No,Yes,United States,Pennsylvania,,
CUST-559509,Joshua V. Santos,Male,55,76,Hydrologist,Yes,No,United States,Pennsylvania,,
CUST-263772,Gabriel D. Thornton,Male,25,49,Quantity surveyor,Yes,Yes,United States,Pennsylvania,,
CUST-284868,James W. Brewer,Male,19,31,Armed forces training and education officer,Yes,No,United States,Pennsylvania,,
CUST-517435,Gabriel A. Watkins,Male,41,52,Operational investment banker,No,Yes,United States,Pennsylvania,,
CUST-260439,Luke Y. Watts,Male,54,71,Government social research officer,Yes,No,United States,Pennsylvania,,
CUST-343212,Zachary H. Flores,Male,35,49,Arts administrator,Yes,No,United States,Pennsylvania,,
CUST-898016,Alexander O. Jacobs,Male,40,61,Horticultural therapist,Yes,No,United States,Pennsylvania,,
CUST-473026,Henry S. Soto,Male,46,59,"Research officer, government",Yes,No,United States,Pennsylvania,,
CUST-629883,Aaron T. Gordon,Male,54,79,"Engineer, electronics",No,Yes,United States,Pennsylvania,,
CUST-881238,Theodore Z. Baldwin,Male,51,55,Animal nutritionist,No,No,United States,Pennsylvania,,
CUST-848908,Adam U. Robertson,Male,22,32,Visual merchandiser,Yes,No,United States,Pennsylvania,,
CUST-387115,Matthew R. Owens,Male,42,63,Medical sales representative,No,Yes,United States,Pennsylvania,,
CUST-206484,Christopher Y. Mendez,Male,29,40,Economist,Yes,Yes,United States,Pennsylvania,,
CUST-115199,Benjamin X. Adkins,Male,58,78,Purchasing manager,No,No,United States,Pennsylvania,,
CUST-200597,Isaac U. Dean,Male,57,78,Environmental education officer,Yes,Yes,United States,Pennsylvania,,
CUST-371862,Connor Q. Aguilar,Male,20,28,"Pharmacist, hospital",Yes,No,United States,Pennsylvania,,
CUST-671593,Daniel A. Reese,Male,41,58,Estate agent,No,Yes,United States,Pennsylvania,,
CUST-846645,Adam B. Austin,Male,45,54,Waste management officer,No,Yes,United States,Pennsylvania,,
CUST-404289,Austin V. Castillo,Male,20,43,"Psychologist, forensic",Yes,No,United States,Pennsylvania,,
CUST-956516,Jackson K. Cooper,Male,35,38,Aid worker,Yes,No,United States,Pennsylvania,,
CUST-322619,Jackson T. Chandler,Male,34,50,Sales executive,No,No,United States,Pennsylvania,,
CUST-148650,Hunter X. McDaniel,Male,34,43,Chemical engineer,No,No,United States,Pennsylvania,,
CUST-115649,Jack G. McDaniel,Male,25,41,Osteopath,Yes,No,United States,Pennsylvania,,
CUST-520780,Lucas C. Carpenter,Male,36,39,Retail buyer,Yes,Yes,United States,Pennsylvania,,
CUST-950622,Owen U. Nunez,Male,49,60,"Pilot, airline",Yes,Yes,United States,Pennsylvania,,
CUST-627217,James Z. Robbins,Male,37,54,Prison officer,No,No,United States,Pennsylvania,,
CUST-907292,Isaac F. Conner,Male,38,54,Corporate treasurer,No,Yes,United States,Pennsylvania,,
CUST-238805,Luke V. Dawson,Male,21,26,Data processing manager,Yes,Yes,United States,Pennsylvania,,
CUST-166347,Theodore J. Delgado,Male,43,67,"Horticulturist, commercial",No,Yes,United States,Pennsylvania,,
CUST-331101,Zachary R. Moore,Male,36,40,Control and instrumentation engineer,No,No,United States,Pennsylvania,,
CUST-885195,Carter E. Freeman,Male,47,62,Pensions consultant,No,Yes,United States,Pennsylvania,,
CUST-927902,Lucas T. Marshall,Male,39,56,IT trainer,No,No,United States,Pennsylvania,,
CUST-948871,James M. Hopkins,Male,58,63,"Therapist, sports",Yes,Yes,United States,Pennsylvania,,
CUST-192321,Isaac T. Carlson,Male,51,64,Systems developer,No,No,United States,Pennsylvania,,
CUST-442964,Charles E. Griffin,Male,40,50,Proofreader,No,Yes,United States,Pennsylvania,,
CUST-901981,Owen F. Rhodes,Male,29,30,Technical sales engineer,No,No,United States,Pennsylvania,,
CUST-797770,Jackson R. Brown,Male,50,51,"Engineer, broadcasting (operations)",No,No,United States,Pennsylvania,,
CUST-830128,Thomas D. Campbell,Male,45,51,"Therapist, sports",Yes,Yes,United States,Pennsylvania,,
CUST-552273,Carter T. Baker,Male,40,50,Logistics and distribution manager,Yes,Yes,United States,Pennsylvania,,
CUST-433129,Theodore K. Daniel,Male,58,79,Chief Financial Officer,No,Yes,United States,Pennsylvania,,
CUST-478505,Carter R. Alvarado,Male,59,71,"Engineer, petroleum",No,Yes,United States,Pennsylvania,,
CUST-968953,Matthew T. Woods,Male,53,63,"Lecturer, higher education",Yes,Yes,United States,Pennsylvania,,
CUST-196599,Thomas X. Bailey,Male,37,40,IT sales professional,No,Yes,United States,Pennsylvania,,
CUST-380058,Owen V. Roberts,Male,25,28,"Secretary, company",Yes,Yes,United States,Pennsylvania,,
CUST-837648,Austin M. Fuller,Male,49,60,Agricultural engineer,Yes,No,United States,Pennsylvania,,
CUST-459054,Gabriel Q. Lawrence,Male,46,49,Lexicographer,Yes,No,United States,Pennsylvania,,
CUST-614829,Dylan M. McCarthy,Male,59,67,"Engineer, technical sales",No,Yes,United States,Pennsylvania,,
CUST-796672,Nathan M. Anderson,Male,19,25,Ambulance person,Yes,No,United States,Pennsylvania,,
CUST-608698,Connor C. Sanders,Male,45,66,Public house manager,No,No,United States,Pennsylvania,,
CUST-503411,Wyatt F. Morgan,Male,38,62,Occupational therapist,Yes,Yes,United States,Pennsylvania,,
CUST-769463,Thomas I. Cole,Male,46,59,"Conservator, furniture",Yes,No,United States,Pennsylvania,,
CUST-623854,Charles M. Nelson,Male,29,45,"Civil engineer, contracting",Yes,Yes,United States,Pennsylvania,,
CUST-781813,Christopher S. Patton,Male,40,44,Research scientist (physical sciences),Yes,No,United States,Pennsylvania,,
CUST-567965,Joshua X. Stokes,Male,32,44,Lobbyist,Yes,Yes,United States,Pennsylvania,,
CUST-271346,Zachary M. Graham,Male,37,61,Government social research officer,No,No,United States,Pennsylvania,,
CUST-503911,Joshua U. Nichols,Male,55,60,Comptroller,No,No,United States,Pennsylvania,,
CUST-856542,Gabriel X. Beck,Male,19,32,Barrister,Yes,Yes,United States,Pennsylvania,,
CUST-528969,Charles J. Reeves,Male,40,42,Community development worker,No,No,United States,Pennsylvania,,
CUST-416437,Daniel E. Burgess,Male,25,49,Civil Service administrator,No,Yes,United States,Pennsylvania,,
CUST-860402,Henry K. Pierce,Male,52,67,Information officer,No,No,United States,Pennsylvania,,
CUST-763474,Jack H. Nunez,Male,37,59,Airline pilot,No,Yes,United States,Pennsylvania,,
CUST-615532,Zachary N. Greene,Male,24,42,Advice worker,Yes,No,United States,Pennsylvania,,
CUST-916893,Carter Y. Wood,Male,22,27,Insurance underwriter,Yes,No,United States,Pennsylvania,,
CUST-340284,William D. Sutton,Male,22,44,Dancer,Yes,No,United States,Pennsylvania,,
CUST-513905,Theodore T. Pearson,Male,29,30,"Education officer, community",Yes,No,United States,Pennsylvania,,
CUST-481908,Jackson E. James,Male,26,34,Colour technologist,Yes,Yes,United States,Pennsylvania,,
CUST-839635,William E. Lane,Male,42,55,Building services engineer,No,Yes,United States,Pennsylvania,,
CUST-339135,Oliver H. Dixon,Male,19,28,Bookseller,Yes,No,United States,Pennsylvania,,
CUST-609357,Joshua P. Caldwell,Male,48,49,Heritage manager,No,No,United States,Oregon,,
CUST-111554,Matthew B. Stokes,Male,36,41,Oncologist,No,Yes,United States,Oregon,,
CUST-101432,Henry C. Sanders,Male,33,58,Software engineer,Yes,Yes,United States,Oregon,,
CUST-669613,Cameron T. Nguyen,Male,54,77,Systems analyst,Yes,No,United States,Oregon,,
CUST-451658,Christopher I. Sullivan,Male,49,72,"Psychologist, occupational",Yes,No,United States,Oregon,,
CUST-683157,Gabriel Y. Mitchell,Male,29,42,Air traffic controller,Yes,Yes,United States,Oregon,,
CUST-328574,William D. Byrd,Male,22,32,"Clinical scientist, histocompatibility and immunogenetics",Yes,No,United States,Oregon,,
CUST-803098,Theodore V. Young,Male,34,38,Applications developer,No,Yes,United States,Oregon,,
CUST-573132,Gabriel S. Knight,Male,33,41,"Engineer, civil (contracting)",Yes,No,United States,Oregon,,
CUST-170724,Gabriel K. Santiago,Male,20,28,"Therapist, occupational",Yes,Yes,United States,Oregon,,
CUST-510152,Isaac I. Marshall,Male,45,58,"Accountant, chartered",Yes,No,United States,Oregon,,
CUST-161754,Gabriel Y. Graves,Male,40,41,"Administrator, arts",Yes,Yes,United States,Oregon,,
CUST-289045,David L. Gutierrez,Male,60,64,Theme park manager,No,Yes,United States,Oregon,,
CUST-156709,Nicholas H. Stanley,Male,32,33,Medical illustrator,Yes,No,United States,Oregon,,
CUST-848612,Zachary G. Thompson,Male,52,59,Health promotion specialist,No,Yes,United States,Oregon,,
CUST-884537,Connor R. Ramsey,Male,48,72,Dramatherapist,No,Yes,United States,Oregon,,
CUST-389519,Aaron X. Rice,Male,21,24,"Buyer, industrial",Yes,Yes,United States,Oregon,,
CUST-768410,Jackson U. Steele,Male,41,42,Medical illustrator,No,No,United States,Oregon,,
CUST-510072,Christopher A. Young,Male,19,29,"Accountant, chartered",Yes,No,United States,Oregon,,
CUST-742906,Nicholas V. Morrison,Male,55,67,Pathologist,No,No,United States,Oregon,,
CUST-824510,Oliver C. Salazar,Male,24,47,Illustrator,No,Yes,United States,Oregon,,
CUST-780672,Wyatt Z. Gardner,Male,21,45,Insurance account manager,No,No,United States,Oregon,,
CUST-447859,Thomas I. Terry,Male,38,46,"Engineer, manufacturing systems",No,Yes,United States,Oregon,,
CUST-171204,Alexander L. Schneider,Male,54,60,Careers information officer,Yes,Yes,United States,Oregon,,
CUST-288432,Austin A. Saunders,Male,25,30,Production engineer,Yes,Yes,United States,Oregon,,
CUST-180159,Joshua B. Hoffman,Male,50,69,"Engineer, broadcasting (operations)",Yes,Yes,United States,Oregon,,
CUST-910080,Dylan E. Craig,Male,44,66,Education administrator,No,Yes,United States,Oregon,,
CUST-190700,Nicholas P. Curry,Male,40,46,Financial controller,Yes,No,United States,Oregon,,
CUST-978385,Matthew N. Nguyen,Male,43,53,Theme park manager,Yes,Yes,United States,Oregon,,
CUST-415994,Caleb Q. Keller,Male,48,53,"Engineer, civil (consulting)",Yes,Yes,United States,Oregon,,
CUST-299043,Nathan O. Franklin,Male,42,57,"Psychologist, educational",No,Yes,United States,Oregon,,
CUST-610242,Nathan O. McKinney,Male,32,46,"Restaurant manager, fast food",No,No,United States,Oregon,,
CUST-532990,Benjamin J. Lynch,Male,33,57,"Editor, film/video",No,No,United States,Oregon,,
CUST-489689,Sebastian Y. McCarthy,Male,35,37,Air cabin crew,No,No,United States,Oregon,,
CUST-688977,Isaac E. Simmons,Male,46,61,"Nurse, adult",Yes,No,United States,Oregon,,
CUST-730263,Austin E. Dean,Male,37,43,Retail merchandiser,No,Yes,United States,Oregon,,
CUST-223943,Jackson M. Gibson,Male,40,65,"Designer, graphic",No,Yes,United States,Oregon,,
CUST-732347,Caleb Z. Love,Male,45,46,Private music teacher,No,No,United States,Oregon,,
CUST-533086,Connor B. Craig,Male,28,29,"Engineer, control and instrumentation",No,Yes,United States,Oregon,,
CUST-145073,Caleb Y. Ellis,Male,50,55,Maintenance engineer,Yes,Yes,United States,North Dakota,,
CUST-246069,Carter X. Mendoza,Male,21,44,"Sound technician, broadcasting/film/video",No,Yes,United States,North Dakota,,
CUST-135250,Jackson P. Mitchell,Male,19,29,"Surveyor, land/geomatics",Yes,Yes,United States,North Dakota,,
CUST-945399,Cameron P. Malone,Male,60,71,Orthoptist,No,Yes,United States,North Dakota,,
CUST-392374,Theodore Y. Richardson,Male,59,83,Systems developer,Yes,Yes,United States,North Dakota,,
CUST-527543,Thomas Q. Conner,Male,42,52,Occupational hygienist,Yes,No,United States,North Dakota,,
CUST-404115,Henry N. Stevenson,Male,30,53,Secondary school teacher,Yes,Yes,United States,North Dakota,,
CUST-491750,Matthew C. Andrews,Male,39,51,Tour manager,Yes,Yes,United States,North Dakota,,
CUST-929821,Henry U. Nichols,Male,41,42,Building control surveyor,No,No,United States,North Dakota,,
CUST-414927,Connor J. Silva,Male,42,52,Museum/gallery conservator,No,Yes,United States,North Dakota,,
CUST-759935,Sebastian H. Reese,Male,54,74,Public relations account executive,Yes,No,United States,North Dakota,,
CUST-444351,Aaron C. Simon,Male,43,59,"Psychologist, sport and exercise",Yes,No,United States,North Dakota,,
CUST-982806,Andrew G. Sims,Male,28,35,Chartered certified accountant,Yes,Yes,United States,North Dakota,,
CUST-204613,Nicholas A. Crawford,Male,37,56,Logistics and distribution manager,Yes,Yes,United States,North Dakota,,
CUST-409601,Aaron J. Harmon,Male,19,36,Site engineer,Yes,Yes,United States,North Dakota,,
CUST-959129,Daniel I. Simpson,Male,50,64,Commercial/residential surveyor,No,No,United States,North Dakota,,
CUST-631298,Daniel L. Davis,Male,24,33,Probation officer,No,Yes,United States,North Dakota,,
CUST-524788,Anthony L. Mack,Male,40,49,Clinical molecular geneticist,Yes,Yes,United States,North Dakota,,
CUST-719653,Christopher N. Chavez,Male,24,33,Commercial/residential surveyor,No,No,United States,North Dakota,,
CUST-460282,Alexander J. Daniels,Male,58,68,Industrial buyer,No,No,United States,North Dakota,,
CUST-808461,Daniel S. Hines,Male,32,46,Chief Financial Officer,No,Yes,United States,North Dakota,,
CUST-518235,Henry K. Grant,Male,54,58,Insurance risk surveyor,Yes,Yes,United States,North Dakota,,
CUST-113537,Christopher F. Montgomery,Male,32,51,Wellsite geologist,No,Yes,United States,North Dakota,,
CUST-465394,Benjamin S. Burgess,Male,30,42,Adult nurse,No,Yes,United States,North Dakota,,
CUST-612775,Cameron Z. Ross,Male,58,67,Warehouse manager,No,Yes,United States,North Dakota,,
CUST-179251,Zachary O. Osborne,Male,19,23,Secondary school teacher,Yes,Yes,United States,North Dakota,,
CUST-272401,Austin Y. Lawson,Male,23,41,Special effects artist,No,No,United States,North Dakota,,
CUST-906876,Jack P. Fields,Male,39,41,IT trainer,Yes,No,United States,North Dakota,,
CUST-170754,Sebastian M. Sandoval,Male,21,33,"Surveyor, building",No,Yes,United States,North Dakota,,
CUST-510955,Daniel H. Haynes,Male,53,76,Communications engineer,No,Yes,United States,North Dakota,,
CUST-549797,Gabriel E. Reese,Male,20,28,"Loss adjuster, chartered",Yes,No,United States,North Dakota,,
CUST-197581,Wyatt V. Craig,Male,43,50,Chief Financial Officer,Yes,Yes,United States,North Dakota,,
CUST-840686,Connor W. Schmidt,Male,20,23,Tree surgeon,No,No,United States,North Dakota,,
CUST-701129,Dylan V. Stevens,Male,52,76,"Embryologist, clinical",Yes,Yes,United States,North Dakota,,
CUST-842516,Jack E. Stevens,Male,55,68,Phytotherapist,Yes,No,United States,North Dakota,,
CUST-905223,Anthony Z. Ortega,Male,50,64,Speech and language therapist,No,Yes,United States,North Dakota,,
CUST-820741,Anthony B. Boyd,Male,32,33,Geophysical data processor,Yes,Yes,United States,North Dakota,,
CUST-831570,Jackson O. Phillips,Male,42,46,Data scientist,No,No,United States,North Dakota,,
CUST-860165,Anthony W. Leonard,Male,42,53,"Journalist, broadcasting",Yes,Yes,United States,North Dakota,,
CUST-746867,Oliver K. Moss,Male,30,46,Retail merchandiser,No,No,United States,North Dakota,,
CUST-982705,Caleb O. Mack,Male,46,50,Airline pilot,Yes,No,United States,North Dakota,,
CUST-472633,Matthew M. Mendoza,Male,56,80,Biomedical scientist,Yes,Yes,United States,North Dakota,,
CUST-550250,Joshua A. Maldonado,Male,25,50,Public librarian,No,Yes,United States,North Dakota,,
CUST-639980,Alexander K. Carter,Male,43,48,Printmaker,Yes,No,United States,North Dakota,,
CUST-771075,Matthew S. Moody,Male,57,58,Research scientist (medical),No,Yes,United States,North Dakota,,
CUST-330473,Gabriel B. Moody,Male,44,61,Commercial/residential surveyor,No,Yes,United States,North Dakota,,
CUST-395096,Gabriel P. White,Male,36,39,Publishing copy,Yes,No,United States,North Dakota,,
CUST-680750,David V. Lane,Male,34,35,"Therapist, occupational",Yes,Yes,United States,North Dakota,,
CUST-441782,Andrew T. Oliver,Male,49,59,"Scientist, forensic",No,No,United States,North Dakota,,
CUST-428434,Austin Z. Davidson,Male,36,46,Engineering geologist,Yes,Yes,United States,North Dakota,,
CUST-520251,Cameron X. Price,Male,21,33,Building surveyor,No,Yes,United States,North Dakota,,
CUST-381520,Austin Y. Malone,Male,57,62,Adult guidance worker,Yes,Yes,United States,North Dakota,,
CUST-452356,Charles C. Brown,Male,48,53,"Research officer, political party",Yes,Yes,United States,Washington,,
CUST-952652,Aaron C. Mason,Male,24,39,Mental health nurse,No,Yes,United States,Washington,,
CUST-116951,Daniel G. Ward,Male,42,59,"Civil engineer, consulting",No,Yes,United States,Washington,,
CUST-588734,Carter U. Mitchell,Male,50,62,Information systems manager,No,Yes,United States,Washington,,
CUST-782351,Dylan R. Hines,Male,18,33,Financial manager,No,No,United States,Washington,,
CUST-993804,Adam X. King,Male,31,39,Private music teacher,Yes,Yes,United States,Washington,,
CUST-424543,Cameron I. Mack,Male,44,49,Tourist information centre manager,No,No,United States,Washington,,
CUST-617105,Dylan R. Robertson,Male,29,43,"Surveyor, hydrographic",Yes,Yes,United States,Washington,,
CUST-319077,David L. Munoz,Male,23,41,Hotel manager,Yes,Yes,United States,Washington,,
CUST-487928,David T. Reynolds,Male,45,62,"Psychologist, sport and exercise",Yes,Yes,United States,Washington,,
CUST-232375,David N. Moreno,Male,48,69,Chief Financial Officer,Yes,Yes,United States,Washington,,
CUST-466972,Alexander Y. Cobb,Male,21,23,Insurance claims handler,Yes,Yes,United States,Washington,,
CUST-865505,Jackson Z. Cunningham,Male,34,41,Medical laboratory scientific officer,No,No,United States,Washington,,
CUST-534187,Charles W. George,Male,39,54,Sports administrator,Yes,Yes,United States,Washington,,
CUST-889968,Charles C. Webb,Male,56,66,Haematologist,No,Yes,United States,Washington,,
CUST-778205,Jackson K. Elliott,Male,23,42,Private music teacher,Yes,No,United States,Washington,,
CUST-794750,Jackson F. Richards,Male,47,67,"Embryologist, clinical",No,Yes,United States,Washington,,
CUST-183080,David R. Ruiz,Male,48,69,Facilities manager,Yes,No,United States,Washington,,
CUST-490181,Jackson I. Rose,Male,53,70,Geophysical data processor,No,Yes,United States,Washington,,
CUST-162135,Dylan K. Davis,Male,21,39,Pathologist,No,No,United States,Washington,,
CUST-799810,Owen C. Malone,Male,51,70,Air broker,No,Yes,United States,Washington,,
CUST-802568,Dylan A. Leonard,Male,23,32,Trade union research officer,Yes,No,United States,Washington,,
CUST-811399,Dylan J. Stanley,Male,58,62,Fish farm manager,Yes,Yes,United States,Washington,,
CUST-667994,Sebastian I. Mullins,Male,34,50,Research scientist (life sciences),Yes,Yes,United States,Washington,,
CUST-418690,Sebastian T. Snyder,Male,27,41,Cartographer,No,No,United States,Washington,,
CUST-727611,Henry S. Dennis,Male,42,59,Medical sales representative,Yes,No,United States,Washington,,
CUST-857483,Daniel Z. Webb,Male,48,61,Actor,Yes,Yes,United States,Washington,,
CUST-688295,Benjamin V. Osborne,Male,24,36,Chartered certified accountant,No,No,United States,Washington,,
CUST-750067,Daniel W. Price,Male,26,36,Legal secretary,Yes,No,United States,Washington,,
CUST-300547,Anthony C. Gutierrez,Male,24,36,"Research officer, government",No,Yes,United States,Washington,,
CUST-335027,Aaron L. Green,Male,52,63,Merchant navy officer,Yes,No,United States,Washington,,
CUST-842369,Austin I. Farmer,Male,29,35,Writer,No,No,United States,Washington,,
CUST-410577,Adam M. James,Male,47,67,Art therapist,Yes,No,United States,Washington,,
CUST-992983,Connor Z. Sanders,Male,28,52,Fitness centre manager,Yes,No,United States,Washington,,
CUST-802349,Nathan J. Stephens,Male,18,24,Sports therapist,No,Yes,United States,Washington,,
CUST-609582,Luke B. Palmer,Male,42,66,Arts administrator,Yes,Yes,United States,Washington,,
CUST-717539,Cameron Y. Kennedy,Male,49,69,Government social research officer,Yes,No,United States,Washington,,
CUST-389695,Anthony E. Newton,Male,42,55,Orthoptist,No,Yes,United States,Washington,,
CUST-729718,Connor T. Goodwin,Male,23,26,Travel agency manager,Yes,Yes,United States,Washington,,
CUST-961560,Daniel A. Hunt,Male,26,42,Water quality scientist,No,Yes,United States,Washington,,
CUST-898381,James L. Rodgers,Male,34,59,"Surveyor, minerals",Yes,Yes,United States,Washington,,
CUST-797558,Andrew Q. Stokes,Male,45,68,Psychiatrist,Yes,No,United States,Washington,,
CUST-635172,Thomas W. Vaughn,Male,49,64,Dietitian,Yes,No,United States,Florida,,
CUST-258922,Owen C. Grant,Male,28,53,Systems developer,Yes,Yes,United States,Florida,,
CUST-201533,David L. Robertson,Male,43,53,"Investment banker, corporate",Yes,No,United States,Florida,,
CUST-188665,Hunter J. Maxwell,Male,40,52,"Scientist, water quality",No,No,United States,Florida,,
CUST-675597,James Y. Reid,Male,18,40,"Therapist, drama",No,No,United States,Florida,,
CUST-601043,Henry J. Powell,Male,60,67,"Radiographer, therapeutic",No,No,United States,Florida,,
CUST-575853,Austin N. Hubbard,Male,20,35,Clinical biochemist,Yes,No,United States,Florida,,
CUST-211496,Wyatt C. Brown,Male,24,39,"Radiographer, therapeutic",Yes,No,United States,Florida,,
CUST-466131,Sebastian X. Castro,Male,56,68,Forensic scientist,Yes,No,United States,Florida,,
CUST-270071,Caleb N. Hammond,Male,54,77,IT trainer,No,No,United States,Florida,,
CUST-357611,Gabriel P. Cross,Male,35,53,Geoscientist,Yes,Yes,United States,Florida,,
CUST-483329,Cameron I. Banks,Male,21,40,Bonds trader,Yes,No,United States,Florida,,
CUST-783683,Charles Y. Stephens,Male,47,55,Clothing/textile technologist,Yes,No,United States,Florida,,
CUST-271398,Austin V. Waters,Male,43,45,Educational psychologist,Yes,No,United States,Florida,,
CUST-527832,Nicholas S. Goodman,Male,44,53,Chief of Staff,No,No,United States,Florida,,
CUST-976781,Theodore F. Schultz,Male,35,58,Hospital doctor,No,Yes,United States,Florida,,
CUST-758928,Lucas X. Vargas,Male,27,45,Prison officer,No,Yes,United States,Florida,,
CUST-748060,Sebastian E. Henderson,Male,19,43,Actuary,Yes,No,United States,Florida,,
CUST-882701,Caleb P. Henry,Male,41,61,Artist,No,No,United States,Florida,,
CUST-842257,Oliver C. Mason,Male,47,71,"Engineer, materials",Yes,Yes,United States,Florida,,
CUST-977250,Lucas H. Wallace,Male,27,51,"Administrator, local government",No,No,United States,Florida,,
CUST-608877,Sebastian N. Wade,Male,45,69,Careers adviser,No,Yes,United States,Florida,,
CUST-915978,Zachary V. Lewis,Male,47,55,Analytical chemist,Yes,No,United States,Florida,,
CUST-705041,Daniel Q. Evans,Male,37,59,Diplomatic Services operational officer,No,Yes,United States,Florida,,
CUST-989478,Isaac T. Foster,Male,27,52,Water quality scientist,No,No,United States,Florida,,
CUST-379978,William A. Peterson,Male,51,70,Industrial/product designer,No,No,United States,Florida,,
CUST-322590,Matthew J. Jennings,Male,31,50,Site engineer,Yes,No,United States,Florida,,
CUST-906545,Charles A. Edwards,Male,50,51,"Chemist, analytical",Yes,No,United States,Florida,,
CUST-525163,Alexander C. Wilson,Male,39,55,"Production assistant, television",No,No,United States,Florida,,
CUST-486578,Theodore F. Flores,Male,31,51,Geographical information systems officer,Yes,Yes,United States,Florida,,
CUST-490363,Hunter B. Wise,Male,53,62,Building control surveyor,No,No,United States,Florida,,
CUST-433624,Joshua T. Dixon,Male,34,54,Multimedia programmer,Yes,Yes,United States,Florida,,
CUST-446099,Joseph J. Richardson,Male,36,41,Financial manager,Yes,No,United States,Florida,,
CUST-124535,Matthew F. Montgomery,Male,21,33,Office manager,No,Yes,United States,Florida,,
CUST-636688,Benjamin V. Reese,Male,18,33,Health and safety inspector,Yes,Yes,United States,Florida,,
CUST-808742,Austin U. Dennis,Male,24,32,"Producer, television/film/video",Yes,No,United States,Florida,,
CUST-854228,Lucas A. Weaver,Male,51,52,Software engineer,Yes,Yes,United States,Florida,,
CUST-460423,Alexander C. Dennis,Male,48,67,Bonds trader,No,No,United States,Florida,,
CUST-286388,Connor I. Mack,Male,56,71,Bookseller,No,No,United States,Texas,,
CUST-783111,Joseph W. Reese,Male,58,72,Forensic scientist,Yes,Yes,United States,Texas,,
CUST-396754,Gabriel O. Maxwell,Male,34,36,Biomedical engineer,Yes,Yes,United States,Texas,,
CUST-508518,Sebastian Y. Evans,Male,54,65,Lawyer,No,Yes,United States,Texas,,
CUST-520593,Daniel J. Adams,Male,30,43,Operational investment banker,No,No,United States,Texas,,
CUST-230870,William I. Payne,Male,41,64,"Investment banker, corporate",No,No,United States,Texas,,
CUST-829889,Thomas Y. Moss,Male,34,55,Customer service manager,Yes,No,United States,Texas,,
CUST-566042,Oliver O. Smith,Male,43,62,Research scientist (medical),No,No,United States,Texas,,
CUST-985011,Theodore E. Perkins,Male,20,37,Recruitment consultant,Yes,Yes,United States,Texas,,
CUST-557826,Henry I. McCarthy,Male,29,40,Health service manager,Yes,Yes,United States,Texas,,
CUST-255546,Wyatt J. Kennedy,Male,22,28,Public relations officer,No,No,United States,Texas,,
CUST-253286,Benjamin F. Todd,Male,34,53,Clinical embryologist,Yes,No,United States,Texas,,
CUST-979233,James I. Rivera,Male,38,40,Chief Operating Officer,No,Yes,United States,Texas,,
CUST-619482,Isaac O. Flowers,Male,54,77,Industrial buyer,Yes,No,United States,Texas,,
CUST-724418,Gabriel E. Francis,Male,49,50,Applications developer,Yes,No,United States,Texas,,
CUST-512923,Connor B. Gonzales,Male,36,54,"Administrator, arts",No,No,United States,Texas,,
CUST-172877,Luke U. Pena,Male,18,34,Logistics and distribution manager,Yes,Yes,United States,Texas,,
CUST-530214,Hunter X. Wallace,Male,35,52,"Engineer, chemical",Yes,Yes,United States,Texas,,
CUST-934000,Lucas P. Hudson,Male,22,46,Leisure centre manager,Yes,No,United States,Texas,,
CUST-787758,Dylan B. McDonald,Male,55,71,Financial manager,Yes,Yes,United States,Texas,,
CUST-586859,Theodore P. Haynes,Male,31,33,"Production designer, theatre/television/film",Yes,No,United States,Texas,,
CUST-786959,Caleb U. Johnston,Male,35,36,Field trials officer,No,No,United States,Texas,,
CUST-302540,Joshua J. Fisher,Male,38,58,Translator,Yes,No,United States,Texas,,
CUST-722580,Nathan Q. Washington,Male,23,32,Medical technical officer,No,Yes,United States,Texas,,
CUST-191330,David O. Nichols,Male,42,65,"Surveyor, building control",No,Yes,United States,Texas,,
CUST-201680,Hunter X. Griffith,Male,28,29,Water engineer,No,No,United States,Texas,,
CUST-743515,Gabriel U. McKinney,Male,32,47,Network engineer,No,No,United States,Texas,,
CUST-784269,Cameron U. Morris,Male,34,40,"Accountant, chartered certified",Yes,Yes,United States,Texas,,
CUST-777837,Carter V. Dixon,Male,36,37,Multimedia specialist,Yes,Yes,United States,Texas,,
CUST-356326,Nicholas J. Ward,Male,56,62,Geophysical data processor,No,No,United States,Texas,,
CUST-551605,James M. Washington,Male,29,49,Sales promotion account executive,Yes,Yes,United States,Texas,,
CUST-754572,Gabriel Z. Stone,Male,32,43,Theatre director,No,No,United States,Texas,,
CUST-110057,Daniel X. Jimenez,Male,39,64,Music tutor,No,No,United States,New York,,
CUST-249569,Sebastian G. Welch,Male,23,27,Community pharmacist,Yes,Yes,United States,New York,,
CUST-869722,Nicholas E. Mason,Male,49,58,Licensed conveyancer,Yes,No,United States,New York,,
CUST-288099,James G. Welch,Male,41,45,Chief Technology Officer,No,No,United States,New York,,
CUST-984828,Luke M. Freeman,Male,37,52,Glass blower/designer,Yes,No,United States,New York,,
CUST-438628,Adam I. Lawson,Male,58,75,Scientific laboratory technician,Yes,No,United States,New York,,
CUST-344511,Luke U. Bowen,Male,44,64,Radio producer,No,Yes,United States,New York,,
CUST-588840,Andrew O. Cole,Male,29,50,Arts development officer,Yes,Yes,United States,New York,,
CUST-827547,Benjamin Y. Leonard,Male,26,39,Social researcher,Yes,Yes,United States,New York,,
CUST-360291,Andrew J. Lambert,Male,48,59,Press sub,Yes,Yes,United States,New York,,
CUST-183286,Henry S. Vaughn,Male,44,59,Bookseller,No,No,United States,New York,,
CUST-871107,Theodore B. West,Male,33,53,Management consultant,Yes,Yes,United States,New York,,
CUST-863924,Caleb Z. Daniel,Male,55,71,"Engineer, civil (contracting)",No,No,United States,New York,,
CUST-453355,Wyatt O. Carpenter,Male,52,62,Animal nutritionist,No,Yes,United States,New York,,
CUST-528404,Adam N. Gray,Male,52,62,"Accountant, chartered certified",Yes,No,United States,New York,,
CUST-850668,Oliver R. Porter,Male,59,68,"Psychologist, prison and probation services",No,No,United States,New York,,
CUST-411424,Daniel A. Hopkins,Male,55,64,"Designer, textile",Yes,Yes,United States,New York,,
CUST-297734,Connor X. Walton,Male,34,54,Barrister,Yes,Yes,United States,New York,,
CUST-178763,Benjamin B. Hubbard,Male,20,36,Web designer,No,No,United States,New York,,
CUST-251430,Alexander X. Ball,Male,42,50,Theme park manager,No,Yes,United States,New York,,
CUST-430192,Alexander O. Alvarez,Male,30,36,Technical sales engineer,Yes,No,United States,New York,,
CUST-629740,Anthony B. Mullins,Male,21,23,"Scientist, water quality",No,Yes,United States,New York,,
CUST-657120,James V. Santos,Male,56,73,Forensic psychologist,Yes,Yes,United States,New York,,
CUST-329882,Jackson F. Powell,Male,43,62,Dentist,Yes,No,United States,New York,,
CUST-797425,Sebastian E. Fernandez,Male,51,65,Chartered accountant,No,Yes,United States,New York,,
CUST-866769,Hunter D. Martin,Male,18,27,Teaching laboratory technician,Yes,No,United States,New York,,
CUST-172560,William L. Tucker,Male,19,34,Nature conservation officer,Yes,Yes,United States,New York,,
CUST-658960,Jack C. Chavez,Male,25,29,Insurance underwriter,No,No,United States,New York,,
CUST-744717,Oliver W. Baker,Male,54,70,"Surveyor, insurance",Yes,Yes,United States,New York,,
CUST-336997,Isaac R. Elliott,Male,18,37,Commercial art gallery manager,Yes,No,United States,New York,,
CUST-541361,Jack T. Sanders,Male,58,59,Sports therapist,No,No,United States,New York,,
CUST-350416,Thomas U. Patton,Male,26,50,Chemical engineer,Yes,Yes,United States,New York,,
CUST-570651,Alexander N. James,Male,33,51,Chartered legal executive (England and Wales),Yes,No,United States,New York,,
CUST-375299,Benjamin V. Arnold,Male,27,43,Proofreader,No,No,United States,New York,,
CUST-641707,Joshua A. Stephens,Male,38,49,Statistician,Yes,Yes,United States,New York,,
CUST-674963,Gabriel L. Cross,Male,60,77,Energy manager,Yes,Yes,United States,New York,,
CUST-576602,Connor F. Wright,Male,39,51,Armed forces training and education officer,Yes,Yes,United States,New York,,
CUST-153018,Oliver C. Watson,Male,57,62,Education administrator,No,Yes,United States,New York,,
CUST-152610,Nicholas S. Warren,Male,22,28,Fast food restaurant manager,No,No,United States,New York,,
CUST-332022,Matthew Q. Meyer,Male,32,42,"Investment banker, corporate",No,Yes,United States,New York,,
CUST-662342,Caleb X. Collins,Male,36,50,Occupational therapist,No,Yes,United States,New York,,
CUST-963085,Nicholas H. Davidson,Male,26,30,"Psychologist, sport and exercise",No,No,United States,New York,,
CUST-539589,Sebastian H. Gibbs,Male,36,61,"Pilot, airline",Yes,Yes,United States,New York,,
CUST-350290,William I. Barker,Male,19,40,"Engineer, agricultural",Yes,No,United States,New York,,
CUST-881684,Austin N. Bowman,Male,54,69,Furniture designer,No,No,United States,New York,,
CUST-492579,Nicholas S. Waters,Male,36,52,Location manager,No,Yes,United States,New York,,
CUST-754410,Carter Z. Silva,Male,28,32,General practice doctor,Yes,Yes,United States,New York,,
CUST-885200,Carter H. Mason,Male,31,55,Financial risk analyst,Yes,Yes,United States,New York,,
CUST-385427,Anthony T. Williamson,Male,28,29,Economist,Yes,Yes,United States,New York,,
CUST-402226,Jackson R. Stokes,Male,26,38,"Surveyor, hydrographic",Yes,No,United States,New York,,
CUST-899717,Austin J. Doyle,Male,49,73,Publishing rights manager,Yes,No,United States,New York,,
CUST-682744,Wyatt T. Saunders,Male,30,31,"Conservation officer, historic buildings",Yes,Yes,United States,New York,,
CUST-264807,Aaron F. Glover,Male,45,70,Adult guidance worker,No,No,United States,New York,,
CUST-435209,Austin U. Rivera,Male,47,64,Gaffer,Yes,No,United States,New York,,
CUST-302309,William O. Dunn,Male,43,47,Clinical embryologist,Yes,No,United States,New York,,
CUST-619903,Anthony E. Rose,Male,40,53,"Designer, jewellery",Yes,Yes,United States,New York,,
CUST-131142,Jackson J. Mendoza,Male,42,58,"Administrator, charities/voluntary organisations",No,Yes,United States,New York,,
CUST-722897,Joseph M. Carpenter,Male,29,47,Statistician,No,Yes,United States,New York,,
CUST-740555,Hunter V. Fields,Male,40,44,Legal executive,No,No,United States,New York,,
CUST-827266,Thomas T. Harper,Male,33,44,Quality manager,No,Yes,United States,New York,,
CUST-623787,Jack J. Delgado,Male,41,55,"Production designer, theatre/television/film",Yes,Yes,United States,Massachusetts,,
CUST-616753,David T. Hodges,Male,52,62,Volunteer coordinator,Yes,No,United States,Massachusetts,,
CUST-849979,Carter Z. Curry,Male,33,38,"Teacher, primary school",No,Yes,United States,Massachusetts,,
CUST-451116,Matthew V. Chandler,Male,21,43,"Surveyor, rural practice",No,Yes,United States,Massachusetts,,
CUST-516528,Dylan A. Wise,Male,48,55,Tree surgeon,Yes,No,United States,Massachusetts,,
CUST-827063,David D. Simmons,Male,26,30,Midwife,No,Yes,United States,Massachusetts,,
CUST-192745,William T. Fowler,Male,33,56,Interior and spatial designer,No,Yes,United States,Massachusetts,,
CUST-611445,Caleb J. Warren,Male,58,79,Fine artist,Yes,Yes,United States,Massachusetts,,
CUST-197525,Joshua G. Harmon,Male,59,65,Warden/ranger,Yes,No,United States,Massachusetts,,
CUST-670857,Aaron S. Fisher,Male,21,30,"Psychologist, prison and probation services",No,No,United States,Massachusetts,,
CUST-577091,Dylan D. Newman,Male,39,42,Actor,Yes,No,United States,Massachusetts,,
CUST-290118,Gabriel Z. Robinson,Male,27,41,Data processing manager,Yes,Yes,United States,Massachusetts,,
CUST-665567,Gabriel D. Powers,Male,50,65,"Programmer, systems",Yes,Yes,United States,Massachusetts,,
CUST-557415,Henry J. Wells,Male,57,66,Midwife,Yes,Yes,United States,Massachusetts,,
CUST-544952,Owen G. Lambert,Male,22,30,Glass blower/designer,No,No,United States,Massachusetts,,
CUST-846160,Joshua B. Wagner,Male,57,81,Local government officer,Yes,No,United States,Massachusetts,,
CUST-478624,Austin H. Richardson,Male,32,41,"Doctor, general practice",No,No,United States,Massachusetts,,
CUST-756876,Henry A. Cole,Male,49,59,Chiropodist,Yes,Yes,United States,Massachusetts,,
CUST-325014,Joseph H. Flowers,Male,60,77,Architect,Yes,Yes,United States,Massachusetts,,
CUST-838700,David J. Schmidt,Male,58,67,Sports development officer,Yes,Yes,United States,Massachusetts,,
CUST-105870,Theodore X. Garza,Male,58,64,"Teacher, special educational needs",No,Yes,United States,Massachusetts,,
CUST-386704,James J. May,Male,38,60,Sports development officer,No,No,United States,Massachusetts,,
CUST-773614,Theodore J. Reed,Male,22,29,Historic buildings inspector/conservation officer,No,No,United States,Massachusetts,,
CUST-348224,Austin I. Harper,Male,27,51,"Teacher, secondary school",Yes,No,United States,Massachusetts,,
CUST-412403,Hunter S. Miles,Male,50,56,"Geneticist, molecular",No,Yes,United States,Massachusetts,,
CUST-403478,Nicholas W. Silva,Male,22,44,Occupational hygienist,No,No,United States,Massachusetts,,
CUST-458643,Caleb T. Bowman,Male,33,35,Paramedic,No,Yes,United States,Massachusetts,,
CUST-745622,Thomas C. Ortega,Male,27,48,"Administrator, education",Yes,No,United States,Massachusetts,,
CUST-428661,Oliver H. Hughes,Male,19,39,Hydrologist,Yes,No,United States,Massachusetts,,
CUST-354944,Hunter M. Morgan,Male,20,43,TEFL teacher,No,Yes,United States,Massachusetts,,
CUST-559954,Caleb O. Yates,Male,57,63,"Psychologist, sport and exercise",Yes,Yes,United States,Massachusetts,,
CUST-153063,Connor O. Snyder,Male,53,71,Acupuncturist,No,Yes,United States,Massachusetts,,
CUST-532874,Carter Q. Bennett,Male,43,56,Community education officer,No,No,United States,Massachusetts,,
CUST-353865,Andrew C. Thompson,Male,47,65,Retail manager,Yes,Yes,United States,Massachusetts,,
CUST-909916,Owen B. Daniels,Male,51,55,Financial trader,No,Yes,United States,Massachusetts,,
CUST-542725,Sebastian L. Price,Male,24,29,Occupational psychologist,Yes,Yes,United States,Massachusetts,,
CUST-117886,Nicholas Q. West,Male,45,63,Sports coach,Yes,No,United States,Massachusetts,,
CUST-901960,Jackson L. Gutierrez,Male,57,71,Make,No,Yes,United States,Massachusetts,,
CUST-940717,Matthew U. Lawrence,Male,39,48,"Engineer, land",No,Yes,United States,Massachusetts,,
CUST-537611,Henry C. Quinn,Male,39,64,Brewing technologist,No,Yes,United States,Massachusetts,,
CUST-545465,Nathan H. Townsend,Male,55,74,Psychotherapist,No,Yes,United States,Massachusetts,,
CUST-504388,James H. Wise,Male,53,56,Charity officer,No,Yes,United States,Massachusetts,,
CUST-345929,Alexander F. Hughes,Male,21,44,Technical brewer,Yes,Yes,United States,Massachusetts,,
CUST-193896,Dylan H. Martin,Male,34,52,"Sales professional, IT",Yes,No,United States,Massachusetts,,
CUST-476347,Nora V. Duncan,Female,47,64,Mechanical engineer,No,No,United States,Oregon,,
CUST-635707,Isabella I. Pope,Female,57,58,Tour manager,Yes,Yes,United States,Oregon,,
CUST-114350,Chloe N. Taylor,Female,49,51,"Physicist, medical",Yes,No,United States,Oregon,,
CUST-247520,Lily W. Paul,Female,26,29,Broadcast engineer,No,No,United States,Oregon,,
CUST-584943,Addison G. Dunn,Female,39,58,Occupational therapist,No,Yes,United States,Oregon,,
CUST-708752,Emma Y. Jordan,Female,24,28,Community education officer,Yes,No,United States,Oregon,,
CUST-520001,Evelyn P. Stanley,Female,42,43,Automotive engineer,No,No,United States,Oregon,,
CUST-694989,Victoria A. Carr,Female,49,68,Garment/textile technologist,Yes,No,United States,Oregon,,
CUST-890947,Olivia V. Fisher,Female,33,34,"Engineer, drilling",Yes,No,United States,Oregon,,
CUST-698751,Brooklyn R. Frazier,Female,56,67,Chartered accountant,Yes,Yes,United States,Oregon,,
CUST-794966,Lily H. Ramos,Female,41,46,"Psychologist, occupational",No,Yes,United States,Oregon,,
CUST-298976,Abigail T. Robertson,Female,23,48,Warehouse manager,No,No,United States,Oregon,,
CUST-142903,Rachel O. Wolfe,Female,38,48,Charity fundraiser,Yes,Yes,United States,Oregon,,
CUST-365309,Audrey N. Gray,Female,39,56,Audiological scientist,No,No,United States,Oregon,,
CUST-126332,Eleanor L. Lane,Female,49,55,Nutritional therapist,Yes,Yes,United States,Oregon,,
CUST-485292,Sarah Y. Williamson,Female,53,55,Marketing executive,Yes,Yes,United States,Oregon,,
CUST-430846,Anna Y. Bowman,Female,33,46,"Designer, television/film set",Yes,No,United States,Oregon,,
CUST-870629,Caroline O. Mason,Female,41,55,"Scientist, marine",No,No,United States,Oregon,,
CUST-708512,Allison W. Morgan,Female,58,75,Museum/gallery conservator,No,No,United States,Oregon,,
CUST-198857,Lily A. Hawkins,Female,31,53,Information systems manager,No,No,United States,Oregon,,
CUST-464061,Chloe D. Harvey,Female,25,50,Dealer,No,Yes,United States,Oregon,,
CUST-371190,Stella R. Patton,Female,23,26,Fish farm manager,No,Yes,United States,Oregon,,
CUST-506337,Hailey F. Morris,Female,42,52,Hydrographic surveyor,Yes,No,United States,Oregon,,
CUST-205646,Leah W. Flowers,Female,56,69,Social researcher,Yes,Yes,United States,Oregon,,
CUST-189126,Abigail B. Osborne,Female,39,56,"Lecturer, further education",Yes,No,United States,Oregon,,
CUST-505446,Kennedy B. Wright,Female,56,81,"Administrator, arts",No,Yes,United States,Oregon,,
CUST-654487,Rachel R. Marshall,Female,39,57,Banker,No,No,United States,Oregon,,
CUST-123202,Sophia E. Coleman,Female,49,56,Medical illustrator,Yes,No,United States,Oregon,,
CUST-957195,Natalie W. Schneider,Female,34,47,Jewellery designer,No,No,United States,Oregon,,
CUST-313892,Hannah T. Sharp,Female,42,60,Print production planner,Yes,Yes,United States,Oregon,,
CUST-824900,Addison R. Griffin,Female,32,39,Archaeologist,No,Yes,United States,Oregon,,
CUST-667203,Allison O. Hawkins,Female,31,53,Mechanical engineer,No,No,United States,Oregon,,
CUST-469848,Allison H. Lowe,Female,48,73,Fisheries officer,Yes,Yes,United States,Oregon,,
CUST-151095,Lucy M. Edwards,Female,38,62,Public relations officer,Yes,Yes,United States,Oregon,,
CUST-241998,Hailey N. Cooper,Female,48,71,"Education officer, museum",No,Yes,United States,Oregon,,
CUST-507628,Alice B. Chambers,Female,45,62,Logistics and distribution manager,Yes,No,United States,Oregon,,
CUST-437093,Carter X. Leonard,Female,54,67,Broadcast engineer,Yes,Yes,United States,Oregon,,
CUST-641421,Kennedy P. Barrett,Female,52,54,Glass blower/designer,No,Yes,United States,Oregon,,
CUST-841532,Savannah U. Palmer,Female,29,31,"Engineer, communications",Yes,Yes,United States,Oregon,,
CUST-834307,Evelyn X. Gibbs,Female,31,41,Financial adviser,No,Yes,United States,Oregon,,
CUST-684762,Matthew A. Holmes,Female,59,62,Civil Service administrator,No,Yes,United States,Oregon,,
CUST-621535,Victoria R. Hardy,Female,19,37,Conference centre manager,Yes,No,United States,North Dakota,,
CUST-278234,Lucy Q. Garza,Female,38,57,Theatre manager,Yes,Yes,United States,North Dakota,,
CUST-725740,Alice Q. Jimenez,Female,42,50,"Designer, exhibition/display",No,No,United States,North Dakota,,
CUST-239781,Violet Q. Stewart,Female,42,65,"Scientist, research (medical)",No,No,United States,North Dakota,,
CUST-181033,Olivia Y. Rose,Female,47,50,"Programmer, systems",Yes,No,United States,North Dakota,,
CUST-303761,Lucy M. Kelly,Female,44,47,Medical secretary,No,Yes,United States,North Dakota,,
CUST-281375,Alice G. Bradley,Female,45,61,Theatre stage manager,Yes,No,United States,North Dakota,,
CUST-143631,Lauren A. Cooper,Female,36,57,Video editor,No,No,United States,North Dakota,,
CUST-703983,Sarah A. Day,Female,36,52,Architectural technologist,Yes,Yes,United States,North Dakota,,
CUST-617847,Lily U. Simpson,Female,50,67,Television production assistant,No,No,United States,North Dakota,,
CUST-574000,Julia N. Rodgers,Female,29,38,"Engineer, civil (contracting)",Yes,Yes,United States,North Dakota,,
CUST-506263,Madison C. Pierce,Female,52,54,Research scientist (life sciences),Yes,Yes,United States,North Dakota,,
CUST-508636,Kennedy P. Hart,Female,22,30,Barrister,Yes,No,United States,North Dakota,,
CUST-769474,Charlotte H. Scott,Female,50,52,"Engineer, civil (consulting)",Yes,Yes,United States,North Dakota,,
CUST-679933,Leah B. Reeves,Female,34,41,"Pharmacist, hospital",No,Yes,United States,North Dakota,,
CUST-633413,Victoria C. Spencer,Female,40,62,Ecologist,Yes,No,United States,North Dakota,,
CUST-902565,Charlotte H. Nunez,Female,28,50,Geophysicist/field seismologist,No,No,United States,North Dakota,,
CUST-389622,Eleanor Q. Webb,Female,19,41,Paediatric nurse,Yes,Yes,United States,North Dakota,,
CUST-557603,Nora W. Maldonado,Female,58,63,"Engineer, drilling",Yes,No,United States,North Dakota,,
CUST-483651,Caroline F. Curtis,Female,29,54,"Psychologist, sport and exercise",No,Yes,United States,North Dakota,,
CUST-577299,Caroline G. Mendez,Female,51,73,Neurosurgeon,Yes,Yes,United States,North Dakota,,
CUST-612940,Alice X. Santiago,Female,22,37,Investment analyst,Yes,No,United States,North Dakota,,
CUST-680564,Allison B. Ellis,Female,43,53,Medical laboratory scientific officer,Yes,Yes,United States,North Dakota,,
CUST-616574,Kennedy G. Rivera,Female,54,68,Hotel manager,No,No,United States,North Dakota,,
CUST-961029,Lucy Y. Lane,Female,54,64,"Conservation officer, historic buildings",Yes,No,United States,North Dakota,,
CUST-775200,Chloe M. Jensen,Female,43,68,Pathologist,Yes,Yes,United States,North Dakota,,
CUST-401829,Savannah F. Price,Female,46,65,"Administrator, arts",No,Yes,United States,North Dakota,,
CUST-995026,Hailey U. Murray,Female,36,52,"Engineer, maintenance",No,Yes,United States,North Dakota,,
CUST-560270,Stella F. Richards,Female,23,40,"Engineer, water",No,Yes,United States,North Dakota,,
CUST-100422,Julia L. Morgan,Female,33,39,Landscape architect,No,Yes,United States,North Dakota,,
CUST-389855,Violet Z. Adams,Female,48,53,Contracting civil engineer,No,Yes,United States,North Dakota,,
CUST-509750,Caroline C. Maxwell,Female,47,64,Historic buildings inspector/conservation officer,Yes,No,United States,North Dakota,,
CUST-259965,Violet P. Silva,Female,32,52,Psychotherapist,No,Yes,United States,North Dakota,,
CUST-568999,Claire C. Adkins,Female,33,34,"Production designer, theatre/television/film",No,No,United States,North Dakota,,
CUST-774642,Lily K. Stanley,Female,41,59,"Sound technician, broadcasting/film/video",No,Yes,United States,North Dakota,,
CUST-584459,Anna U. Gomez,Female,36,44,Software engineer,No,No,United States,North Dakota,,
CUST-127681,Eleanor T. Mason,Female,50,58,"Administrator, Civil Service",No,No,United States,North Dakota,,
CUST-705561,Savannah X. Davidson,Female,53,73,"Programmer, applications",Yes,No,United States,North Dakota,,
CUST-182811,Violet L. Watkins,Female,28,44,Insurance underwriter,No,No,United States,North Dakota,,
CUST-405853,Elizabeth D. Nunez,Female,58,75,Private music teacher,No,Yes,United States,North Dakota,,
CUST-970474,Audrey I. Obrien,Female,22,29,Environmental manager,No,Yes,United States,North Dakota,,
CUST-727478,Charlotte K. Patton,Female,55,79,Meteorologist,No,Yes,United States,North Dakota,,
CUST-913003,Allison L. Tucker,Female,47,64,Herbalist,Yes,No,United States,North Dakota,,
CUST-808617,Chloe C. Holt,Female,47,70,Chief Technology Officer,Yes,Yes,United States,North Dakota,,
CUST-514646,Sarah N. Arnold,Female,60,84,Careers information officer,Yes,No,United States,North Dakota,,
CUST-724430,Natalie Q. Rhodes,Female,41,59,"Sound technician, broadcasting/film/video",No,No,United States,North Dakota,,
CUST-628422,Claire Z. Higgins,Female,35,39,Financial risk analyst,No,Yes,United States,North Dakota,,
CUST-499302,Gabriel S. Tate,Female,57,59,Dramatherapist,Yes,No,United States,North Dakota,,
CUST-366172,Stella T. Smith,Female,18,32,Forest/woodland manager,No,Yes,United States,North Dakota,,
CUST-714605,Brooklyn T. Gregory,Female,32,46,"Engineer, production",Yes,No,United States,North Dakota,,
CUST-816349,Charlotte L. Walker,Female,45,57,Software engineer,Yes,No,United States,North Dakota,,
CUST-464357,Nora R. Perkins,Female,42,45,Telecommunications researcher,Yes,Yes,United States,North Dakota,,
CUST-992337,Stella R. Johnston,Female,57,81,Commissioning editor,No,No,United States,North Dakota,,
CUST-551253,Anna R. Doyle,Female,54,65,TEFL teacher,Yes,No,United States,North Dakota,,
CUST-715336,Natalie Z. Nguyen,Female,33,57,Chartered certified accountant,Yes,No,United States,North Dakota,,
CUST-618457,Nora F. Paul,Female,48,69,"Teacher, special educational needs",Yes,No,United States,North Dakota,,
CUST-538523,Chloe Q. Blake,Female,48,66,"Radiographer, diagnostic",Yes,No,United States,North Dakota,,
CUST-837540,Emma M. Douglas,Female,45,60,Consulting civil engineer,Yes,Yes,United States,North Dakota,,
CUST-314338,Leah Q. Perkins,Female,22,46,Multimedia programmer,Yes,No,United States,North Dakota,,
CUST-159183,Isabella V. McDaniel,Female,47,69,Community arts worker,No,No,United States,North Dakota,,
CUST-425411,Abigail O. Baldwin,Female,54,60,"Administrator, charities/voluntary organisations",No,Yes,United States,North Dakota,,
CUST-843763,Allison S. Graham,Female,41,54,Physiological scientist,Yes,Yes,United States,North Dakota,,
CUST-518837,Sophia B. Ortega,Female,27,34,"Psychotherapist, child",No,Yes,United States,Washington,,
CUST-697300,Savannah V. Bell,Female,45,64,Graphic designer,Yes,No,United States,Washington,,
CUST-764632,Abigail Z. Hamilton,Female,57,78,Event organiser,Yes,Yes,United States,Washington,,
CUST-983622,Claire F. Mullins,Female,50,54,Legal secretary,No,No,United States,Washington,,
CUST-684121,Lauren O. Becker,Female,52,65,Field seismologist,No,No,United States,Washington,,
CUST-815194,Evelyn X. Sanders,Female,24,47,Licensed conveyancer,Yes,No,United States,Washington,,
CUST-112945,Rachel N. Jimenez,Female,22,23,Psychotherapist,Yes,No,United States,Washington,,
CUST-243866,Julia I. Ellis,Female,34,35,Clinical research associate,No,Yes,United States,Washington,,
CUST-577643,Alice G. Walters,Female,60,80,"Restaurant manager, fast food",No,No,United States,Washington,,
CUST-717310,Madison A. West,Female,57,82,Clinical research associate,Yes,No,United States,Washington,,
CUST-567299,Chloe N. Webb,Female,44,54,Risk manager,Yes,Yes,United States,Washington,,
CUST-978504,Julia T. Norman,Female,44,62,"Producer, television/film/video",Yes,Yes,United States,Washington,,
CUST-990031,Anna I. Love,Female,22,23,Video editor,Yes,Yes,United States,Washington,,
CUST-259108,Sophia D. Hunter,Female,55,66,"Engineer, production",No,No,United States,Washington,,
CUST-946192,Rachel C. Davidson,Female,49,59,"Horticulturist, commercial",Yes,No,United States,Washington,,
CUST-298101,Violet X. Lucas,Female,57,80,Oncologist,No,No,United States,Washington,,
CUST-205263,Addison L. Delgado,Female,44,55,"Editor, commissioning",No,No,United States,Washington,,
CUST-143405,Savannah M. Wright,Female,31,49,Actor,Yes,No,United States,Washington,,
CUST-740363,Audrey U. Fields,Female,53,66,Waste management officer,No,Yes,United States,Washington,,
CUST-980018,Natalie P. Mason,Female,22,34,Adult nurse,Yes,No,United States,Washington,,
CUST-749769,Alice L. Newman,Female,60,67,Video editor,No,Yes,United States,Washington,,
CUST-943896,Chloe T. Wheeler,Female,27,38,"Engineer, land",No,No,United States,Washington,,
CUST-904807,Emma G. Hubbard,Female,57,71,Armed forces training and education officer,No,No,United States,Washington,,
CUST-920294,Caroline Z. Dixon,Female,59,83,English as a second language teacher,Yes,No,United States,Washington,,
CUST-763783,Stella V. Price,Female,46,69,"Journalist, newspaper",Yes,Yes,United States,Washington,,
CUST-455410,Sarah M. Maxwell,Female,59,61,"Designer, fashion/clothing",Yes,No,United States,Washington,,
CUST-372910,Kennedy O. Willis,Female,50,62,"Engineer, electrical",Yes,No,United States,Washington,,
CUST-106892,Charlotte Q. Watkins,Female,38,43,Industrial buyer,Yes,Yes,United States,Washington,,
CUST-581373,Sarah M. Brewer,Female,40,57,Cartographer,Yes,No,United States,Washington,,
CUST-294155,Emma N. Wolfe,Female,31,39,"Scientist, marine",No,No,United States,Washington,,
CUST-528610,Julia A. Ford,Female,30,43,"Engineer, structural",Yes,No,United States,Washington,,
CUST-872048,Isabella O. Peters,Female,25,33,Clinical embryologist,Yes,No,United States,Washington,,
CUST-351290,Olivia H. Neal,Female,31,47,Print production planner,No,No,United States,Florida,,
CUST-280596,Savannah A. Foster,Female,18,32,"Research officer, trade union",No,Yes,United States,Florida,,
CUST-561238,Isabella X. Burns,Female,24,48,Further education lecturer,Yes,No,United States,Florida,,
CUST-927361,Lauren P. Walker,Female,22,31,"Engineer, manufacturing systems",No,No,United States,Florida,,
CUST-483978,Charlotte D. Lawson,Female,28,34,Tourism officer,No,Yes,United States,Florida,,
CUST-345988,Addison G. Holmes,Female,59,75,Orthoptist,Yes,Yes,United States,Florida,,
CUST-557780,Charlotte V. Martin,Female,21,45,Forest/woodland manager,Yes,Yes,United States,Florida,,
CUST-445281,Kennedy R. Weber,Female,44,51,Forest/woodland manager,No,No,United States,Florida,,
CUST-535315,Violet X. Rhodes,Female,18,40,"Horticulturist, amenity",Yes,Yes,United States,Florida,,
CUST-929394,Nora G. Williamson,Female,47,66,Garment/textile technologist,Yes,Yes,United States,Florida,,
CUST-721037,Madison I. Ortega,Female,59,80,Furniture designer,No,No,United States,Florida,,
CUST-807123,Hannah C. Padilla,Female,22,38,Retail buyer,No,No,United States,Florida,,
CUST-392242,Amelia Y. Woods,Female,41,44,Tax inspector,Yes,No,United States,Florida,,
CUST-737547,Claire X. Yates,Female,28,38,Animal nutritionist,No,No,United States,Florida,,
CUST-867450,Lauren B. Curry,Female,50,71,"Surveyor, insurance",No,No,United States,Florida,,
CUST-745405,Chloe O. Floyd,Female,19,35,"Designer, multimedia",No,No,United States,Florida,,
CUST-848752,Lily R. Rogers,Female,60,74,Radio producer,No,Yes,United States,Florida,,
CUST-841024,Allison Z. Yates,Female,26,46,Theatre director,Yes,Yes,United States,Florida,,
CUST-152473,Addison B. Simmons,Female,26,35,"Accountant, chartered certified",Yes,No,United States,Florida,,
CUST-987136,Lucy M. Hodges,Female,55,62,"Investment banker, operational",No,No,United States,Florida,,
CUST-172829,Addison B. McKinney,Female,34,38,Medical laboratory scientific officer,No,Yes,United States,Florida,,
CUST-371156,Allison Q. Perkins,Female,26,35,Chartered public finance accountant,No,Yes,United States,Florida,,
CUST-691536,Nora F. Ford,Female,30,52,Television production assistant,No,Yes,United States,Florida,,
CUST-391958,Claire W. McDonald,Female,39,58,"Psychotherapist, dance movement",Yes,No,United States,Florida,,
CUST-347916,Amelia G. Aguilar,Female,58,69,Sport and exercise psychologist,Yes,No,United States,Florida,,
CUST-560009,Lucy D. Mendoza,Female,37,62,Health service manager,No,No,United States,Florida,,
CUST-809824,Audrey F. Ferguson,Female,48,52,Public house manager,No,Yes,United States,Florida,,
CUST-752258,Chloe E. Newman,Female,21,22,Civil Service administrator,Yes,No,United States,Florida,,
CUST-329029,Caroline O. Elliott,Female,45,55,Curator,Yes,Yes,United States,Florida,,
CUST-899091,Eleanor M. Lewis,Female,56,67,"Surveyor, planning and development",No,Yes,United States,Florida,,
CUST-814727,Allison B. Long,Female,18,43,Trade union research officer,Yes,Yes,United States,Florida,,
CUST-629202,Hailey N. Willis,Female,28,45,Broadcast engineer,No,Yes,United States,Florida,,
CUST-724454,Grace B. Murray,Female,30,44,Furniture designer,Yes,No,United States,Florida,,
CUST-441481,Savannah X. Harmon,Female,48,49,Agricultural consultant,No,Yes,United States,Florida,,
CUST-846554,Olivia K. Tucker,Female,18,27,"Surveyor, hydrographic",No,Yes,United States,Florida,,
CUST-979797,Alice Q. Larson,Female,47,72,"Scientist, water quality",No,No,United States,Florida,,
CUST-607474,Sophia N. Newton,Female,37,57,Counselling psychologist,No,Yes,United States,Florida,,
CUST-818863,Brooklyn B. Dean,Female,28,38,Television camera operator,No,Yes,United States,Texas,,
CUST-834132,Isabella Q. Weber,Female,30,42,Radio producer,No,No,United States,Texas,,
CUST-594561,Madison W. Mendoza,Female,28,30,Pathologist,No,Yes,United States,Texas,,
CUST-818336,Lucy C. Watkins,Female,59,73,Theatre stage manager,Yes,No,United States,Texas,,
CUST-623664,Madison S. Joseph,Female,22,47,Sub,Yes,No,United States,Texas,,
CUST-586151,Sarah A. McCoy,Female,35,53,Adult nurse,No,No,United States,Texas,,
CUST-267003,Leah T. Washington,Female,33,41,International aid/development worker,No,Yes,United States,Texas,,
CUST-625976,Sophia Q. Lynch,Female,43,67,Cabin crew,No,Yes,United States,Texas,,
CUST-566611,Evelyn R. Stewart,Female,43,47,Microbiologist,Yes,Yes,United States,Texas,,
CUST-902660,Violet W. Hanson,Female,51,73,"Horticulturist, commercial",Yes,Yes,United States,Texas,,
CUST-971691,Rachel N. Weaver,Female,58,77,Forensic psychologist,Yes,Yes,United States,Texas,,
CUST-903763,Olivia M. Lowe,Female,56,67,Ranger/warden,Yes,No,United States,Texas,,
CUST-393039,Madison Z. Campbell,Female,49,65,Social worker,No,Yes,United States,Texas,,
CUST-432912,Victoria O. Saunders,Female,20,33,Aid worker,Yes,Yes,United States,Texas,,
CUST-673429,Violet M. Hunt,Female,23,28,Advice worker,No,No,United States,Texas,,
CUST-473379,Lucy R. Robinson,Female,58,75,"Psychologist, occupational",No,Yes,United States,Texas,,
CUST-717754,Amelia R. Ortiz,Female,29,33,Proofreader,Yes,Yes,United States,Texas,,
CUST-637256,Hannah E. Foster,Female,32,43,Musician,No,No,United States,Texas,,
CUST-320368,Charlotte F. Howell,Female,60,64,Museum/gallery conservator,No,Yes,United States,Texas,,
CUST-492595,Emma A. Cook,Female,23,26,"Designer, multimedia",Yes,Yes,United States,Texas,,
CUST-886022,Olivia T. Rivera,Female,43,62,"Education officer, museum",Yes,Yes,United States,Texas,,
CUST-162980,Caroline Q. Hill,Female,22,38,"Radiographer, therapeutic",Yes,Yes,United States,Texas,,
CUST-315473,Hannah D. Baker,Female,28,29,Lawyer,Yes,Yes,United States,Texas,,
CUST-173775,Grace L. Larson,Female,40,46,"Scientist, audiological",Yes,No,United States,Texas,,
CUST-633325,Kennedy N. Cummings,Female,30,38,TEFL teacher,Yes,No,United States,Texas,,
CUST-714510,Natalie V. Brewer,Female,49,65,"Teacher, music",Yes,Yes,United States,Texas,,
CUST-615391,Kennedy E. Holland,Female,26,45,"Teacher, adult education",Yes,No,United States,Texas,,
CUST-804508,Amelia A. Hamilton,Female,44,58,English as a foreign language teacher,Yes,No,United States,Texas,,
CUST-833672,Julia Y. King,Female,53,69,Chartered certified accountant,Yes,No,United States,Texas,,
CUST-707290,Hailey R. Farmer,Female,54,59,Interior and spatial designer,Yes,No,United States,Texas,,
CUST-487839,Evelyn V. Jacobs,Female,32,33,Further education lecturer,No,No,United States,Texas,,
CUST-445530,Savannah S. Castillo,Female,30,53,Aeronautical engineer,Yes,No,United States,Texas,,
CUST-600173,Eleanor W. Patton,Female,55,78,Tourist information centre manager,No,Yes,United States,Texas,,
CUST-167120,Alice I. Thornton,Female,33,41,Theatre director,No,Yes,United States,Texas,,
CUST-314260,Allison P. Gibson,Female,44,54,Accounting technician,Yes,Yes,United States,Texas,,
CUST-970268,Kennedy O. Mendez,Female,52,70,Tax adviser,Yes,No,United States,Texas,,
CUST-575686,Lauren X. Peterson,Female,53,73,Garment/textile technologist,Yes,No,United States,Texas,,
CUST-201496,Charlotte Y. Lawson,Female,26,32,Retail manager,Yes,No,United States,Texas,,
CUST-548182,Audrey Q. Thomas,Female,55,68,"Restaurant manager, fast food",Yes,No,United States,Texas,,
CUST-462934,Leah B. Wells,Female,46,51,Furniture conservator/restorer,Yes,No,United States,Texas,,
CUST-344578,Sophia W. Hubbard,Female,33,57,"Production assistant, television",No,No,United States,Texas,,
CUST-493154,Chloe B. Boyd,Female,25,34,"Engineer, electrical",Yes,Yes,United States,New York,,
CUST-692281,Alice U. Holt,Female,32,34,Agricultural consultant,No,Yes,United States,New York,,
CUST-115213,Lily P. Osborne,Female,32,52,Research scientist (maths),No,Yes,United States,New York,,
CUST-473284,Isabella N. Munoz,Female,52,57,Land/geomatics surveyor,No,Yes,United States,New York,,
CUST-279274,Claire E. Cooper,Female,28,31,Purchasing manager,Yes,Yes,United States,New York,,
CUST-779435,Lucy T. Graves,Female,32,53,Product designer,No,Yes,United States,New York,,
CUST-773183,Chloe C. Maldonado,Female,34,48,Probation officer,No,No,United States,New York,,
CUST-324457,Sophia D. Rodgers,Female,19,28,Mental health nurse,No,No,United States,New York,,
CUST-269510,Natalie X. Howell,Female,33,47,"Editor, film/video",No,No,United States,New York,,
CUST-560146,Julia A. Maldonado,Female,31,39,Research scientist (physical sciences),Yes,No,United States,New York,,
CUST-657921,Lauren C. Little,Female,36,37,Corporate investment banker,Yes,No,United States,New York,,
CUST-623861,Leah N. Patterson,Female,18,26,Petroleum engineer,Yes,Yes,United States,New York,,
CUST-754016,Lauren W. Parks,Female,19,44,"Therapist, sports",Yes,No,United States,New York,,
CUST-431658,Audrey U. Lowe,Female,54,78,Education administrator,No,Yes,United States,New York,,
CUST-186175,Kennedy R. King,Female,54,79,Media buyer,Yes,Yes,United States,New York,,
CUST-258184,Grace L. Robbins,Female,47,52,Information systems manager,Yes,Yes,United States,New York,,
CUST-938704,Hailey F. Stanley,Female,52,69,"Therapist, music",No,Yes,United States,New York,,
CUST-534969,Madison G. Hardy,Female,33,48,Charity officer,Yes,Yes,United States,New York,,
CUST-987623,Sarah Q. Williamson,Female,21,42,Catering manager,No,Yes,United States,New York,,
CUST-884319,Eleanor O. Valdez,Female,27,42,Optometrist,No,Yes,United States,New York,,
CUST-349968,Audrey J. Davis,Female,46,68,"Restaurant manager, fast food",No,No,United States,New York,,
CUST-223342,Addison R. Morgan,Female,50,57,Chartered legal executive (England and Wales),No,Yes,United States,New York,,
CUST-367089,Emma R. Mason,Female,22,24,Equality and diversity officer,Yes,No,United States,New York,,
CUST-270682,Nora Z. Moss,Female,26,50,"Psychologist, sport and exercise",No,Yes,United States,New York,,
CUST-816382,Madison V. Morgan,Female,32,55,Information systems manager,No,Yes,United States,New York,,
CUST-822074,Chloe R. Bryant,Female,42,67,Scientific laboratory technician,No,No,United States,New York,,
CUST-640134,Anna G. Moore,Female,18,29,Furniture conservator/restorer,Yes,No,United States,New York,,
CUST-817727,Lucy H. Quinn,Female,58,69,"Designer, jewellery",Yes,No,United States,New York,,
CUST-687678,Olivia V. Robinson,Female,44,60,Arboriculturist,No,Yes,United States,New York,,
CUST-457651,Madison F. Bowman,Female,41,47,"Investment banker, operational",No,No,United States,New York,,
CUST-927949,Addison L. Cruz,Female,19,34,IT trainer,Yes,No,United States,New York,,
CUST-615943,Lily C. McDonald,Female,60,79,Town planner,Yes,Yes,United States,New York,,
CUST-102796,Abigail I. Stevens,Female,28,30,"Scientist, biomedical",Yes,No,United States,New York,,
CUST-791542,Grace X. Cruz,Female,40,62,"Nurse, adult",No,No,United States,New York,,
CUST-605811,Eleanor O. Dixon,Female,18,42,Lawyer,No,No,United States,New York,,
CUST-507299,Lauren I. Knight,Female,37,42,Local government officer,No,Yes,United States,New York,,
CUST-895579,Abigail T. Wheeler,Female,58,60,Geophysical data processor,Yes,Yes,United States,New York,,
CUST-585048,Grace P. Douglas,Female,29,36,"Engineer, maintenance (IT)",No,Yes,United States,New York,,
CUST-605509,Evelyn S. Butler,Female,37,58,Advertising account planner,No,No,United States,New York,,
CUST-926390,Amelia L. Nelson,Female,41,54,"Production assistant, radio",No,Yes,United States,New York,,
CUST-319510,Victoria B. Mendez,Female,22,47,Acupuncturist,No,Yes,United States,New York,,
CUST-491153,Abigail E. Gordon,Female,58,66,Comptroller,No,No,United States,New York,,
CUST-291781,Hannah D. Scott,Female,29,34,"Physicist, medical",Yes,No,United States,New York,,
CUST-703772,Lucas F. Watkins,Female,46,60,Hydrogeologist,Yes,No,United States,New York,,
CUST-783824,Violet Z. Reyes,Female,51,74,Conference centre manager,Yes,Yes,United States,New York,,
CUST-308794,Sarah U. Rowe,Female,20,37,Information officer,No,Yes,United States,New York,,
CUST-289962,Sarah B. West,Female,35,37,Public relations account executive,No,No,United States,New York,,
CUST-171286,Isabella H. Wilson,Female,24,28,Commercial horticulturist,Yes,No,United States,New York,,
CUST-936484,Victoria T. Moody,Female,33,39,Social researcher,No,Yes,United States,New York,,
CUST-297928,Audrey D. Estrada,Female,54,74,"Therapist, speech and language",Yes,No,United States,New York,,
CUST-437947,Audrey E. Rowe,Female,36,41,Radio producer,Yes,Yes,United States,New York,,
CUST-129384,Kennedy K. Butler,Female,23,44,Writer,Yes,Yes,United States,Massachusetts,,
CUST-583556,Hannah Y. Welch,Female,47,62,"Editor, film/video",No,No,United States,Massachusetts,,
CUST-640420,Addison M. Johnston,Female,18,21,Medical sales representative,No,Yes,United States,Massachusetts,,
CUST-467408,Kennedy R. Peters,Female,20,29,Arts development officer,Yes,Yes,United States,Massachusetts,,
CUST-775091,Anna B. Henderson,Female,57,59,Ranger/warden,No,No,United States,Massachusetts,,
CUST-483441,Natalie U. Ross,Female,52,76,Wellsite geologist,Yes,Yes,United States,Massachusetts,,
CUST-235924,Lucas R. Valdez,Female,43,68,Health visitor,Yes,Yes,United States,Massachusetts,,
CUST-947919,Sophia J. Horton,Female,36,37,Land/geomatics surveyor,Yes,No,United States,Massachusetts,,
CUST-608464,Eleanor H. Conner,Female,24,31,Forest/woodland manager,No,No,United States,Massachusetts,,
CUST-201061,Lily U. Horton,Female,41,61,Futures trader,Yes,No,United States,Massachusetts,,
CUST-749442,Hailey L. Schultz,Female,18,39,Holiday representative,Yes,No,United States,Massachusetts,,
CUST-865791,Anna K. Lowe,Female,18,35,Radio broadcast assistant,No,Yes,United States,Massachusetts,,
CUST-442948,Kennedy E. Sandoval,Female,35,52,"Programme researcher, broadcasting/film/video",No,Yes,United States,Massachusetts,,
CUST-858932,Abigail W. Thornton,Female,18,34,Town planner,Yes,No,United States,Massachusetts,,
CUST-394931,Hannah K. Shelton,Female,50,63,Water quality scientist,No,Yes,United States,Massachusetts,,
CUST-969579,Olivia Y. Wise,Female,40,56,Orthoptist,Yes,Yes,United States,Massachusetts,,
CUST-733305,Rachel N. Mitchell,Female,18,41,"Merchandiser, retail",No,Yes,United States,Massachusetts,,
CUST-398767,Alice U. Patton,Female,20,45,Forest/woodland manager,Yes,Yes,United States,Massachusetts,,
CUST-105800,Abigail N. Bell,Female,47,64,Theme park manager,No,No,United States,Massachusetts,,
CUST-944837,Leah U. Santiago,Female,22,35,Landscape architect,No,Yes,United States,Massachusetts,,
CUST-513259,Audrey S. Robertson,Female,35,46,Financial manager,No,No,United States,Massachusetts,,
CUST-711468,Addison B. Fields,Female,29,42,Transport planner,Yes,No,United States,Massachusetts,,
CUST-692090,Allison Q. Lambert,Female,29,48,"Journalist, newspaper",No,Yes,United States,Massachusetts,,
CUST-495415,Charlotte W. Roberts,Female,39,61,Chemical engineer,Yes,Yes,United States,Massachusetts,,
CUST-256903,Brooklyn C. Perkins,Female,46,66,Sales promotion account executive,Yes,No,United States,Massachusetts,,
CUST-804282,Brooklyn R. Morales,Female,50,70,Printmaker,No,No,United States,Massachusetts,,
CUST-855970,Leah F. Roberts,Female,39,50,Psychiatrist,Yes,No,United States,Massachusetts,,
CUST-850736,Stella G. Chandler,Female,44,47,"Conservator, furniture",Yes,Yes,United States,Massachusetts,,
CUST-547069,Brooklyn I. Cunningham,Female,40,56,"Nurse, mental health",No,No,United States,Massachusetts,,
CUST-839100,Amelia W. Parks,Female,55,70,Energy engineer,Yes,Yes,United States,Massachusetts,,
CUST-396915,Violet L. Greer,Female,37,44,Gaffer,No,Yes,United States,Massachusetts,,
CUST-525522,Madison E. Cannon,Female,55,73,"Doctor, hospital",No,Yes,United States,Massachusetts,,
CUST-832882,Stella R. Higgins,Female,28,45,"Development worker, international aid",No,Yes,United States,Massachusetts,,
CUST-596591,Evelyn E. Pope,Female,31,52,Astronomer,No,Yes,United States,Massachusetts,,
CUST-764394,Stella A. Harvey,Female,27,41,IT trainer,No,Yes,United States,Massachusetts,,
CUST-237272,Audrey X. Howell,Female,26,41,Ecologist,No,No,United States,Massachusetts,,
CUST-908923,Kennedy I. Dixon,Female,20,24,Secondary school teacher,Yes,Yes,United States,Massachusetts,,
CUST-643769,Rachel Q. Fuller,Female,56,80,Management consultant,Yes,No,United States,Massachusetts,,
CUST-454365,Hannah M. McDonald,Female,31,36,Industrial buyer,No,Yes,United States,Massachusetts,,
CUST-941879,Charlotte H. Byrd,Female,29,47,Chief Marketing Officer,No,No,United States,Massachusetts,,
CUST-273084,Rachel S. Edwards,Female,21,29,Arboriculturist,Yes,Yes,United States,Massachusetts,,
CUST-149749,Natalie I. McKinney,Female,39,56,Animal nutritionist,No,Yes,United States,Massachusetts,,
CUST-309823,Alice G. Wilson,Female,29,49,Fine artist,Yes,No,United States,Massachusetts,,
CUST-832025,Julia J. Ortiz,Female,38,49,IT sales professional,Yes,No,United States,Massachusetts,,
CUST-270019,Stella L. Blake,Female,35,49,"Production assistant, radio",No,No,United States,Massachusetts,,
CUST-305953,Hailey F. Manning,Female,48,52,Speech and language therapist,Yes,No,United States,Massachusetts,,
CUST-368711,Addison T. Armstrong,Female,27,51,Environmental manager,No,Yes,United States,Massachusetts,,
CUST-736621,Rachel N. Clark,Female,24,39,Ecologist,Yes,No,United States,California,,
CUST-476369,Madison W. Shaw,Female,48,55,Occupational therapist,No,No,United States,California,,
CUST-573856,Lily N. Carroll,Female,44,65,"Production assistant, radio",Yes,No,United States,California,,
CUST-257863,Lauren I. Goodman,Female,50,62,"Conservation officer, nature",No,No,United States,California,,
CUST-601507,Elizabeth S. Higgins,Female,21,35,"Journalist, broadcasting",No,Yes,United States,California,,
CUST-963978,Lily X. Olson,Female,21,32,Systems developer,No,Yes,United States,California,,
CUST-961977,Chloe H. Bush,Female,38,50,"Radiographer, therapeutic",Yes,Yes,United States,California,,
CUST-314378,Natalie Q. Vaughn,Female,30,46,"Scientist, research (life sciences)",No,No,United States,California,,
CUST-557520,Julia H. Stone,Female,44,56,Fast food restaurant manager,No,Yes,United States,California,,
CUST-270090,Emma H. Adams,Female,57,63,"Administrator, sports",Yes,No,United States,California,,
CUST-545306,Lauren B. Reyes,Female,40,54,"Psychologist, counselling",No,No,United States,California,,
CUST-361768,Sophia Y. McDaniel,Female,34,36,Call centre manager,Yes,Yes,United States,California,,
CUST-839549,Lauren E. Alvarez,Female,58,79,Facilities manager,No,Yes,United States,California,,
CUST-963922,Allison S. Duncan,Female,43,50,Proofreader,No,Yes,United States,California,,
CUST-947202,Emma R. Andrews,Female,27,35,"Engineer, drilling",Yes,Yes,United States,California,,
CUST-614790,Lily N. Stewart,Female,60,84,Arboriculturist,No,No,United States,California,,
CUST-521276,Violet V. Nguyen,Female,29,31,Web designer,No,No,United States,California,,
CUST-889308,Sarah U. Webb,Female,58,70,IT sales professional,Yes,Yes,United States,California,,
CUST-232677,Savannah R. Saunders,Female,47,55,Manufacturing engineer,No,Yes,United States,California,,
CUST-263649,Alice V. Wolfe,Female,32,43,Research scientist (medical),No,Yes,United States,California,,
CUST-738228,Allison D. Hampton,Female,53,55,"Producer, radio",No,Yes,United States,California,,
CUST-783259,Lily T. Vasquez,Female,47,71,Cabin crew,Yes,No,United States,California,,
CUST-974103,Audrey E. Silva,Female,52,54,Advertising account executive,No,Yes,United States,California,,
CUST-714238,Isabella M. Phillips,Female,18,24,"Psychologist, counselling",No,No,United States,California,,
CUST-168230,Leah B. Blake,Female,42,51,Maintenance engineer,Yes,No,United States,California,,
CUST-180906,Brooklyn N. Fields,Female,22,24,Mining engineer,Yes,Yes,United States,California,,
CUST-210398,Charlotte V. Pierce,Female,51,66,Podiatrist,No,No,United States,California,,
CUST-410184,Evelyn O. Richards,Female,44,68,Hydrologist,No,No,United States,California,,
CUST-163674,Grace R. Schultz,Female,46,47,Make,No,No,United States,California,,
CUST-743856,Caroline D. Stokes,Female,59,84,"Secretary, company",Yes,Yes,United States,California,,
CUST-927462,Audrey Y. Welch,Female,31,33,"Designer, blown glass/stained glass",Yes,Yes,United States,California,,
CUST-591057,Allison R. Greene,Female,26,28,"Development worker, community",No,Yes,United States,California,,
CUST-165313,Brooklyn W. Murray,Female,44,46,Youth worker,Yes,Yes,United States,California,,
CUST-476143,Stella N. Knight,Female,52,69,Hospital pharmacist,Yes,Yes,United States,California,,
CUST-541953,Hannah D. Burgess,Female,45,62,Civil Service fast streamer,Yes,Yes,United States,California,,
CUST-909919,Caroline N. Hammond,Female,50,67,Information officer,Yes,No,United States,California,,
CUST-701854,Emma E. Byrd,Female,47,65,Soil scientist,No,No,United States,California,,
CUST-437647,Grace C. Murray,Female,55,72,Psychiatrist,No,Yes,United States,California,,
CUST-801741,Claire V. Becker,Female,41,58,"Embryologist, clinical",No,No,United States,California,,
CUST-896531,Claire V. Bishop,Female,33,37,General practice doctor,No,No,United States,California,,
CUST-215998,Amelia O. Wells,Female,54,63,Print production planner,No,Yes,United States,California,,
CUST-381595,Amelia I. Williams,Female,29,41,Accommodation manager,Yes,No,United States,California,,
CUST-488866,Alice W. Graves,Female,24,28,Exercise physiologist,Yes,Yes,United States,California,,
CUST-783666,Victoria A. Peters,Female,41,50,Theatre manager,Yes,Yes,United States,California,,
CUST-600981,Abigail P. Kennedy,Female,21,45,Geophysical data processor,No,Yes,United States,California,,
CUST-315618,Hailey T. Miles,Female,50,60,Pharmacologist,Yes,No,United States,California,,
CUST-562283,Charlotte D. McDaniel,Female,20,26,Exercise physiologist,Yes,Yes,United States,California,,
CUST-703412,Lauren A. Hayes,Female,59,74,Software engineer,No,No,United States,California,,
CUST-469036,Savannah I. Fernandez,Female,49,72,Chemical engineer,No,Yes,United States,California,,
CUST-942234,Amelia Q. Burgess,Female,45,49,Chartered management accountant,Yes,Yes,United States,California,,
CUST-173920,Eleanor V. Greer,Female,36,53,"Psychologist, clinical",Yes,No,United States,California,,
CUST-571079,Natalie W. Howard,Female,24,37,"Engineer, biomedical",Yes,Yes,United States,California,,
CUST-606297,Amelia Q. Morgan,Female,24,29,Radiation protection practitioner,No,Yes,United States,California,,
CUST-496368,Owen E. Terry,Female,21,29,"Designer, graphic",No,Yes,United States,California,,
CUST-254074,Addison V. Joseph,Female,18,32,Make,No,No,United States,California,,
CUST-596894,Savannah V. Chandler,Female,24,30,Trading standards officer,Yes,No,United States,California,,
CUST-689367,Stella O. Todd,Female,48,71,Hospital pharmacist,No,No,United States,California,,
CUST-353664,Brooklyn X. Hunter,Female,33,40,"Teacher, early years/pre",Yes,Yes,United States,California,,
CUST-874425,Lucy F. Mendez,Female,45,52,Financial planner,No,No,United States,California,,
CUST-871090,Sarah L. Maldonado,Female,44,67,Games developer,Yes,No,United States,California,,
CUST-132453,Victoria L. Chandler,Female,45,57,Regulatory affairs officer,Yes,No,United States,California,,
CUST-806513,Kennedy D. Parks,Female,53,58,Academic librarian,No,Yes,United States,California,,
CUST-706103,Hailey X. Boyd,Female,44,49,Learning mentor,No,Yes,United States,California,,
CUST-574434,Alice Z. McCoy,Female,25,32,Medical illustrator,Yes,No,United States,California,,
CUST-463690,Olivia C. Barker,Female,24,48,Fast food restaurant manager,Yes,No,United States,California,,
CUST-429786,Addison I. Crawford,Female,32,41,Dance movement psychotherapist,Yes,No,United States,California,,
CUST-439595,Nora H. King,Female,44,52,Engineering geologist,No,Yes,United States,California,,
CUST-879039,Nora F. Wallace,Female,52,63,Careers adviser,Yes,Yes,United States,California,,
CUST-878607,Madison W. Paul,Female,19,25,"Pharmacist, hospital",Yes,Yes,United States,California,,
CUST-784003,Audrey L. Ford,Female,56,77,"Designer, blown glass/stained glass",Yes,No,United States,California,,
CUST-899284,Lucy S. Haynes,Female,54,73,Minerals surveyor,Yes,No,United States,California,,
CUST-193962,Addison Z. Banks,Female,44,51,Landscape architect,Yes,Yes,United States,California,,
CUST-991082,Charlotte V. Floyd,Female,40,56,Media buyer,Yes,Yes,United States,California,,
CUST-974110,Lily W. Palmer,Female,26,33,Environmental manager,Yes,No,United States,California,,
CUST-931487,Claire E. Scott,Female,33,41,Advertising art director,Yes,No,United States,California,,
CUST-254858,Madison E. Barnett,Female,21,33,Immigration officer,Yes,No,United States,Pennsylvania,,
CUST-176958,Chloe Y. Green,Female,32,44,Research scientist (life sciences),Yes,No,United States,Pennsylvania,,
CUST-403959,Julia Z. Richardson,Female,49,59,"Teacher, music",No,Yes,United States,Pennsylvania,,
CUST-204329,Violet T. Jones,Female,30,46,"Administrator, arts",No,Yes,United States,Pennsylvania,,
CUST-593742,Addison X. Fleming,Female,27,38,"Restaurant manager, fast food",Yes,No,United States,Pennsylvania,,
CUST-638736,Grace K. Vargas,Female,48,66,Materials engineer,Yes,Yes,United States,Pennsylvania,,
CUST-570680,Julia Q. Cunningham,Female,53,59,Consulting civil engineer,Yes,No,United States,Pennsylvania,,
CUST-812731,Charlotte P. Carter,Female,23,24,Glass blower/designer,Yes,Yes,United States,Pennsylvania,,
CUST-832112,Emma V. Bailey,Female,23,32,Exhibition designer,No,Yes,United States,Pennsylvania,,
CUST-595974,Amelia L. Day,Female,32,56,Geographical information systems officer,Yes,No,United States,Pennsylvania,,
CUST-918883,Charlotte M. Hunter,Female,32,34,"Teacher, primary school",No,No,United States,Pennsylvania,,
CUST-612394,Isabella M. Ramsey,Female,19,30,Nature conservation officer,Yes,No,United States,Pennsylvania,,
CUST-474283,Sophia Q. Green,Female,38,59,Museum education officer,No,Yes,United States,Pennsylvania,,
CUST-861290,Leah D. Howell,Female,23,36,Television camera operator,Yes,No,United States,Pennsylvania,,
CUST-693709,Lauren J. Parker,Female,34,39,Community development worker,No,No,United States,Pennsylvania,,
CUST-951828,Claire C. Barker,Female,31,38,Chartered loss adjuster,Yes,No,United States,Pennsylvania,,
CUST-803177,Abigail T. West,Female,51,55,Lawyer,No,Yes,United States,Pennsylvania,,
CUST-760842,Brooklyn Q. Garrett,Female,19,28,Marketing executive,Yes,No,United States,Pennsylvania,,
CUST-416292,Sarah W. Cobb,Female,32,35,Prison officer,Yes,Yes,United States,Pennsylvania,,
CUST-108401,Chloe C. Lane,Female,18,20,"Surveyor, quantity",Yes,No,United States,Pennsylvania,,
CUST-416206,Leah S. Santiago,Female,50,61,Theatre stage manager,Yes,No,United States,Pennsylvania,,
CUST-315565,Violet K. Pope,Female,43,47,"Radiographer, therapeutic",Yes,No,United States,Pennsylvania,,
CUST-422873,Nora Q. Snyder,Female,23,47,Petroleum engineer,Yes,Yes,United States,Pennsylvania,,
CUST-732351,Addison I. Palmer,Female,18,29,Accommodation manager,No,Yes,United States,Pennsylvania,,
CUST-220013,Allison S. Norman,Female,25,30,Armed forces technical officer,No,No,United States,Pennsylvania,,
CUST-321147,Rachel L. Horton,Female,19,34,Media planner,Yes,No,United States,Pennsylvania,,
CUST-554821,Madison W. Clark,Female,24,35,IT consultant,No,No,United States,Pennsylvania,,
CUST-920355,Violet V. Walsh,Female,44,69,Museum/gallery exhibitions officer,Yes,No,United States,Pennsylvania,,
CUST-342110,Grace A. Myers,Female,37,56,Information officer,Yes,No,United States,Pennsylvania,,
CUST-300111,Olivia G. Young,Female,24,36,Accounting technician,No,No,United States,Pennsylvania,,
CUST-223406,Anna Y. Taylor,Female,43,65,Contracting civil engineer,Yes,Yes,United States,Pennsylvania,,
CUST-540568,Sophia T. Price,Female,60,73,Regulatory affairs officer,No,Yes,United States,Pennsylvania,,
CUST-825341,Grace N. Payne,Female,43,54,"Surveyor, quantity",Yes,No,United States,Pennsylvania,,
CUST-543328,Alice E. Craig,Female,42,56,Applications developer,Yes,No,United States,Pennsylvania,,
CUST-941626,Leah W. Silva,Female,25,40,Insurance underwriter,No,Yes,United States,Pennsylvania,,
CUST-186834,Stella C. Elliott,Female,20,28,"Therapist, drama",No,Yes,United States,Pennsylvania,,
CUST-232544,Emma Z. Santos,Female,50,69,Mining engineer,Yes,No,United States,Pennsylvania,,
CUST-853550,Hannah H. Harmon,Female,24,43,Estate manager/land agent,No,Yes,United States,Pennsylvania,,
CUST-740665,Brooklyn A. Wilson,Female,51,59,Hospital pharmacist,Yes,No,United States,Pennsylvania,,
CUST-419087,Victoria A. Hopkins,Female,54,58,Quantity surveyor,Yes,Yes,United States,Pennsylvania,,
CUST-677096,Allison L. Morris,Female,37,40,"Nurse, children's",Yes,Yes,United States,Pennsylvania,,
CUST-814652,Chloe M. Snyder,Female,22,26,Data processing manager,No,No,United States,Pennsylvania,,
CUST-891402,Claire D. West,Female,31,48,Environmental health practitioner,No,No,United States,Pennsylvania,,
CUST-503940,Kennedy L. Hoffman,Female,38,50,Charity fundraiser,Yes,No,United States,Pennsylvania,,
CUST-338525,Charlotte G. Malone,Female,20,29,Electrical engineer,Yes,No,United States,Pennsylvania,,
CUST-129316,Julia E. Todd,Female,36,53,"Surveyor, rural practice",No,No,United States,Pennsylvania,,
CUST-907480,Leah Z. Baldwin,Female,34,51,"Producer, television/film/video",No,Yes,United States,Pennsylvania,,
CUST-864792,Emma N. Lambert,Female,53,58,Graphic designer,No,Yes,United States,Pennsylvania,,
CUST-322978,Victoria E. Doyle,Female,22,26,Emergency planning/management officer,No,No,United States,Pennsylvania,,
CUST-414027,Elizabeth A. Harper,Female,57,68,Counsellor,Yes,Yes,United States,Pennsylvania,,
CUST-712615,Chloe Q. Caldwell,Female,42,65,Retail merchandiser,No,Yes,United States,Pennsylvania,,
CUST-976220,Chloe H. Wilson,Female,60,65,Make,No,Yes,United States,Pennsylvania,,
CUST-117346,Emma N. Jones,Female,21,40,Illustrator,Yes,No,United States,Pennsylvania,,
CUST-271345,Violet K. Miles,Female,22,30,"Presenter, broadcasting",Yes,No,United States,Pennsylvania,,
CUST-111203,Allison X. Morales,Female,38,58,"Designer, exhibition/display",Yes,Yes,United States,Pennsylvania,,
CUST-422036,Violet P. Johnston,Female,54,59,Educational psychologist,Yes,No,United States,Pennsylvania,,
CUST-308470,Addison V. Hodges,Female,48,67,Careers adviser,Yes,Yes,United States,Pennsylvania,,
CUST-491947,Lily P. Robbins,Female,48,67,Museum/gallery exhibitions officer,No,Yes,United States,Pennsylvania,,
CUST-967350,Rachel X. Lawrence,Female,19,40,Actor,Yes,Yes,United States,Pennsylvania,,
CUST-716358,Sarah I. Kelley,Female,49,51,Press photographer,No,Yes,United States,Pennsylvania,,
CUST-844975,Elizabeth A. Gross,Female,23,31,Administrator,No,Yes,United States,Pennsylvania,,
CUST-200892,Emma K. Simon,Female,28,45,Database administrator,Yes,Yes,United States,Pennsylvania,,
CUST-888284,Brooklyn Z. Bowen,Female,45,68,Ranger/warden,Yes,Yes,United States,Pennsylvania,,
CUST-952018,Hannah J. Howard,Female,44,56,Pharmacologist,No,Yes,United States,Pennsylvania,,
CUST-598845,Abigail M. Riley,Female,56,73,Illustrator,Yes,No,United States,Pennsylvania,,
CUST-913446,Sophia W. Ford,Female,48,60,Animator,Yes,No,United States,Pennsylvania,,
CUST-111998,Savannah L. Hopkins,Female,59,73,English as a foreign language teacher,No,No,United States,Pennsylvania,,
CUST-834057,Caroline T. Reid,Female,32,40,Chartered certified accountant,No,No,United States,Pennsylvania,,
CUST-911941,Abigail N. Thomas,Female,18,32,Paediatric nurse,Yes,No,United States,Pennsylvania,,
CUST-451505,Grace L. Davis,Female,22,47,"Engineer, electronics",No,Yes,United States,Pennsylvania,,
CUST-758397,Grace H. Scott,Female,42,54,Paediatric nurse,No,No,United States,Pennsylvania,,
CUST-579537,Rachel S. Craig,Female,53,55,Forensic scientist,No,No,United States,Pennsylvania,,
CUST-844009,Lauren A. Cohen,Female,18,25,Tourism officer,No,Yes,United States,Pennsylvania,,
CUST-667797,Elizabeth G. Thompson,Female,33,41,Neurosurgeon,No,No,United States,Pennsylvania,,
CUST-159390,Lily K. Erickson,Female,55,71,Chartered loss adjuster,No,Yes,United States,Pennsylvania,,
CUST-309084,Amelia Y. Aguilar,Female,39,60,"Surveyor, minerals",Yes,No,United States,Pennsylvania,,
CUST-503071,Anna H. Moore,Female,44,63,Gaffer,No,No,United States,Pennsylvania,,
CUST-252585,Nora R. Chapman,Female,41,63,"Therapist, sports",Yes,Yes,United States,Pennsylvania,,
CUST-895843,Claire A. Quinn,Female,35,53,Chief Financial Officer,Yes,Yes,United States,Pennsylvania,,
CUST-845060,Audrey Q. Santiago,Female,54,78,Consulting civil engineer,No,Yes,United States,Pennsylvania,,
CUST-919705,Elizabeth P. Price,Female,51,57,Dietitian,Yes,No,United States,Pennsylvania,,
CUST-387225,Hannah G. Aguilar,Female,35,60,Landscape architect,No,No,United States,Pennsylvania,,
CUST-510753,Elizabeth W. Chambers,Female,26,41,Chartered management accountant,Yes,No,United States,Pennsylvania,,
CUST-176641,Charlotte T. Davidson,Female,29,37,Brewing technologist,Yes,No,United States,Pennsylvania,,
CUST-937408,Allison P. Hill,Female,34,51,"Radiographer, diagnostic",Yes,No,United States,Pennsylvania,,
CUST-189675,Amelia H. Palmer,Female,60,65,"Sales professional, IT",No,Yes,United States,North Carolina,,
CUST-225459,Allison I. Fox,Female,22,47,Graphic designer,Yes,No,United States,North Carolina,,
CUST-311996,Lucy J. Ortega,Female,41,46,"Horticulturist, commercial",Yes,Yes,United States,North Carolina,,
CUST-450640,Olivia Y. Rowe,Female,34,54,Software engineer,Yes,Yes,United States,North Carolina,,
CUST-470554,Nora A. Ball,Female,26,32,"Loss adjuster, chartered",Yes,Yes,United States,North Carolina,,
CUST-554471,Eleanor G. Daniel,Female,44,47,Oceanographer,No,No,United States,North Carolina,,
CUST-516110,Abigail V. Harrison,Female,20,29,Film/video editor,No,No,United States,North Carolina,,
CUST-643624,Abigail X. Delgado,Female,41,50,"Surveyor, quantity",Yes,No,United States,North Carolina,,
CUST-383774,Elizabeth O. Hicks,Female,18,27,Graphic designer,Yes,Yes,United States,North Carolina,,
CUST-477841,Leah O. Kelley,Female,58,72,"Surveyor, insurance",Yes,Yes,United States,North Carolina,,
CUST-633232,Eleanor V. Black,Female,45,63,English as a second language teacher,Yes,No,United States,North Carolina,,
CUST-114405,Audrey R. Tyler,Female,48,66,Higher education careers adviser,No,Yes,United States,North Carolina,,
CUST-805110,Kennedy Z. Cannon,Female,27,36,"Scientist, physiological",Yes,Yes,United States,North Carolina,,
CUST-165157,Hannah C. Watson,Female,46,59,Geophysicist/field seismologist,No,No,United States,North Carolina,,
CUST-557635,Isabella X. Gomez,Female,35,60,"Civil engineer, contracting",No,No,United States,North Carolina,,
CUST-868297,Caroline V. Romero,Female,46,54,Corporate investment banker,No,No,United States,North Carolina,,
CUST-715380,Sophia I. Lynch,Female,33,48,Electrical engineer,No,Yes,United States,North Carolina,,
CUST-690571,Kennedy N. Stone,Female,34,50,Chief Operating Officer,Yes,No,United States,North Carolina,,
CUST-605321,Audrey V. Hansen,Female,59,81,"Lecturer, further education",No,No,United States,North Carolina,,
CUST-715105,Hannah I. Santiago,Female,32,48,"Lighting technician, broadcasting/film/video",Yes,Yes,United States,North Carolina,,
CUST-673168,Emma W. Salazar,Female,30,53,Dance movement psychotherapist,No,Yes,United States,North Carolina,,
CUST-283453,Rachel R. Reeves,Female,22,27,Waste management officer,Yes,No,United States,North Carolina,,
CUST-555196,Sophia Q. Daniel,Female,58,64,Advertising account executive,No,No,United States,North Carolina,,
CUST-157616,Savannah E. Patterson,Female,52,69,Clinical biochemist,Yes,Yes,United States,North Carolina,,
CUST-366464,Natalie W. Cohen,Female,30,51,IT consultant,Yes,Yes,United States,North Carolina,,
CUST-427207,Allison A. Mason,Female,42,65,English as a foreign language teacher,No,No,United States,North Carolina,,
CUST-342614,Olivia Y. Quinn,Female,55,63,Public relations officer,No,Yes,United States,North Carolina,,
CUST-414290,Stella T. Garza,Female,57,60,Midwife,Yes,Yes,United States,North Carolina,,
CUST-543555,Alexander R. Vasquez,Female,52,56,Industrial/product designer,No,No,United States,North Carolina,,
CUST-300296,Claire I. Gibbs,Female,41,57,Lawyer,Yes,No,United States,North Carolina,,
CUST-918672,Violet S. Todd,Female,53,56,Hotel manager,No,Yes,United States,North Carolina,,
CUST-807231,Leah J. Cannon,Female,44,62,Industrial buyer,No,Yes,United States,North Carolina,,
CUST-832117,Rachel N. Barnes,Female,21,46,Video editor,No,Yes,United States,North Carolina,,
CUST-456475,Claire A. Ortiz,Female,43,56,Radio producer,No,No,United States,North Carolina,,
CUST-153139,Emma B. Tyler,Female,38,56,Museum/gallery exhibitions officer,Yes,No,United States,North Carolina,,
CUST-415375,Abigail O. Fitzgerald,Female,57,67,Speech and language therapist,Yes,Yes,United States,North Carolina,,
CUST-657118,Sophia U. Stanley,Female,55,71,"Engineer, civil (contracting)",Yes,No,United States,North Carolina,,
CUST-175401,Madison Z. Walsh,Female,28,45,Nutritional therapist,Yes,No,United States,North Carolina,,
CUST-494199,Nora D. Pearson,Female,36,56,Data processing manager,No,Yes,United States,North Carolina,,
CUST-369885,Hailey A. Dennis,Female,30,55,"Designer, blown glass/stained glass",No,Yes,United States,North Carolina,,
CUST-993224,Chloe U. Pearson,Female,60,83,Water quality scientist,Yes,No,United States,North Carolina,,
CUST-749838,Sarah W. Craig,Female,31,33,Fashion designer,No,No,United States,North Carolina,,
CUST-259647,Stella T. Colon,Female,50,54,Learning mentor,No,No,United States,North Carolina,,
CUST-612968,Claire G. Fleming,Female,33,39,"Engineer, electronics",Yes,Yes,United States,North Carolina,,
CUST-423973,Sophia N. Valdez,Female,21,38,Dancer,No,Yes,United States,North Carolina,,
CUST-216846,Olivia E. Roberts,Female,53,68,Medical sales representative,No,No,United States,North Carolina,,
CUST-379814,Brooklyn D. Cohen,Female,59,78,"Administrator, education",No,Yes,United States,North Carolina,,
CUST-622749,Victoria Q. Guzman,Female,19,22,"Education officer, community",No,No,United States,North Carolina,,
CUST-870807,Chloe L. Morales,Female,35,52,"Psychologist, forensic",No,No,United States,North Carolina,,
CUST-162930,Elizabeth L. Ward,Female,24,40,Colour technologist,Yes,Yes,United States,North Carolina,,
CUST-128197,Lucy X. Holland,Female,18,40,"Designer, graphic",Yes,No,United States,North Carolina,,
CUST-603996,Addison D. Little,Female,46,49,Optometrist,Yes,Yes,United States,North Carolina,,
CUST-755198,Stella I. Patton,Female,60,69,Personnel officer,Yes,Yes,United States,North Carolina,,
CUST-469251,Lauren K. Curtis,Female,30,50,Medical secretary,No,Yes,United States,North Carolina,,
CUST-864432,Nora L. Ross,Female,28,38,Translator,Yes,No,United States,North Carolina,,
CUST-849862,Olivia W. Neal,Female,45,64,Estate manager/land agent,No,Yes,United States,North Carolina,,
CUST-860848,Lauren K. Crawford,Female,59,70,International aid/development worker,Yes,No,United States,North Carolina,,
CUST-982233,Emma M. Colon,Female,55,74,Educational psychologist,Yes,No,United States,North Carolina,,
CUST-324913,Victoria A. Nunez,Female,21,33,Airline pilot,Yes,Yes,United States,North Carolina,,
CUST-384658,Allison V. Murphy,Female,27,34,Academic librarian,No,No,United States,North Carolina,,
CUST-759330,Evelyn J. Hanson,Female,36,61,Best boy,Yes,No,United States,North Carolina,,
CUST-136451,Julia R. Moreno,Female,54,78,"Nurse, mental health",No,No,United States,North Carolina,,
CUST-263273,Eleanor F. Snyder,Female,50,62,"Doctor, hospital",No,Yes,United States,North Carolina,,
CUST-648318,Lauren V. Newman,Female,46,69,Advertising art director,No,No,United States,North Carolina,,
CUST-916383,Sarah N. Freeman,Female,18,19,Barrister's clerk,Yes,Yes,United States,North Carolina,,
CUST-130646,Leah H. Benson,Female,39,49,Electrical engineer,No,No,United States,North Carolina,,
CUST-149256,Violet N. Burns,Female,51,74,Travel agency manager,No,Yes,United States,North Carolina,,
CUST-676801,Allison G. Murray,Female,31,47,"Therapist, sports",Yes,No,United States,North Carolina,,
CUST-130323,Charles S. Morales,Female,24,28,Aeronautical engineer,Yes,Yes,United States,North Carolina,,
CUST-975811,Natalie L. Scott,Female,37,62,Sports coach,Yes,No,United States,North Carolina,,
CUST-197057,Amelia K. Hayes,Female,39,55,Museum/gallery exhibitions officer,Yes,Yes,United States,North Carolina,,
CUST-360208,Eleanor O. Collins,Female,53,56,Government social research officer,No,No,United States,North Carolina,,
CUST-333250,Leah N. Paul,Female,21,39,Dramatherapist,No,No,United States,North Carolina,,
CUST-136915,Dylan G. Doyle,Female,41,53,Administrator,No,Yes,United States,North Carolina,,
CUST-725351,Natalie V. Castro,Female,20,44,Careers information officer,Yes,No,United States,North Carolina,,
CUST-222618,Leah L. Woods,Female,50,67,Press sub,Yes,No,United States,North Carolina,,
CUST-859174,Violet U. Greer,Female,29,46,Art therapist,No,No,United States,North Carolina,,
CUST-978034,Grace X. Knight,Female,22,29,Management consultant,Yes,Yes,United States,North Carolina,,
CUST-639416,Julia H. Hale,Female,22,41,Emergency planning/management officer,Yes,No,United States,North Carolina,,
CUST-795469,Madison M. Rivera,Female,22,46,"Programmer, applications",No,Yes,United States,North Carolina,,
CUST-694390,Grace M. Taylor,Female,59,63,Clinical embryologist,No,No,United States,North Carolina,,
CUST-211996,Madison J. Sullivan,Female,22,42,Hydrologist,No,Yes,United States,North Carolina,,
CUST-447232,Evelyn J. Horton,Female,22,33,Catering manager,Yes,Yes,United States,North Carolina,,
CUST-796082,Henry Z. Young,Female,51,74,Logistics and distribution manager,Yes,No,United States,North Carolina,,
CUST-299341,Grace U. Patton,Female,47,49,Environmental consultant,Yes,Yes,United States,North Carolina,,
CUST-859681,Charlotte W. Quinn,Female,57,77,Mechanical engineer,Yes,Yes,United States,North Carolina,,
CUST-950366,Audrey W. Morgan,Female,34,50,Environmental manager,Yes,Yes,United States,North Carolina,,
CUST-512832,Violet F. Williams,Female,58,81,Travel agency manager,No,Yes,United States,North Carolina,,
CUST-911079,Amelia Z. Gray,Female,54,58,Early years teacher,No,Yes,United States,North Carolina,,
CUST-118089,Emma P. Becker,Female,32,38,Housing manager/officer,Yes,No,United States,North Carolina,,
CUST-986214,Emma C. White,Female,39,48,Electrical engineer,No,No,United States,North Carolina,,
CUST-400701,Hailey U. King,Female,38,42,Photographer,No,Yes,United States,North Carolina,,
CUST-266837,Hannah M. Pearson,Female,18,32,Ceramics designer,Yes,Yes,United States,North Carolina,,
CUST-409397,Hailey F. Fleming,Female,23,43,"Geneticist, molecular",Yes,No,United States,North Carolina,,
CUST-412993,Isabella O. Mason,Female,51,71,Television production assistant,No,No,United States,North Carolina,,
CUST-242388,Theodore W. Turner,Female,26,36,Editorial assistant,No,No,United States,North Carolina,,
CUST-961124,Addison Z. Walton,Female,25,45,"Geologist, engineering",No,Yes,United States,North Carolina,,
CUST-803721,Addison T. Ferguson,Female,32,37,Information officer,No,No,United States,North Carolina,,
CUST-474664,Hannah Y. Sanders,Female,57,58,Geophysical data processor,Yes,Yes,United States,North Carolina,,
CUST-590139,Alice F. Norris,Female,38,58,Learning mentor,Yes,No,United States,North Carolina,,
CUST-737801,Olivia A. Steele,Female,49,55,Games developer,No,Yes,United States,North Carolina,,
CUST-460631,Nora G. Fletcher,Female,24,48,Financial trader,No,Yes,United States,North Carolina,,
CUST-675657,Leah J. Palmer,Female,20,33,Interpreter,No,Yes,United States,North Carolina,,
CUST-780567,Claire D. Mendez,Female,18,38,"Surveyor, rural practice",No,No,United States,North Carolina,,
CUST-320226,Audrey B. Reynolds,Female,26,34,Sales executive,Yes,No,United States,North Carolina,,
CUST-584470,Chloe H. Myers,Female,52,71,Insurance risk surveyor,No,No,United States,North Carolina,,
CUST-383587,Sarah E. Ball,Female,25,39,"Nurse, learning disability",No,Yes,United States,North Carolina,,
CUST-145620,Julia J. Parks,Female,19,25,Nature conservation officer,No,No,United States,North Carolina,,
CUST-456614,Lauren N. Jenkins,Female,42,62,Dramatherapist,No,No,United States,North Carolina,,
CUST-942129,Audrey S. Craig,Female,59,73,Public affairs consultant,No,Yes,United States,North Carolina,,
CUST-980545,Addison L. Burke,Female,45,47,"Administrator, arts",No,Yes,United States,Illinois,,
CUST-501408,Anthony W. Walsh,Female,40,43,"Surveyor, quantity",No,No,United States,Illinois,,
CUST-161555,Lucy J. Mullins,Female,43,64,Editorial assistant,No,Yes,United States,Illinois,,
CUST-303569,Audrey D. McKinney,Female,21,23,Dispensing optician,No,No,United States,Illinois,,
CUST-198051,Evelyn Z. Page,Female,21,26,"Civil engineer, contracting",No,No,United States,Illinois,,
CUST-540793,Violet A. Blake,Female,20,28,Air cabin crew,No,Yes,United States,Illinois,,
CUST-995354,Audrey R. Jenkins,Female,24,25,"Conservation officer, historic buildings",No,Yes,United States,Illinois,,
CUST-713569,Lily X. Edwards,Female,19,24,Fine artist,No,No,United States,Illinois,,
CUST-222118,Charlotte K. Manning,Female,32,52,Solicitor,No,Yes,United States,Illinois,,
CUST-364127,Hannah O. Freeman,Female,26,38,Surgeon,No,Yes,United States,Illinois,,
CUST-450280,Hannah X. Strickland,Female,37,51,Location manager,No,Yes,United States,Illinois,,
CUST-631011,Madison K. Rodgers,Female,47,71,Clinical embryologist,No,Yes,United States,Illinois,,
CUST-695993,Anna P. Bowman,Female,56,63,Biomedical scientist,No,Yes,United States,Illinois,,
CUST-570987,Caroline L. Kim,Female,48,67,Careers adviser,No,No,United States,Illinois,,
CUST-291947,Emma G. Ortega,Female,36,59,English as a second language teacher,No,Yes,United States,Illinois,,
CUST-456617,Addison H. Jimenez,Female,33,50,"Designer, jewellery",No,Yes,United States,Illinois,,
CUST-206410,Caroline S. Fernandez,Female,43,63,"Engineer, technical sales",No,Yes,United States,Illinois,,
CUST-557385,Stella Y. Rhodes,Female,44,56,"Scientist, research (life sciences)",No,No,United States,Illinois,,
CUST-117295,Audrey Q. Lewis,Female,50,60,Animal nutritionist,No,No,United States,Illinois,,
CUST-255912,Nora F. Stone,Female,48,49,Facilities manager,No,No,United States,Illinois,,
CUST-194700,Lucy D. Carroll,Female,40,50,Dancer,No,Yes,United States,Illinois,,
CUST-546003,Caroline S. Castro,Female,37,62,Midwife,No,No,United States,Illinois,,
CUST-366001,Addison L. Cross,Female,58,66,"Radiographer, diagnostic",No,No,United States,Illinois,,
CUST-316002,Lucy B. Curry,Female,18,27,Armed forces logistics/support/administrative officer,No,Yes,United States,Illinois,,
CUST-886975,Brooklyn K. Graham,Female,30,35,"Conservator, furniture",No,Yes,United States,Illinois,,
CUST-631562,Savannah K. Stevens,Female,30,36,Freight forwarder,No,No,United States,Illinois,,
CUST-748746,Christopher X. Barker,Female,55,76,Charity fundraiser,No,No,United States,Illinois,,
CUST-314605,Rachel D. Frazier,Female,55,78,"Runner, broadcasting/film/video",No,Yes,United States,Illinois,,
CUST-991839,Sophia P. Fisher,Female,48,63,"Investment banker, corporate",No,Yes,United States,Illinois,,
CUST-447259,Leah A. Bennett,Female,35,38,Fisheries officer,No,Yes,United States,Illinois,,
CUST-887928,Lily J. Snyder,Female,33,48,IT technical support officer,No,Yes,United States,Illinois,,
CUST-169829,Henry A. Sims,Female,22,28,"Therapist, horticultural",No,No,United States,Illinois,,
CUST-580860,Hailey J. Nunez,Female,25,50,"Exhibitions officer, museum/gallery",No,Yes,United States,Illinois,,
CUST-771959,Natalie V. Nunez,Female,47,65,Art therapist,No,No,United States,Illinois,,
CUST-895896,Lauren P. McDonald,Female,39,41,Printmaker,No,No,United States,Illinois,,
CUST-644783,Evelyn E. Steele,Female,29,54,Data scientist,No,Yes,United States,Illinois,,
CUST-907686,Isabella O. Daniel,Female,50,63,Telecommunications researcher,No,Yes,United States,Illinois,,
CUST-673125,Elizabeth G. Johnston,Female,53,64,Film/video editor,No,No,United States,Illinois,,
CUST-202177,Grace Y. Rhodes,Female,51,68,"Designer, textile",No,Yes,United States,Illinois,,
CUST-986814,Emma H. Carter,Female,48,50,"Engineer, technical sales",No,Yes,United States,Illinois,,
CUST-705856,Elizabeth T. Neal,Female,25,37,Chiropodist,No,Yes,United States,Illinois,,
CUST-306561,Stella P. McGee,Female,35,42,Community education officer,No,Yes,United States,Illinois,,
CUST-416420,Allison O. Pearson,Female,53,71,Actuary,No,Yes,United States,Illinois,,
CUST-161439,Allison F. Vasquez,Female,18,34,Sport and exercise psychologist,No,No,United States,Illinois,,
CUST-101582,Eleanor X. Santiago,Female,31,41,Dispensing optician,No,Yes,United States,Illinois,,
CUST-801101,Emma L. Palmer,Female,32,55,"Therapist, sports",No,Yes,United States,Illinois,,
CUST-782881,Elizabeth I. Adams,Female,23,32,Printmaker,No,Yes,United States,Illinois,,
CUST-378598,Hailey P. Richardson,Female,33,44,Risk analyst,No,No,United States,Illinois,,
CUST-277726,Evelyn A. Burgess,Female,50,52,Dance movement psychotherapist,No,No,United States,Illinois,,
CUST-469841,Eleanor Y. Ramsey,Female,43,59,IT technical support officer,No,Yes,United States,Illinois,,
CUST-215317,Violet L. Wagner,Female,52,61,"Education officer, environmental",No,No,United States,Illinois,,
CUST-187176,Elizabeth L. Holt,Female,60,84,"Engineer, drilling",No,Yes,United States,Illinois,,
CUST-463843,Audrey S. James,Female,42,48,Politician's assistant,No,No,United States,Illinois,,
CUST-878303,Kennedy Q. Rogers,Female,55,75,"Programme researcher, broadcasting/film/video",No,Yes,United States,Illinois,,
CUST-780768,Allison C. Estrada,Female,53,76,Land,No,No,United States,Illinois,,
CUST-641800,Grace A. Murray,Female,52,57,"Engineer, manufacturing",No,No,United States,Illinois,,
CUST-805809,Victoria V. Nichols,Female,35,37,Financial controller,No,Yes,United States,Illinois,,
CUST-276143,Sophia O. Bowen,Female,18,20,Trade union research officer,No,No,United States,Illinois,,
CUST-476073,Leah E. Carlson,Female,35,58,"Psychotherapist, dance movement",No,No,United States,Illinois,,
CUST-751015,Brooklyn X. Edwards,Female,58,62,Water engineer,No,Yes,United States,Illinois,,
CUST-427353,Alice R. Hines,Female,39,61,"Sales professional, IT",No,Yes,United States,Illinois,,
CUST-736824,Allison E. Sherman,Female,35,40,Clinical research associate,No,No,United States,Illinois,,
CUST-381938,Hannah Q. Gilbert,Female,36,47,Television/film/video producer,No,No,United States,Illinois,,
CUST-905525,Eleanor D. Hamilton,Female,30,50,Rural practice surveyor,No,No,United States,Illinois,,
CUST-692740,Hannah T. Montgomery,Female,51,75,"Civil engineer, contracting",No,Yes,United States,Illinois,,
CUST-488217,Madison X. Adams,Female,42,58,Dealer,Yes,Yes,United States,Illinois,,
CUST-713010,Hailey W. Fernandez,Female,55,59,Armed forces operational officer,Yes,No,United States,Illinois,,
CUST-213869,Claire T. Bell,Female,58,61,Recycling officer,Yes,No,United States,Illinois,,
CUST-963476,Natalie R. Tucker,Female,44,61,Mechanical engineer,Yes,Yes,United States,Illinois,,
CUST-636941,Savannah R. Rodgers,Female,55,77,Public house manager,Yes,Yes,United States,Illinois,,
CUST-338151,Allison X. Barnett,Female,21,34,Health and safety adviser,Yes,Yes,United States,Illinois,,
CUST-760952,Emma Z. Reeves,Female,48,71,"Presenter, broadcasting",Yes,No,United States,Illinois,,
CUST-584009,Stella M. Sandoval,Female,21,42,Psychiatric nurse,Yes,Yes,United States,Illinois,,
CUST-890624,Rachel M. Hopkins,Female,19,22,"Engineer, electrical",Yes,No,United States,Illinois,,
CUST-369360,Sarah U. Perkins,Female,37,59,"Designer, industrial/product",Yes,No,United States,Illinois,,
CUST-946557,Charlotte L. Munoz,Female,26,48,Geophysical data processor,Yes,Yes,United States,Illinois,,
CUST-512711,Caroline F. Gutierrez,Female,18,38,Regulatory affairs officer,Yes,Yes,United States,Illinois,,
CUST-683267,Lily Q. Chandler,Female,45,47,Merchant navy officer,Yes,Yes,United States,Illinois,,
CUST-915029,Elizabeth D. Scott,Female,28,35,Field trials officer,Yes,Yes,United States,Illinois,,
CUST-940982,Isabella T. Terry,Female,46,70,Radio producer,Yes,Yes,United States,Illinois,,
CUST-198704,Lily X. Gibson,Female,18,40,"Journalist, broadcasting",Yes,Yes,United States,Illinois,,
CUST-730542,Natalie U. Baker,Female,22,23,Special effects artist,Yes,Yes,United States,Illinois,,
CUST-695208,Natalie Z. Dunn,Female,41,57,Youth worker,Yes,No,United States,Illinois,,
CUST-229798,Claire L. Jordan,Female,38,55,Retail manager,Yes,No,United States,Illinois,,
CUST-921971,Olivia D. Hampton,Female,21,35,Ergonomist,Yes,Yes,United States,Illinois,,
CUST-702993,Stella F. Shaw,Female,21,41,Intelligence analyst,Yes,Yes,United States,Illinois,,
CUST-379034,Hannah M. Stevenson,Female,43,45,Geophysicist/field seismologist,Yes,No,United States,Illinois,,
CUST-321567,Grace L. Richards,Female,18,19,"Scientist, water quality",Yes,No,United States,Illinois,,
CUST-372043,Olivia F. Cross,Female,55,79,Race relations officer,Yes,No,United States,Illinois,,
CUST-230449,Henry Z. Shelton,Female,46,48,Advertising account planner,Yes,No,United States,Illinois,,
CUST-423756,Lucy R. McCoy,Female,31,43,"Education officer, museum",Yes,Yes,United States,Illinois,,
CUST-574776,Madison J. Newman,Female,43,49,Civil Service administrator,Yes,Yes,United States,Illinois,,
CUST-609742,Leah L. George,Female,28,47,Television floor manager,Yes,No,United States,Illinois,,
CUST-847854,Savannah V. Wheeler,Female,18,41,Dentist,Yes,No,United States,Illinois,,
CUST-814677,Anna O. Cobb,Female,58,72,Glass blower/designer,Yes,No,United States,Illinois,,
CUST-356188,Evelyn S. Bennett,Female,57,69,Ranger/warden,Yes,Yes,United States,Illinois,,
CUST-150273,Chloe K. Freeman,Female,45,57,Corporate investment banker,Yes,Yes,United States,Illinois,,
CUST-939807,Lily C. Alvarez,Female,35,50,Banker,Yes,Yes,United States,Illinois,,
CUST-138654,Stella T. Sullivan,Female,36,45,Tax inspector,Yes,Yes,United States,Illinois,,
CUST-853983,Stella L. Delgado,Female,27,33,Research scientist (maths),Yes,No,United States,Illinois,,
CUST-306974,Lauren A. Harvey,Female,32,55,Leisure centre manager,Yes,No,United States,Illinois,,
CUST-977190,Chloe J. Andrews,Female,23,25,Soil scientist,Yes,Yes,United States,Illinois,,
CUST-848431,Madison V. Rios,Female,33,37,"Programme researcher, broadcasting/film/video",Yes,No,United States,Illinois,,
CUST-494388,Eleanor E. Carter,Female,18,31,Facilities manager,Yes,No,United States,Illinois,,
CUST-728115,Stella Q. Guerrero,Female,29,52,Production manager,Yes,Yes,United States,Illinois,,
CUST-869706,Sophia N. Webster,Female,45,58,"Librarian, academic",Yes,Yes,United States,Illinois,,
CUST-384396,Abigail Z. Bryant,Female,36,60,"Designer, industrial/product",Yes,Yes,United States,Illinois,,
CUST-948629,Grace W. Anderson,Female,52,72,"Librarian, academic",Yes,No,United States,Illinois,,
CUST-565185,Sarah T. Maxwell,Female,37,45,Customer service manager,Yes,Yes,United States,Illinois,,
CUST-520342,Allison Y. Weber,Female,45,65,"Research officer, political party",Yes,No,United States,Illinois,,
CUST-760107,Chloe K. Mendoza,Female,49,70,Public relations officer,Yes,Yes,United States,Illinois,,
CUST-814460,Lauren O. Austin,Female,24,30,Bookseller,Yes,Yes,United States,Illinois,,
CUST-509253,Nora Q. Hoffman,Female,47,60,Multimedia programmer,Yes,No,United States,Illinois,,
CUST-782171,Evelyn Z. Fletcher,Female,54,59,Barrister,Yes,No,United States,Illinois,,
CUST-468301,Natalie H. Bradley,Female,43,51,"Surveyor, mining",Yes,No,United States,Illinois,,
CUST-654343,Emma R. Shelton,Female,47,56,Production engineer,Yes,Yes,United States,Illinois,,
CUST-154227,Leah E. Reynolds,Female,18,28,"Psychologist, educational",Yes,Yes,United States,Illinois,,
CUST-287442,Hannah U. Nunez,Female,52,63,Call centre manager,Yes,No,United States,Illinois,,
CUST-429509,Caroline Y. Olson,Female,55,66,"Engineer, agricultural",Yes,No,United States,Illinois,,
CUST-605706,Isabella A. Craig,Female,42,49,Set designer,Yes,No,United States,Illinois,,
CUST-763330,Nora A. Hodges,Female,45,65,Printmaker,Yes,Yes,United States,Illinois,,
CUST-551219,Charlotte A. Griffith,Female,33,37,Estate agent,Yes,Yes,United States,Illinois,,
CUST-877773,Lauren L. Estrada,Female,28,41,"Surveyor, planning and development",Yes,Yes,United States,Illinois,,
CUST-338155,Abigail J. Tucker,Female,24,27,Recycling officer,Yes,Yes,United States,Illinois,,
CUST-329038,Sophia Y. Price,Female,25,39,"Producer, radio",Yes,Yes,United States,Illinois,,
CUST-802805,Savannah C. Franklin,Female,59,74,"Psychologist, sport and exercise",Yes,No,United States,Illinois,,
CUST-388181,Grace L. Moody,Female,56,57,Actor,Yes,No,United States,Illinois,,
CUST-120991,Chloe Z. Davidson,Female,30,37,Database administrator,Yes,No,United States,Illinois,,
CUST-148654,Caroline L. Gutierrez,Female,34,37,Publishing rights manager,Yes,Yes,United States,Illinois,,
CUST-126904,Christopher T. Walsh,Female,26,36,"Surveyor, planning and development",Yes,Yes,United States,Illinois,,
CUST-180870,Lucy Y. Kelly,Female,18,42,"Buyer, industrial",Yes,Yes,United States,Illinois,,
CUST-759851,Olivia I. Walker,Female,35,47,Chief Executive Officer,Yes,No,United States,Illinois,,
CUST-926732,Julia S. Dixon,Female,60,75,Careers information officer,Yes,Yes,United States,Illinois,,
CUST-195566,Caroline X. Osborne,Female,19,33,Arboriculturist,Yes,No,United States,Illinois,,
CUST-635935,Lucy I. Jacobs,Female,23,39,"Accountant, chartered certified",Yes,Yes,United States,Illinois,,
CUST-172337,Eleanor Z. Morgan,Female,42,45,Pathologist,Yes,No,United States,Illinois,,
CUST-104247,Lucy O. Brown,Female,36,53,Geophysicist/field seismologist,Yes,No,United States,Illinois,,
CUST-951161,Evelyn K. Fuller,Female,22,30,"Librarian, academic",Yes,No,United States,Illinois,,
CUST-937012,Caroline O. Wallace,Female,60,79,Physiotherapist,Yes,Yes,United States,Illinois,,
CUST-767917,Elizabeth J. Howard,Female,57,76,Public relations account executive,Yes,No,United States,Illinois,,
CUST-182417,Leah K. Conner,Female,18,19,Firefighter,Yes,No,United States,Illinois,,
CUST-215463,Caroline R. Barnett,Female,29,51,"Secretary, company",No,Yes,United States,Iowa,,
CUST-412321,Lucy S. Reed,Female,19,20,Hospital doctor,No,Yes,United States,Iowa,,
CUST-102138,Eleanor Z. Dennis,Female,24,33,"Buyer, retail",Yes,Yes,United States,Iowa,,
CUST-487748,Charlotte Q. Yates,Female,40,64,Public relations account executive,Yes,Yes,United States,Iowa,,
CUST-317132,Evelyn K. Moss,Female,30,43,Retail banker,Yes,Yes,United States,Iowa,,
CUST-208621,Caroline E. Alexander,Female,44,59,Interior and spatial designer,No,Yes,United States,Iowa,,
CUST-647495,Alice H. Ramos,Female,34,53,Forensic psychologist,No,Yes,United States,Iowa,,
CUST-356744,Lauren V. Collins,Female,53,66,Television production assistant,No,Yes,United States,Iowa,,
CUST-939067,Violet E. Griffin,Female,46,50,Agricultural engineer,No,Yes,United States,Iowa,,
CUST-806734,Lily P. Reese,Female,21,27,Secretary/administrator,No,Yes,United States,Iowa,,
CUST-458346,Caroline B. Murphy,Female,34,43,"Scientist, research (maths)",No,Yes,United States,Iowa,,
CUST-156166,Madison O. Graham,Female,59,78,Microbiologist,No,Yes,United States,Iowa,,
CUST-865920,Nora J. Patterson,Female,59,68,"Sales professional, IT",Yes,Yes,United States,Iowa,,
CUST-793769,Madison Y. Roberts,Female,55,72,Medical illustrator,No,Yes,United States,Iowa,,
CUST-320063,Violet Q. West,Female,19,27,Science writer,Yes,Yes,United States,Iowa,,
CUST-508925,Isabella T. Maldonado,Female,50,70,"Editor, magazine features",Yes,Yes,United States,Iowa,,
CUST-474492,Stella B. Wagner,Female,39,63,"Editor, commissioning",Yes,Yes,United States,Iowa,,
CUST-434953,Savannah D. Patton,Female,31,52,IT technical support officer,Yes,Yes,United States,Iowa,,
CUST-629809,Audrey J. Brown,Female,32,36,Analytical chemist,No,Yes,United States,Iowa,,
CUST-966770,Grace U. Garner,Female,41,58,Music tutor,Yes,Yes,United States,Iowa,,
CUST-860360,Hailey I. Kennedy,Female,32,47,"Designer, industrial/product",No,Yes,United States,Iowa,,
CUST-298221,Hailey V. Hart,Female,21,44,Press photographer,No,Yes,United States,Iowa,,
CUST-227796,Stella S. Peters,Female,24,31,Furniture conservator/restorer,Yes,Yes,United States,Iowa,,
CUST-930599,Emma S. Murphy,Female,38,61,Structural engineer,No,Yes,United States,Iowa,,
CUST-889533,Julia J. Robertson,Female,48,71,Special educational needs teacher,Yes,Yes,United States,Iowa,,
CUST-608279,Sarah T. Jacobs,Female,51,69,Product manager,Yes,Yes,United States,Iowa,,
CUST-579683,Claire P. Page,Female,41,65,"Surveyor, mining",Yes,Yes,United States,Iowa,,
CUST-247735,Savannah Y. Mendoza,Female,39,48,Data scientist,No,Yes,United States,Iowa,,
CUST-950339,Claire K. Yates,Female,55,77,Environmental consultant,Yes,Yes,United States,Iowa,,
CUST-597343,Caroline B. Dennis,Female,40,54,Chief Executive Officer,Yes,Yes,United States,Iowa,,
CUST-333530,Eleanor U. Franklin,Female,49,64,Fine artist,No,Yes,United States,Iowa,,
CUST-482950,Rachel X. Jordan,Female,38,52,Ergonomist,No,Yes,United States,Iowa,,
CUST-213420,Sophia T. Collins,Female,45,66,Theatre stage manager,No,Yes,United States,Iowa,,
CUST-444513,Natalie O. Rodgers,Female,54,73,Broadcast journalist,No,Yes,United States,Iowa,,
CUST-474621,Natalie J. Thompson,Female,51,62,Statistician,No,Yes,United States,Iowa,,
CUST-977075,Anna G. Green,Female,60,79,Camera operator,No,Yes,United States,Iowa,,
CUST-636231,Victoria X. Garrett,Female,55,75,Best boy,No,Yes,United States,Iowa,,
CUST-507615,Evelyn E. Padilla,Female,51,58,"Engineer, mining",No,Yes,United States,Iowa,,
CUST-419086,Eleanor U. Horton,Female,44,46,Tourist information centre manager,Yes,Yes,United States,Iowa,,
CUST-538905,Elizabeth W. Dixon,Female,27,44,Community education officer,Yes,Yes,United States,Iowa,,
CUST-947535,Charlotte O. Colon,Female,37,49,Systems analyst,No,Yes,United States,Iowa,,
CUST-454465,Sarah K. Newton,Female,51,61,Community pharmacist,No,Yes,United States,Iowa,,
CUST-441905,Caroline T. Fernandez,Female,26,40,Visual merchandiser,Yes,Yes,United States,Iowa,,
CUST-169257,Isabella V. Powell,Female,40,62,"Designer, furniture",No,Yes,United States,Iowa,,
CUST-826409,Sarah U. Parker,Female,49,70,Market researcher,No,Yes,United States,Iowa,,
CUST-560993,Nora O. Schneider,Female,50,62,Television/film/video producer,Yes,Yes,United States,Iowa,,
CUST-933613,Rachel Y. Woods,Female,29,53,Careers information officer,Yes,Yes,United States,Iowa,,
CUST-445352,Leah B. Hawkins,Female,25,42,"Therapist, horticultural",Yes,Yes,United States,Iowa,,
CUST-583332,Olivia G. Mack,Female,43,46,Homeopath,Yes,Yes,United States,Iowa,,
CUST-186102,Stella F. Newman,Female,58,72,Firefighter,Yes,Yes,United States,Iowa,,
CUST-212207,Olivia S. Brooks,Female,23,31,Wellsite geologist,Yes,Yes,United States,Iowa,,
CUST-670693,Lily B. Vargas,Female,18,24,Music therapist,No,Yes,United States,Iowa,,
CUST-101321,Abigail E. Hoffman,Female,18,31,Holiday representative,Yes,Yes,United States,Iowa,,
CUST-163899,Addison M. George,Female,59,82,Research scientist (life sciences),Yes,Yes,United States,Iowa,,
CUST-435842,Violet R. Sandoval,Female,49,51,Textile designer,No,Yes,United States,Iowa,,
CUST-458538,Violet R. Walsh,Female,51,62,Corporate treasurer,Yes,Yes,United States,Iowa,,
CUST-159383,Nora F. Jennings,Female,35,47,Communications engineer,Yes,Yes,United States,Iowa,,
CUST-628024,Isabella T. Vega,Female,35,57,"Programmer, systems",No,Yes,United States,Iowa,,
CUST-677687,Madison E. Taylor,Female,29,43,Water quality scientist,No,Yes,United States,Iowa,,
CUST-646212,Leah J. Patton,Female,44,68,"Scientist, product/process development",No,Yes,United States,Iowa,,
CUST-365342,Hailey K. Thomas,Female,30,31,English as a second language teacher,No,Yes,United States,Iowa,,
CUST-303721,Caroline F. Graham,Female,26,48,Seismic interpreter,Yes,No,United States,Iowa,,
CUST-681155,Elizabeth E. Moore,Female,24,26,"Programme researcher, broadcasting/film/video",No,No,United States,Iowa,,
CUST-406278,Lucy D. Lyons,Female,46,64,Counselling psychologist,Yes,No,United States,Iowa,,
CUST-686313,Chloe Q. Barber,Female,18,19,Chartered loss adjuster,No,No,United States,Iowa,,
CUST-843975,Elizabeth P. Perkins,Female,58,59,Radio producer,No,No,United States,Iowa,,
CUST-726894,Charlotte I. Duncan,Female,19,26,Tax inspector,No,No,United States,Iowa,,
CUST-947872,Allison E. Day,Female,22,37,Financial controller,Yes,No,United States,Iowa,,
CUST-200181,Olivia J. Cunningham,Female,48,57,Lexicographer,No,No,United States,Iowa,,
CUST-525367,Hannah Z. Crawford,Female,51,55,Actor,No,No,United States,Iowa,,
CUST-476792,Hannah I. Gibbs,Female,43,56,Estate manager/land agent,Yes,No,United States,Iowa,,
CUST-671454,Isaac A. May,Female,57,66,Retail merchandiser,No,No,United States,Iowa,,
CUST-902367,Leah O. Robinson,Female,28,38,Clinical biochemist,No,No,United States,Iowa,,
CUST-101607,Chloe Z. Cobb,Female,47,66,"Administrator, arts",Yes,No,United States,Iowa,,
CUST-782860,Claire V. Baldwin,Female,36,46,"Engineer, maintenance (IT)",Yes,No,United States,Iowa,,
CUST-356191,Lily J. Obrien,Female,46,62,"Teacher, music",Yes,No,United States,Iowa,,
CUST-622998,Savannah D. Parks,Female,51,58,Equality and diversity officer,Yes,No,United States,Iowa,,
CUST-491156,Violet F. James,Female,56,67,Software engineer,Yes,No,United States,Iowa,,
CUST-685808,Addison F. Carr,Female,44,49,Catering manager,No,No,United States,Iowa,,
CUST-328062,Theodore N. Conner,Female,41,50,Tourist information centre manager,No,No,United States,Iowa,,
CUST-736504,Sophia A. Garza,Female,22,43,Cabin crew,No,No,United States,Iowa,,
CUST-341695,Nathan G. Cross,Female,19,25,"Engineer, civil (contracting)",No,No,United States,Iowa,,
CUST-228245,Brooklyn L. Townsend,Female,22,28,Retail buyer,No,No,United States,Iowa,,
CUST-782675,Abigail E. Hunter,Female,53,55,"Nurse, mental health",Yes,No,United States,Iowa,,
CUST-470014,Allison K. Jimenez,Female,33,55,"Engineer, technical sales",Yes,No,United States,Iowa,,
CUST-563428,Alice U. Santiago,Female,48,63,Scientific laboratory technician,No,No,United States,Iowa,,
CUST-868417,Grace Q. Harper,Female,22,28,"Therapist, horticultural",Yes,No,United States,Iowa,,
CUST-244030,James S. Hunt,Female,20,33,"Lecturer, higher education",No,No,United States,Iowa,,
CUST-285191,Elizabeth J. Craig,Female,23,31,Oceanographer,No,No,United States,Iowa,,
CUST-764551,Sophia R. Medina,Female,32,40,Public relations officer,Yes,No,United States,Iowa,,
CUST-458057,Audrey E. McGee,Female,38,62,Financial adviser,No,No,United States,Iowa,,
CUST-238221,Brooklyn E. McCarthy,Female,30,53,"Engineer, communications",Yes,No,United States,Iowa,,
CUST-597265,Alice G. Bryant,Female,24,30,Chartered public finance accountant,Yes,No,United States,Iowa,,
CUST-514905,Violet J. Palmer,Female,60,72,"Radiographer, therapeutic",Yes,No,United States,Iowa,,
CUST-385245,Charlotte C. Cunningham,Female,53,67,"Engineer, site",Yes,No,United States,Iowa,,
CUST-206419,Elizabeth G. Schmidt,Female,47,54,Food technologist,No,No,United States,Iowa,,
CUST-408865,Emma P. Soto,Female,34,46,"Development worker, community",No,No,United States,Iowa,,
CUST-985242,Nora Q. Hubbard,Female,46,58,Garment/textile technologist,Yes,No,United States,Iowa,,
CUST-849466,Julia H. Rose,Female,60,67,Surgeon,Yes,No,United States,Iowa,,
CUST-368459,Caroline Z. Carlson,Female,42,50,Maintenance engineer,No,No,United States,Iowa,,
CUST-299846,Sophia X. Johnston,Female,41,49,Photographer,Yes,No,United States,Iowa,,
CUST-530761,Lucy N. Nunez,Female,19,23,Radio broadcast assistant,Yes,No,United States,Iowa,,
CUST-666958,Rachel K. Valdez,Female,24,47,Archivist,No,No,United States,Iowa,,
CUST-140236,Eleanor V. Craig,Female,31,32,Financial controller,Yes,No,United States,Iowa,,
CUST-566763,Grace D. Barker,Female,49,51,Speech and language therapist,Yes,No,United States,Iowa,,
CUST-605657,Lucy Z. Larson,Female,24,35,Charity officer,Yes,No,United States,Iowa,,
CUST-373254,Isabella Z. Parker,Female,32,56,Translator,No,No,United States,Iowa,,
CUST-818324,Sophia D. Sims,Female,54,65,Heritage manager,Yes,No,United States,Iowa,,
CUST-531962,Abigail N. Bailey,Female,29,49,Cytogeneticist,Yes,No,United States,Iowa,,
CUST-708170,Charlotte Y. Gardner,Female,60,64,"Engineer, site",Yes,No,United States,Iowa,,
CUST-934276,Leah P. Norman,Female,24,28,Fashion designer,Yes,No,United States,Iowa,,
CUST-134630,Madison Y. Reynolds,Female,24,25,Medical sales representative,No,No,United States,Iowa,,
CUST-758735,Hannah A. Holland,Female,54,66,"Nurse, children's",No,No,United States,Iowa,,
CUST-404540,Lauren L. Walton,Female,49,68,Telecommunications researcher,Yes,No,United States,Iowa,,
CUST-775272,Isabella B. Byrd,Female,57,72,"Exhibitions officer, museum/gallery",No,No,United States,Iowa,,
CUST-671052,Anna O. Douglas,Female,50,56,"Administrator, arts",No,No,United States,Iowa,,
CUST-808730,Stella Y. Chapman,Female,45,49,Pharmacologist,Yes,No,United States,Iowa,,
CUST-148350,Abigail N. Ingram,Female,21,23,Multimedia specialist,Yes,No,United States,Iowa,,
CUST-928035,Anna M. Carlson,Female,34,56,Chemical engineer,No,No,United States,Iowa,,
CUST-429233,Natalie R. Hale,Female,24,33,"Buyer, industrial",No,No,United States,Iowa,,
CUST-528504,Chloe P. Wood,Female,27,34,Immigration officer,Yes,No,United States,Iowa,,
CUST-756859,Olivia F. Vaughn,Female,22,33,Chief Operating Officer,Yes,No,United States,Iowa,,
CUST-903197,Leah A. Horton,Female,22,24,"Social research officer, government",No,No,United States,Iowa,,
CUST-955302,Elizabeth H. Garza,Female,37,51,Actuary,No,No,United States,Iowa,,
CUST-713917,Eleanor F. Wagner,Female,34,52,Merchant navy officer,Yes,No,United States,Iowa,,
CUST-418755,Nora A. Ramsey,Female,26,46,"Surveyor, building",No,No,United States,Iowa,,
CUST-106508,Emma K. Parks,Female,38,61,Retail buyer,Yes,No,United States,Iowa,,
CUST-306661,Natalie I. Stephens,Female,27,46,Medical technical officer,Yes,No,United States,Iowa,,
CUST-297293,Olivia B. Wilson,Female,20,23,Actor,Yes,No,United States,Iowa,,
CUST-461750,Caroline E. Obrien,Female,19,31,Metallurgist,No,No,United States,Iowa,,
CUST-544715,Nora Y. George,Female,51,57,"Physicist, medical",No,No,United States,Iowa,,
CUST-174157,Amelia D. Hammond,Female,41,64,Analytical chemist,No,No,United States,Iowa,,
CUST-106174,Allison P. Williams,Female,55,58,Medical physicist,No,No,United States,Iowa,,
CUST-161116,Claire M. McGee,Female,41,61,Armed forces operational officer,No,No,United States,Iowa,,
CUST-930156,Hannah E. Burke,Female,40,51,Exhibition designer,No,No,United States,Iowa,,
CUST-766708,Chloe G. Blair,Female,55,61,Education administrator,No,No,United States,Iowa,,
CUST-357893,Lauren R. Salazar,Female,29,35,Commercial art gallery manager,No,No,United States,Iowa,,
CUST-611143,Stella Q. Oliver,Female,59,84,Accommodation manager,No,No,United States,Iowa,,
CUST-646113,Elizabeth G. Greene,Female,57,60,"Engineer, agricultural",No,No,United States,Iowa,,
CUST-505950,Claire G. Warner,Female,60,72,Chartered accountant,No,No,United States,Iowa,,
CUST-793750,Madison E. Bailey,Female,43,66,Company secretary,No,No,United States,Iowa,,
CUST-968603,Victoria I. Johnston,Female,35,48,Oceanographer,No,No,United States,Iowa,,
CUST-878549,Victoria P. Schmidt,Female,43,55,Educational psychologist,No,No,United States,Iowa,,
CUST-876440,Leah V. Hoffman,Female,52,64,Garment/textile technologist,Yes,No,United States,Iowa,,
CUST-322384,Lily S. Paul,Female,22,32,Television/film/video producer,Yes,No,United States,Iowa,,
CUST-510535,Sophia V. Stevens,Female,24,47,Armed forces training and education officer,No,No,United States,Iowa,,
CUST-271489,Stella F. Mendez,Female,41,48,Sales promotion account executive,Yes,No,United States,Iowa,,
CUST-956341,Leah C. McKinney,Female,42,59,Fast food restaurant manager,No,No,United States,Iowa,,
CUST-840919,Amelia L. Cruz,Female,47,65,Manufacturing systems engineer,Yes,No,United States,Iowa,,
CUST-282183,Julia K. Chambers,Female,50,70,Advertising copywriter,No,No,United States,Iowa,,
CUST-154239,Claire E. Robinson,Female,59,63,Paediatric nurse,Yes,No,United States,Iowa,,
CUST-610279,Nora O. McKinney,Female,47,62,Equality and diversity officer,No,Yes,United States,South Dakota,,
CUST-180221,Amelia M. Chambers,Female,39,60,Bonds trader,Yes,Yes,United States,South Dakota,,
CUST-134674,Hailey M. King,Female,49,62,Animator,Yes,Yes,United States,South Dakota,,
CUST-330390,Caroline R. Stone,Female,36,53,"Radiographer, therapeutic",No,Yes,United States,South Dakota,,
CUST-548456,Anna S. Banks,Female,27,40,Fashion designer,No,Yes,United States,South Dakota,,
CUST-591706,Julia A. Gonzales,Female,47,70,Chartered public finance accountant,No,Yes,United States,South Dakota,,
CUST-357463,Addison E. Powers,Female,53,59,Applications developer,Yes,Yes,United States,South Dakota,,
CUST-434483,Rachel C. Campbell,Female,50,60,"Surveyor, building",Yes,Yes,United States,South Dakota,,
CUST-249693,Lauren H. Padilla,Female,23,33,Forest/woodland manager,Yes,Yes,United States,South Dakota,,
CUST-812607,Julia C. Santiago,Female,49,67,Insurance underwriter,No,Yes,United States,South Dakota,,
CUST-365195,Charlotte V. Blair,Female,53,63,Architectural technologist,No,Yes,United States,South Dakota,,
CUST-139810,Violet K. Blake,Female,28,51,Chartered loss adjuster,No,Yes,United States,South Dakota,,
CUST-296124,Charlotte O. Norman,Female,59,77,"Sales professional, IT",Yes,Yes,United States,South Dakota,,
CUST-200056,Sophia K. Coleman,Female,49,51,Animal technologist,Yes,Yes,United States,South Dakota,,
CUST-908866,Nora Z. Webster,Female,35,38,Web designer,No,Yes,United States,South Dakota,,
CUST-660324,Rachel U. Neal,Female,56,81,Radiation protection practitioner,Yes,Yes,United States,South Dakota,,
CUST-552903,Grace K. Walton,Female,57,73,Medical laboratory scientific officer,No,Yes,United States,South Dakota,,
CUST-966416,Lily T. Knight,Female,54,63,Tourist information centre manager,No,Yes,United States,South Dakota,,
CUST-702636,Alice S. McKinney,Female,48,57,"Engineer, aeronautical",Yes,Yes,United States,South Dakota,,
CUST-391936,Kennedy X. Gutierrez,Female,59,78,"Psychotherapist, dance movement",No,Yes,United States,South Dakota,,
CUST-179887,Amelia O. McGee,Female,48,70,"Horticulturist, commercial",No,Yes,United States,South Dakota,,
CUST-751697,Kennedy F. Richardson,Female,26,38,Counselling psychologist,No,Yes,United States,South Dakota,,
CUST-147932,Madison J. Baldwin,Female,46,55,Psychiatric nurse,Yes,Yes,United States,South Dakota,,
CUST-451420,Nora K. Brewer,Female,35,53,Counselling psychologist,Yes,Yes,United States,South Dakota,,
CUST-557841,Hannah T. Perkins,Female,43,44,Naval architect,No,Yes,United States,South Dakota,,
CUST-156595,Lily A. Murphy,Female,51,74,"Designer, fashion/clothing",No,Yes,United States,South Dakota,,
CUST-689291,Stella A. Francis,Female,39,56,Clinical molecular geneticist,Yes,Yes,United States,South Dakota,,
CUST-253458,Alice I. Rowe,Female,41,49,Acupuncturist,No,Yes,United States,South Dakota,,
CUST-132519,Savannah H. Webster,Female,47,69,"Teacher, special educational needs",No,Yes,United States,South Dakota,,
CUST-283317,Rachel W. Peters,Female,38,61,"Conservator, museum/gallery",Yes,Yes,United States,South Dakota,,
CUST-148361,Victoria T. Crawford,Female,18,34,Printmaker,Yes,Yes,United States,South Dakota,,
CUST-373439,Chloe Q. Hawkins,Female,46,54,Water quality scientist,No,Yes,United States,South Dakota,,
CUST-797888,Madison R. Weber,Female,32,36,Nature conservation officer,No,Yes,United States,South Dakota,,
CUST-965197,Hannah B. Stewart,Female,28,45,Insurance account manager,No,Yes,United States,South Dakota,,
CUST-723731,Evelyn Q. Valdez,Female,24,29,Landscape architect,Yes,Yes,United States,South Dakota,,
CUST-783715,Sophia N. Butler,Female,22,34,Garment/textile technologist,No,Yes,United States,South Dakota,,
CUST-212291,Addison N. Bush,Female,56,57,Administrator,Yes,Yes,United States,South Dakota,,
CUST-625350,Brooklyn R. Peterson,Female,33,41,Solicitor,No,Yes,United States,South Dakota,,
CUST-135532,Stella S. Steele,Female,40,43,Ecologist,No,Yes,United States,South Dakota,,
CUST-391359,Isabella S. McCoy,Female,58,59,Emergency planning/management officer,Yes,Yes,United States,South Dakota,,
CUST-846828,Rachel H. Valdez,Female,29,48,Diplomatic Services operational officer,Yes,Yes,United States,South Dakota,,
CUST-374042,Eleanor Z. Curtis,Female,26,32,Medical physicist,No,Yes,United States,South Dakota,,
CUST-823904,Lauren R. Hale,Female,26,35,Event organiser,No,Yes,United States,South Dakota,,
CUST-539845,Addison B. Mills,Female,43,49,Sales executive,No,Yes,United States,South Dakota,,
CUST-619167,Savannah M. Daniels,Female,38,48,"Loss adjuster, chartered",No,Yes,United States,South Dakota,,
CUST-915905,Kennedy U. Love,Female,28,30,Medical laboratory scientific officer,No,Yes,United States,South Dakota,,
CUST-638494,Charlotte N. Walters,Female,21,33,General practice doctor,Yes,Yes,United States,South Dakota,,
CUST-914873,Claire K. Webster,Female,55,80,International aid/development worker,No,Yes,United States,South Dakota,,
CUST-694064,Grace P. Thomas,Female,41,47,Armed forces operational officer,Yes,Yes,United States,South Dakota,,
CUST-946238,Anna C. Walsh,Female,44,60,Animal technologist,Yes,Yes,United States,South Dakota,,
CUST-158688,Lily U. Peters,Female,32,34,"Accountant, chartered certified",No,Yes,United States,South Dakota,,
CUST-665700,Alice G. Burke,Female,26,48,Architectural technologist,Yes,Yes,United States,South Dakota,,
CUST-595919,Natalie B. Kelly,Female,57,59,Insurance underwriter,Yes,Yes,United States,South Dakota,,
CUST-717330,Nora J. Goodman,Female,57,62,Private music teacher,No,Yes,United States,South Dakota,,
CUST-508964,Claire I. Wilson,Female,20,41,Higher education careers adviser,No,Yes,United States,South Dakota,,
CUST-556039,Anna I. Robbins,Female,38,53,"Administrator, education",No,Yes,United States,South Dakota,,
CUST-343504,Leah K. Price,Female,31,41,Armed forces training and education officer,No,Yes,United States,South Dakota,,
CUST-676504,Evelyn N. Hansen,Female,23,40,Financial manager,No,Yes,United States,South Dakota,,
CUST-825829,Kennedy S. Carlson,Female,30,41,"Nurse, mental health",No,Yes,United States,South Dakota,,
CUST-162539,Eleanor I. Ward,Female,24,39,Product/process development scientist,No,Yes,United States,South Dakota,,
CUST-778962,Audrey R. Estrada,Female,50,75,"Therapist, horticultural",Yes,Yes,United States,South Dakota,,
CUST-698286,Savannah O. Cook,Female,37,53,"Surveyor, planning and development",Yes,Yes,United States,South Dakota,,
CUST-260379,Isabella E. Romero,Female,40,42,Police officer,No,Yes,United States,South Dakota,,
CUST-400424,Evelyn C. Warner,Female,20,41,Educational psychologist,No,Yes,United States,South Dakota,,
CUST-700931,Rachel M. Perry,Female,19,43,"Scientist, research (life sciences)",No,Yes,United States,South Dakota,,
CUST-599289,Claire L. Chandler,Female,33,53,"Teacher, special educational needs",Yes,Yes,United States,South Dakota,,
CUST-224301,Olivia Z. Wallace,Female,35,47,Conference centre manager,Yes,Yes,United States,South Dakota,,
CUST-521876,Allison C. Greene,Female,33,47,Lobbyist,No,Yes,United States,South Dakota,,
CUST-244805,Elizabeth W. Craig,Female,55,60,Hospital doctor,Yes,Yes,United States,South Dakota,,
CUST-848186,Anna U. Young,Female,30,54,Broadcast journalist,No,Yes,United States,South Dakota,,
CUST-964229,Leah F. Scott,Female,39,64,Television production assistant,Yes,Yes,United States,South Dakota,,
CUST-461264,Addison B. Weaver,Female,41,49,Cartographer,Yes,Yes,United States,South Dakota,,
CUST-938905,Savannah I. Palmer,Female,23,46,Database administrator,Yes,Yes,United States,South Dakota,,
CUST-691639,Addison Z. Dean,Female,33,38,"Civil engineer, contracting",No,Yes,United States,South Dakota,,
CUST-255830,Emma U. Palmer,Female,34,59,"Sales professional, IT",Yes,Yes,United States,South Dakota,,
CUST-818512,Allison L. McDonald,Female,21,36,"Producer, radio",No,Yes,United States,South Dakota,,
CUST-828857,Grace I. Meyer,Female,19,22,Chartered accountant,Yes,Yes,United States,South Dakota,,
CUST-803906,Hannah H. Byrd,Female,30,32,Operational investment banker,No,No,United States,South Dakota,,
CUST-235745,Hailey E. Gilbert,Female,20,25,Ergonomist,Yes,No,United States,South Dakota,,
CUST-261305,Nora W. Meyer,Female,19,33,Theatre director,Yes,No,United States,South Dakota,,
CUST-287132,Victoria Z. Kelly,Female,34,48,"Engineer, automotive",Yes,No,United States,South Dakota,,
CUST-393129,Hailey C. Edwards,Female,25,44,Music tutor,Yes,No,United States,South Dakota,,
CUST-836954,Brooklyn F. Armstrong,Female,54,76,Research scientist (maths),No,No,United States,South Dakota,,
CUST-889727,Anna X. Waters,Female,24,47,Ecologist,Yes,No,United States,South Dakota,,
CUST-473109,Madison F. Hughes,Female,38,40,"Engineer, drilling",No,No,United States,South Dakota,,
CUST-416005,Victoria O. Santos,Female,31,51,Photographer,Yes,No,United States,South Dakota,,
CUST-770172,Savannah U. Gregory,Female,39,57,Recruitment consultant,Yes,No,United States,South Dakota,,
CUST-348446,Anna J. Quinn,Female,35,43,"Administrator, local government",Yes,No,United States,South Dakota,,
CUST-759754,Hailey V. Vega,Female,57,75,Human resources officer,Yes,No,United States,South Dakota,,
CUST-354905,Grace G. Fox,Female,57,63,Barrister,No,No,United States,South Dakota,,
CUST-211215,Evelyn L. Norman,Female,38,63,Chief Financial Officer,No,No,United States,South Dakota,,
CUST-701986,Julia T. Bates,Female,21,42,Historic buildings inspector/conservation officer,No,No,United States,South Dakota,,
CUST-713323,Hannah Y. Reed,Female,36,61,Child psychotherapist,No,No,United States,South Dakota,,
CUST-790053,Abigail W. Haynes,Female,42,51,Land/geomatics surveyor,No,No,United States,South Dakota,,
CUST-572225,Audrey H. Jenkins,Female,29,42,"Designer, ceramics/pottery",Yes,No,United States,South Dakota,,
CUST-119619,Addison E. Flowers,Female,52,68,"Engineer, production",Yes,No,United States,South Dakota,,
CUST-799570,Eleanor R. Burton,Female,58,76,"Psychotherapist, child",No,No,United States,South Dakota,,
CUST-102412,Olivia P. Reynolds,Female,49,52,Garment/textile technologist,No,No,United States,South Dakota,,
CUST-476634,Eleanor Y. Pope,Female,37,58,"Designer, fashion/clothing",Yes,No,United States,South Dakota,,
CUST-641708,Claire H. Dawson,Female,47,58,Market researcher,No,No,United States,South Dakota,,
CUST-976242,Amelia O. Sims,Female,43,59,Food technologist,Yes,No,United States,South Dakota,,
CUST-434672,Charlotte C. West,Female,51,76,Oceanographer,No,No,United States,South Dakota,,
CUST-369522,Sarah P. Ingram,Female,47,53,"Designer, exhibition/display",No,No,United States,South Dakota,,
CUST-369218,Abigail V. Blake,Female,27,50,Race relations officer,Yes,No,United States,South Dakota,,
CUST-829944,Anthony K. Graves,Female,30,42,Astronomer,No,No,United States,South Dakota,,
CUST-267829,Allison O. Tate,Female,27,30,Office manager,Yes,No,United States,South Dakota,,
CUST-428849,Nicholas C. Dixon,Female,38,57,"Surveyor, mining",Yes,No,United States,South Dakota,,
CUST-875681,Audrey P. Pena,Female,29,43,Consulting civil engineer,No,No,United States,South Dakota,,
CUST-780925,Chloe C. Santiago,Female,39,41,Clinical molecular geneticist,Yes,No,United States,South Dakota,,
CUST-607875,Brooklyn I. Dennis,Female,42,57,Event organiser,Yes,No,United States,South Dakota,,
CUST-275883,Evelyn E. Dixon,Female,43,47,Medical physicist,Yes,No,United States,South Dakota,,
CUST-193007,Claire D. Ramos,Female,37,50,"Engineer, materials",Yes,No,United States,South Dakota,,
CUST-929905,Kennedy Q. Graves,Female,45,61,Magazine journalist,No,No,United States,South Dakota,,
CUST-610956,Madison Z. Griffin,Female,35,36,"Engineer, production",Yes,No,United States,South Dakota,,
CUST-595975,Brooklyn X. Shelton,Female,60,74,"Journalist, newspaper",No,No,United States,South Dakota,,
CUST-705252,Elizabeth W. Watts,Female,31,32,Ranger/warden,No,No,United States,South Dakota,,
CUST-554884,Grace U. Moore,Female,57,59,Chartered accountant,Yes,No,United States,South Dakota,,
CUST-208041,Lauren V. Gibson,Female,55,67,Chartered public finance accountant,Yes,No,United States,South Dakota,,
CUST-484127,Leah P. Floyd,Female,34,54,Web designer,No,No,United States,South Dakota,,
CUST-310571,Evelyn V. Goodman,Female,57,70,Arts administrator,Yes,No,United States,South Dakota,,
CUST-420898,Madison V. Sherman,Female,26,29,"Teacher, secondary school",Yes,No,United States,South Dakota,,
CUST-154690,Caroline Q. Munoz,Female,47,64,Restaurant manager,Yes,No,United States,South Dakota,,
CUST-759271,Lily M. Oliver,Female,51,64,Barrister,No,No,United States,South Dakota,,
CUST-290667,Lauren F. Armstrong,Female,39,54,"Therapist, music",Yes,No,United States,South Dakota,,
CUST-318349,Kennedy S. Reid,Female,33,55,"Engineer, building services",Yes,No,United States,South Dakota,,
CUST-220871,Leah H. Hart,Female,19,40,Television production assistant,No,No,United States,South Dakota,,
CUST-223416,Anna H. Carpenter,Female,57,59,Press sub,No,No,United States,South Dakota,,
CUST-902942,Lauren D. Simpson,Female,54,62,Actuary,No,No,United States,South Dakota,,
CUST-650289,Alice Z. Nguyen,Female,25,39,Theatre stage manager,Yes,No,United States,South Dakota,,
CUST-624607,Addison Z. Collins,Female,59,61,Make,Yes,No,United States,South Dakota,,
CUST-514107,Isabella B. Wolfe,Female,28,51,Consulting civil engineer,Yes,No,United States,South Dakota,,
CUST-427887,Lily S. Cross,Female,55,61,"Journalist, magazine",No,No,United States,South Dakota,,
CUST-183449,Benjamin Q. Padilla,Female,30,39,Purchasing manager,No,No,United States,South Dakota,,
CUST-721503,Elizabeth A. Newman,Female,40,50,Careers adviser,No,No,United States,South Dakota,,
CUST-940947,Charlotte A. Warner,Female,21,30,Warehouse manager,Yes,No,United States,South Dakota,,
CUST-498853,Charlotte V. Jennings,Female,18,25,"Designer, furniture",No,No,United States,South Dakota,,
CUST-910123,Kennedy E. Moreno,Female,53,69,Patent attorney,No,No,United States,South Dakota,,
CUST-541253,Audrey E. Walker,Female,51,53,Immigration officer,Yes,No,United States,South Dakota,,
CUST-932074,Sophia Q. Andrews,Female,43,64,"Designer, textile",Yes,No,United States,South Dakota,,
CUST-535606,Violet M. Soto,Female,52,70,Colour technologist,No,No,United States,South Dakota,,
CUST-127659,Audrey S. Bishop,Female,21,28,"Designer, textile",No,No,United States,South Dakota,,
CUST-197349,Sarah G. Willis,Female,32,57,Acupuncturist,Yes,No,United States,South Dakota,,
CUST-135968,Allison R. Fields,Female,41,46,Pharmacologist,Yes,No,United States,South Dakota,,
CUST-298131,Amelia O. Nichols,Female,26,33,Paramedic,No,No,United States,South Dakota,,
CUST-905907,Charlotte V. Hansen,Female,57,67,"Production assistant, television",Yes,No,United States,South Dakota,,
CUST-569594,Evelyn C. Ramsey,Female,34,53,English as a foreign language teacher,No,No,United States,South Dakota,,
CUST-328578,Anna C. Higgins,Female,24,44,Air broker,Yes,No,United States,South Dakota,,
CUST-389011,Julia K. Kelly,Female,30,31,"Development worker, international aid",Yes,No,United States,South Dakota,,
CUST-490898,Evelyn L. Cannon,Female,27,42,Transport planner,No,No,United States,South Dakota,,
CUST-438937,Kennedy Y. Sandoval,Female,23,31,"Journalist, magazine",No,No,United States,South Dakota,,
CUST-984156,Abigail A. Steele,Female,34,52,Editorial assistant,Yes,No,United States,South Dakota,,
CUST-425156,Audrey P. Barrett,Female,47,54,"Therapist, speech and language",Yes,No,United States,South Dakota,,
CUST-183221,Hailey D. Holland,Female,21,33,Operational investment banker,Yes,No,United States,South Dakota,,
CUST-444194,Claire Q. Hicks,Female,30,55,Bookseller,Yes,No,United States,South Dakota,,
CUST-684678,Elizabeth A. Garza,Female,39,42,Dealer,Yes,No,United States,South Dakota,,
CUST-723817,Amelia W. Newton,Female,31,49,Probation officer,Yes,No,United States,South Dakota,,
CUST-187118,Charlotte U. Jimenez,Female,28,49,"Pharmacist, community",Yes,No,United States,Indiana,,
CUST-875119,Rachel G. Perry,Female,51,71,Learning mentor,No,No,United States,Indiana,,
CUST-900110,Charlotte W. Ortiz,Female,31,43,Further education lecturer,No,No,United States,Indiana,,
CUST-507096,Madison M. Ross,Female,57,74,"Research officer, political party",No,No,United States,Indiana,,
CUST-613376,Grace B. Malone,Female,31,38,Glass blower/designer,Yes,No,United States,Indiana,,
CUST-511425,Victoria G. Green,Female,52,62,Metallurgist,Yes,No,United States,Indiana,,
CUST-186837,Alice S. Harper,Female,54,68,Adult guidance worker,Yes,No,United States,Indiana,,
CUST-247490,Chloe C. Fields,Female,34,48,Medical technical officer,Yes,No,United States,Indiana,,
CUST-142583,Nora Z. Sharp,Female,45,67,Armed forces operational officer,Yes,No,United States,Indiana,,
CUST-749243,Eleanor I. Gregory,Female,46,52,Aid worker,Yes,No,United States,Indiana,,
CUST-670967,Hailey A. Chapman,Female,19,33,"Pharmacist, hospital",Yes,No,United States,Indiana,,
CUST-981604,Violet T. Fowler,Female,52,53,"Programmer, applications",Yes,No,United States,Indiana,,
CUST-521558,Rachel P. Fisher,Female,19,27,Event organiser,Yes,No,United States,Indiana,,
CUST-565997,Evelyn K. Gibbs,Female,46,53,Trading standards officer,Yes,No,United States,Indiana,,
CUST-383311,Lauren A. Snyder,Female,56,63,Chief Financial Officer,Yes,No,United States,Indiana,,
CUST-357435,Julia U. Dawson,Female,49,61,Heritage manager,No,No,United States,Indiana,,
CUST-245406,Natalie V. Stone,Female,32,48,Air broker,No,No,United States,Indiana,,
CUST-272639,Allison V. Fox,Female,40,61,Water quality scientist,Yes,No,United States,Indiana,,
CUST-404179,Lily F. Hubbard,Female,57,78,Training and development officer,Yes,No,United States,Indiana,,
CUST-601286,Savannah L. Lindsey,Female,54,79,Chief Technology Officer,No,No,United States,Indiana,,
CUST-518426,Grace Q. Rose,Female,33,49,Academic librarian,No,No,United States,Indiana,,
CUST-872507,Hailey Y. Barker,Female,47,68,Film/video editor,No,No,United States,Indiana,,
CUST-191904,Eleanor D. Frazier,Female,33,47,Tour manager,No,No,United States,Indiana,,
CUST-243474,Madison E. Patterson,Female,28,35,"Engineer, maintenance",Yes,No,United States,Indiana,,
CUST-585799,Lauren H. Cohen,Female,20,23,Records manager,Yes,No,United States,Indiana,,
CUST-339525,Chloe P. Romero,Female,55,72,"Therapist, art",Yes,No,United States,Indiana,,
CUST-126422,Addison W. Nguyen,Female,55,76,Emergency planning/management officer,No,No,United States,Indiana,,
CUST-978666,Hailey N. Lyons,Female,47,48,Politician's assistant,No,No,United States,Indiana,,
CUST-976104,Addison X. Bailey,Female,31,50,Sports therapist,No,No,United States,Indiana,,
CUST-242101,Isabella Y. Conner,Female,24,31,Television production assistant,Yes,No,United States,Indiana,,
CUST-957105,Charlotte F. Harmon,Female,48,70,Community education officer,Yes,No,United States,Indiana,,
CUST-590953,Amelia P. Vasquez,Female,35,40,Risk manager,Yes,No,United States,Indiana,,
CUST-663754,Caroline L. Mendez,Female,48,52,Editorial assistant,No,No,United States,Indiana,,
CUST-288588,Alice S. Matthews,Female,36,52,"Secretary, company",No,No,United States,Indiana,,
CUST-928470,Isabella B. Jimenez,Female,55,68,Quantity surveyor,No,No,United States,Indiana,,
CUST-933945,Anna S. Sherman,Female,54,66,Research scientist (physical sciences),Yes,No,United States,Indiana,,
CUST-400151,Savannah B. Perkins,Female,58,71,"Teacher, early years/pre",No,No,United States,Indiana,,
CUST-713639,Violet C. Powell,Female,26,39,Artist,No,No,United States,Indiana,,
CUST-992058,Savannah L. McGee,Female,56,75,Aid worker,No,No,United States,Indiana,,
CUST-220517,Kennedy Y. Ruiz,Female,57,63,Sales executive,Yes,No,United States,Indiana,,
CUST-391959,Madison U. Powers,Female,54,79,Pharmacologist,No,No,United States,Indiana,,
CUST-390916,Nora C. George,Female,30,38,Animal technologist,Yes,No,United States,Indiana,,
CUST-306400,Audrey Z. Freeman,Female,35,55,Academic librarian,No,No,United States,Indiana,,
CUST-581025,Abigail M. Carpenter,Female,40,48,Occupational therapist,Yes,No,United States,Indiana,,
CUST-122882,Anthony S. Long,Female,43,54,Acupuncturist,No,No,United States,Indiana,,
CUST-655088,Natalie C. Martin,Female,48,69,"Engineer, maintenance",No,No,United States,Indiana,,
CUST-480204,Savannah T. Craig,Female,46,48,Fast food restaurant manager,No,No,United States,Indiana,,
CUST-314951,Evelyn N. Pope,Female,52,59,Sports administrator,Yes,No,United States,Indiana,,
CUST-268902,Kennedy K. Steele,Female,24,36,"Development worker, international aid",No,No,United States,Indiana,,
CUST-251845,Emma H. Anderson,Female,39,45,Energy engineer,Yes,No,United States,Indiana,,
CUST-473338,Sophia W. Rogers,Female,57,58,Transport planner,Yes,No,United States,Indiana,,
CUST-558311,Claire E. Gibbs,Female,56,74,Air broker,Yes,No,United States,Indiana,,
CUST-243263,Audrey Z. Parker,Female,58,69,"Research officer, political party",No,No,United States,Indiana,,
CUST-423463,Victoria L. Dennis,Female,52,53,Fast food restaurant manager,Yes,No,United States,Indiana,,
CUST-932156,Claire H. Gomez,Female,24,35,Site engineer,Yes,No,United States,Indiana,,
CUST-853704,Nora Z. Daniel,Female,26,46,Politician's assistant,No,No,United States,Indiana,,
CUST-501091,Hailey U. Castillo,Female,33,36,"Engineer, production",No,No,United States,Indiana,,
CUST-840640,Kennedy H. Lawrence,Female,38,41,Clinical biochemist,Yes,No,United States,Indiana,,
CUST-692920,Audrey A. Gutierrez,Female,22,40,Planning and development surveyor,No,No,United States,Indiana,,
CUST-770331,Lauren N. Hamilton,Female,57,81,"Engineer, land",No,No,United States,Indiana,,
CUST-958929,Rachel J. Hale,Female,28,44,"Development worker, community",No,No,United States,Indiana,,
CUST-401218,Nora Z. Soto,Female,44,68,Theatre manager,No,No,United States,Indiana,,
CUST-629918,Grace P. Harrison,Female,57,59,Mechanical engineer,No,No,United States,Indiana,,
CUST-133051,Nora H. Blake,Female,21,26,Insurance risk surveyor,Yes,No,United States,Indiana,,
CUST-920362,Victoria Y. Maxwell,Female,51,66,"Physicist, medical",Yes,No,United States,Indiana,,
CUST-369206,Eleanor M. Little,Female,56,61,Passenger transport manager,Yes,No,United States,Indiana,,
CUST-607511,Leah Z. Estrada,Female,43,65,Broadcast presenter,Yes,No,United States,Indiana,,
CUST-853105,Leah X. McDaniel,Female,32,43,Clinical cytogeneticist,Yes,No,United States,Indiana,,
CUST-594675,Olivia X. Nichols,Female,18,36,Quarry manager,Yes,No,United States,Indiana,,
CUST-318772,Olivia M. Jenkins,Female,25,39,Civil Service fast streamer,No,No,United States,Indiana,,
CUST-799949,Caleb C. Sims,Female,24,44,Horticultural consultant,No,No,United States,Indiana,,
CUST-237679,Madison B. Armstrong,Female,20,21,Veterinary surgeon,Yes,No,United States,Indiana,,
CUST-499187,Grace A. Reeves,Female,54,62,Furniture conservator/restorer,No,No,United States,Indiana,,
CUST-335528,Charlotte S. Parker,Female,40,57,Education administrator,No,No,United States,Indiana,,
CUST-809411,Savannah T. Franklin,Female,43,44,Dance movement psychotherapist,Yes,No,United States,Indiana,,
CUST-608826,Sophia U. May,Female,52,69,Government social research officer,No,No,United States,Indiana,,
CUST-405435,Charlotte S. Thomas,Female,35,45,Hydrologist,No,Yes,United States,Indiana,,
CUST-801917,Anna V. Higgins,Female,39,61,Technical author,No,Yes,United States,Indiana,,
CUST-590265,Abigail L. Gibson,Female,34,43,Environmental consultant,No,Yes,United States,Indiana,,
CUST-994965,Abigail E. Little,Female,42,64,Claims inspector/assessor,No,Yes,United States,Indiana,,
CUST-407908,Alice R. Matthews,Female,44,59,"Surveyor, rural practice",No,Yes,United States,Indiana,,
CUST-664026,Leah P. Santiago,Female,49,54,Private music teacher,No,Yes,United States,Indiana,,
CUST-856305,Charlotte U. Goodwin,Female,58,83,"Therapist, music",No,Yes,United States,Indiana,,
CUST-457154,Violet Y. Coleman,Female,39,40,"Engineer, communications",Yes,Yes,United States,Indiana,,
CUST-486001,Nora Y. Keller,Female,50,59,Psychiatric nurse,No,Yes,United States,Indiana,,
CUST-413911,Stella T. Love,Female,35,39,Museum/gallery curator,Yes,Yes,United States,Indiana,,
CUST-721140,Anna B. Perry,Female,37,40,Clinical molecular geneticist,No,Yes,United States,Indiana,,
CUST-672423,Allison Q. Thornton,Female,22,40,Tour manager,No,Yes,United States,Indiana,,
CUST-273321,Savannah D. Simpson,Female,27,31,Occupational therapist,Yes,Yes,United States,Indiana,,
CUST-108868,Eleanor A. Kennedy,Female,45,51,Management consultant,Yes,Yes,United States,Indiana,,
CUST-640642,Olivia I. Bryant,Female,38,63,"Production designer, theatre/television/film",Yes,Yes,United States,Indiana,,
CUST-815057,Charlotte E. Walters,Female,57,81,Estate agent,No,Yes,United States,Indiana,,
CUST-362515,Allison K. Rowe,Female,36,54,"Production assistant, radio",No,Yes,United States,Indiana,,
CUST-969096,Addison H. Hunt,Female,58,76,Leisure centre manager,No,Yes,United States,Indiana,,
CUST-619512,Natalie W. Jordan,Female,23,25,Furniture designer,No,Yes,United States,Indiana,,
CUST-442403,Hailey D. Ball,Female,43,52,Estate agent,Yes,Yes,United States,Indiana,,
CUST-406283,Stella C. Mitchell,Female,45,52,Web designer,Yes,Yes,United States,Indiana,,
CUST-139274,Sarah C. Reynolds,Female,29,49,Applications developer,Yes,Yes,United States,Indiana,,
CUST-224936,Claire R. McCoy,Female,20,27,"Psychologist, educational",No,Yes,United States,Indiana,,
CUST-465702,Lucy E. Evans,Female,57,79,Environmental education officer,Yes,Yes,United States,Indiana,,
CUST-526590,Grace U. Gardner,Female,52,55,"Accountant, chartered",No,Yes,United States,Indiana,,
CUST-384138,Audrey V. Lambert,Female,18,23,Licensed conveyancer,No,Yes,United States,Indiana,,
CUST-220699,Emma K. Dean,Female,36,48,Clinical molecular geneticist,No,Yes,United States,Indiana,,
CUST-236986,Anna L. Stokes,Female,48,51,Futures trader,Yes,Yes,United States,Indiana,,
CUST-310714,Allison Y. Santos,Female,19,42,Public relations account executive,No,Yes,United States,Indiana,,
CUST-708470,Nora I. Morgan,Female,19,25,"Engineer, mining",No,Yes,United States,Indiana,,
CUST-351928,Eleanor O. Herrera,Female,20,26,"Engineer, mining",No,Yes,United States,Indiana,,
CUST-573255,Lucy E. Alexander,Female,52,77,Occupational therapist,No,Yes,United States,Indiana,,
CUST-205663,Madison Y. Ball,Female,44,48,"Psychologist, prison and probation services",Yes,Yes,United States,Indiana,,
CUST-884326,Emma T. Coleman,Female,38,48,"Scientist, product/process development",No,Yes,United States,Indiana,,
CUST-697375,Amelia E. Wolfe,Female,51,68,Chartered accountant,No,Yes,United States,Indiana,,
CUST-400889,Rachel W. Foster,Female,57,74,"Engineer, mining",No,Yes,United States,Indiana,,
CUST-787792,Sophia Q. Walters,Female,59,62,"Programmer, multimedia",No,Yes,United States,Indiana,,
CUST-185089,Madison J. Gibson,Female,33,40,Probation officer,Yes,Yes,United States,Indiana,,
CUST-283221,Sarah U. Baker,Female,32,56,"Engineer, water",Yes,Yes,United States,Indiana,,
CUST-418133,Charlotte W. Chambers,Female,45,63,Newspaper journalist,Yes,Yes,United States,Indiana,,
CUST-906955,Lucy R. Bell,Female,56,80,Warden/ranger,No,Yes,United States,Indiana,,
CUST-434514,Brooklyn J. Farmer,Female,31,47,Air traffic controller,Yes,Yes,United States,Indiana,,
CUST-192331,Kennedy A. Owens,Female,32,44,Tour manager,Yes,Yes,United States,Indiana,,
CUST-345565,Sophia Y. Simpson,Female,41,44,Art gallery manager,Yes,Yes,United States,Indiana,,
CUST-756517,Addison D. Reeves,Female,28,40,Learning disability nurse,No,Yes,United States,Indiana,,
CUST-752563,Rachel H. Young,Female,51,74,Ship broker,Yes,Yes,United States,Indiana,,
CUST-253148,Lucy J. Wallace,Female,27,39,"Secretary, company",Yes,Yes,United States,Indiana,,
CUST-313805,Victoria E. Walters,Female,40,47,Warehouse manager,No,Yes,United States,Indiana,,
CUST-326313,Grace Q. Powers,Female,57,69,Physiological scientist,No,Yes,United States,Indiana,,
CUST-885182,Eleanor X. Diaz,Female,60,67,"Production designer, theatre/television/film",No,Yes,United States,Indiana,,
CUST-371459,Natalie E. Barrett,Female,34,46,Financial trader,Yes,Yes,United States,Indiana,,
CUST-860454,Caroline H. Price,Female,57,63,Health promotion specialist,No,Yes,United States,Indiana,,
CUST-443115,Natalie V. Rowe,Female,41,43,Emergency planning/management officer,No,Yes,United States,Indiana,,
CUST-204806,Abigail W. Delgado,Female,41,47,Primary school teacher,No,Yes,United States,Indiana,,
CUST-284736,Brooklyn U. McDaniel,Female,38,48,"Chemist, analytical",No,Yes,United States,Indiana,,
CUST-391923,Victoria D. Williamson,Female,40,52,"Nurse, learning disability",Yes,Yes,United States,Indiana,,
CUST-805765,Grace W. Chandler,Female,31,41,Heritage manager,Yes,Yes,United States,Indiana,,
CUST-399141,Stella H. Carr,Female,57,79,Conference centre manager,Yes,Yes,United States,Indiana,,
CUST-252717,Emma J. Saunders,Female,56,80,"Runner, broadcasting/film/video",No,Yes,United States,Indiana,,
CUST-212100,Addison P. Romero,Female,47,48,"Civil engineer, contracting",Yes,Yes,United States,Indiana,,
CUST-346028,Charlotte E. Ortiz,Female,58,69,Health physicist,Yes,Yes,United States,Indiana,,
CUST-619758,Lily Q. Patterson,Female,45,50,Careers adviser,Yes,Yes,United States,Indiana,,
CUST-617511,Nora O. Austin,Female,48,63,Speech and language therapist,Yes,Yes,United States,Indiana,,
CUST-699291,Rachel Z. Stone,Female,58,59,Quality manager,No,Yes,United States,Indiana,,
CUST-338157,Addison E. Porter,Female,34,44,Chartered management accountant,Yes,Yes,United States,Indiana,,
CUST-319685,Evelyn O. Burke,Female,44,53,Chartered public finance accountant,Yes,Yes,United States,Indiana,,
CUST-889763,Olivia U. Dunn,Female,21,39,"Doctor, general practice",No,Yes,United States,Indiana,,
CUST-580702,Lucy S. Aguilar,Female,23,30,"Horticulturist, commercial",No,Yes,United States,Indiana,,
CUST-654042,Caroline C. Morales,Female,41,57,Community arts worker,No,Yes,United States,Indiana,,
CUST-132976,Olivia P. Flowers,Female,32,34,Broadcast journalist,No,Yes,United States,Indiana,,
CUST-305660,Violet F. Sanders,Female,18,22,Chartered accountant,Yes,Yes,United States,Indiana,,
CUST-950480,Claire M. Goodwin,Female,52,61,"Designer, exhibition/display",Yes,Yes,United States,Indiana,,
CUST-856894,Caroline M. Simon,Female,41,64,Educational psychologist,Yes,Yes,United States,Indiana,,
CUST-327319,Victoria X. Fernandez,Female,18,25,Geographical information systems officer,Yes,Yes,United States,Indiana,,
CUST-156056,Claire G. Rivera,Female,38,63,"Engineer, civil (contracting)",No,Yes,United States,Indiana,,
CUST-896825,Claire H. Neal,Female,18,25,Chiropodist,No,Yes,United States,Indiana,,
CUST-228007,Emma I. Brown,Female,58,75,Automotive engineer,Yes,Yes,United States,Indiana,,
CUST-756554,Savannah Q. Guerrero,Female,35,48,Make,Yes,Yes,United States,Indiana,,
CUST-516693,Rachel O. Steele,Female,26,28,Physiotherapist,Yes,Yes,United States,Indiana,,
CUST-752620,Anna E. Kelley,Female,19,23,"Conservator, museum/gallery",Yes,Yes,United States,Indiana,,
CUST-569297,Leah E. Fernandez,Female,52,63,"Geologist, wellsite",Yes,Yes,United States,Indiana,,
CUST-178926,Grace V. Day,Female,30,44,"Administrator, arts",Yes,Yes,United States,Indiana,,
CUST-939199,Alice S. Russell,Female,48,64,International aid/development worker,Yes,Yes,United States,Indiana,,
CUST-409393,Anna X. Hopkins,Female,50,73,Paramedic,No,Yes,United States,Indiana,,
CUST-399912,Lily M. Fitzgerald,Female,26,41,"Designer, ceramics/pottery",Yes,Yes,United States,Indiana,,
CUST-551757,Abigail Q. Nichols,Female,20,22,Chief Marketing Officer,No,No,United States,Tennessee,,
CUST-487833,Allison O. Nichols,Female,58,82,Insurance account manager,Yes,No,United States,Tennessee,,
CUST-632318,Amelia L. Marshall,Female,32,49,Dancer,Yes,No,United States,Tennessee,,
CUST-916451,Lauren G. Potter,Female,60,81,Chief Strategy Officer,Yes,No,United States,Tennessee,,
CUST-450052,Nora U. Shaw,Female,60,66,"Engineer, materials",Yes,No,United States,Tennessee,,
CUST-204562,Hailey H. Olson,Female,19,27,"Engineer, broadcasting (operations)",Yes,No,United States,Tennessee,,
CUST-668816,Natalie Z. Fowler,Female,23,32,"Therapist, drama",No,No,United States,Tennessee,,
CUST-852549,Natalie C. Maxwell,Female,53,54,Chief Marketing Officer,No,No,United States,Tennessee,,
CUST-309190,Abigail N. Hardy,Female,41,53,Training and development officer,No,No,United States,Tennessee,,
CUST-930151,Savannah L. Barber,Female,20,24,Art therapist,No,No,United States,Tennessee,,
CUST-844461,Julia I. Stevenson,Female,56,59,Illustrator,Yes,No,United States,Tennessee,,
CUST-730384,Natalie F. Rios,Female,57,70,Marketing executive,No,No,United States,Tennessee,,
CUST-462156,Savannah X. Leonard,Female,30,52,Records manager,Yes,No,United States,Tennessee,,
CUST-504025,Olivia I. Becker,Female,23,25,Counsellor,No,No,United States,Tennessee,,
CUST-884099,Leah M. Munoz,Female,52,62,Data processing manager,No,No,United States,Tennessee,,
CUST-344467,Anna P. Ward,Female,53,54,Communications engineer,No,No,United States,Tennessee,,
CUST-231698,Leah K. Robinson,Female,39,61,Oncologist,No,No,United States,Tennessee,,
CUST-842417,Eleanor O. Fletcher,Female,23,36,"Editor, commissioning",No,No,United States,Tennessee,,
CUST-917242,Kennedy W. Bates,Female,50,66,Health and safety adviser,Yes,No,United States,Tennessee,,
CUST-849741,Lily E. McCarthy,Female,40,53,Water quality scientist,Yes,No,United States,Tennessee,,
CUST-387384,Madison U. Reid,Female,29,32,Warehouse manager,No,No,United States,Tennessee,,
CUST-699645,Abigail G. Norman,Female,30,55,Field trials officer,Yes,No,United States,Tennessee,,
CUST-899329,Claire A. McDaniel,Female,60,68,Electrical engineer,Yes,No,United States,Tennessee,,
CUST-736569,Savannah V. Parks,Female,33,56,Diagnostic radiographer,No,No,United States,Tennessee,,
CUST-300273,Madison S. Griffith,Female,18,36,Editorial assistant,No,No,United States,Tennessee,,
CUST-797745,Claire J. Willis,Female,43,45,Financial trader,No,No,United States,Tennessee,,
CUST-672769,Lily Q. Brown,Female,51,67,Chief Financial Officer,No,No,United States,Tennessee,,
CUST-691656,Caroline X. Diaz,Female,53,69,Product designer,Yes,No,United States,Tennessee,,
CUST-327828,Caroline R. Lawson,Female,23,38,"Surveyor, minerals",Yes,No,United States,Tennessee,,
CUST-579930,Elizabeth P. Stevenson,Female,38,53,Insurance broker,Yes,No,United States,Tennessee,,
CUST-365798,Chloe V. Patterson,Female,58,67,Metallurgist,Yes,No,United States,Tennessee,,
CUST-319011,Lily E. Doyle,Female,42,55,Learning disability nurse,Yes,No,United States,Tennessee,,
CUST-209639,Lily F. Francis,Female,34,43,Data processing manager,No,No,United States,Tennessee,,
CUST-123397,Caroline Q. Tucker,Female,51,64,Research scientist (physical sciences),No,No,United States,Tennessee,,
CUST-465512,Natalie F. Bowman,Female,33,57,Dietitian,Yes,No,United States,Tennessee,,
CUST-231944,Natalie T. McKinney,Female,59,69,Social researcher,No,No,United States,Tennessee,,
CUST-480686,Isabella X. Ingram,Female,56,63,Intelligence analyst,No,No,United States,Tennessee,,
CUST-613639,Lily C. Jones,Female,56,64,Retail banker,No,No,United States,Tennessee,,
CUST-878572,Leah U. Flores,Female,43,53,Commercial horticulturist,No,No,United States,Tennessee,,
CUST-686148,Emma C. Crawford,Female,60,83,Psychiatrist,Yes,No,United States,Tennessee,,
CUST-167653,Julia C. Baldwin,Female,36,43,Furniture designer,No,No,United States,Tennessee,,
CUST-957457,Amelia B. Gilbert,Female,54,61,Cartographer,Yes,No,United States,Tennessee,,
CUST-164816,Madison K. Valdez,Female,29,40,"Engineer, automotive",No,No,United States,Tennessee,,
CUST-932936,Julia O. Green,Female,44,46,Warehouse manager,No,No,United States,Tennessee,,
CUST-714193,Anna Z. Guzman,Female,18,22,Art therapist,No,No,United States,Tennessee,,
CUST-956653,Anna M. White,Female,56,70,Farm manager,No,No,United States,Tennessee,,
CUST-753220,Alice C. Palmer,Female,48,53,Toxicologist,Yes,No,United States,Tennessee,,
CUST-187418,Victoria D. Howard,Female,60,82,"Psychologist, counselling",No,No,United States,Tennessee,,
CUST-501636,Emma W. Crawford,Female,58,78,Animal technologist,Yes,No,United States,Tennessee,,
CUST-362627,Eleanor G. Hayes,Female,51,71,Economist,Yes,No,United States,Tennessee,,
CUST-875112,Olivia E. Holmes,Female,20,22,Exhibition designer,Yes,No,United States,Tennessee,,
CUST-995932,Kennedy Q. Brown,Female,59,67,Solicitor,No,No,United States,Tennessee,,
CUST-492082,Olivia M. George,Female,24,27,Structural engineer,No,No,United States,Tennessee,,
CUST-337713,Victoria S. Rice,Female,35,51,Insurance claims handler,Yes,No,United States,Tennessee,,
CUST-148298,Julia F. Wade,Female,25,36,Higher education careers adviser,No,No,United States,Tennessee,,
CUST-305927,Eleanor Q. Mitchell,Female,24,39,Minerals surveyor,Yes,No,United States,Tennessee,,
CUST-551190,Addison C. Holmes,Female,25,42,Phytotherapist,Yes,No,United States,Tennessee,,
CUST-898077,Olivia C. Diaz,Female,30,36,Energy engineer,No,No,United States,Tennessee,,
CUST-565591,Isabella J. Dunn,Female,29,42,Clinical cytogeneticist,No,No,United States,Tennessee,,
CUST-661770,Victoria L. Rose,Female,31,39,Clinical molecular geneticist,No,No,United States,Tennessee,,
CUST-698801,Leah Y. Mack,Female,46,68,"Biochemist, clinical",Yes,No,United States,Tennessee,,
CUST-690796,Hailey A. Hubbard,Female,22,25,Horticultural therapist,No,No,United States,Tennessee,,
CUST-687327,Chloe Z. Harvey,Female,54,71,Purchasing manager,No,No,United States,Tennessee,,
CUST-947629,Audrey I. Vega,Female,50,56,"Surveyor, rural practice",No,No,United States,Tennessee,,
CUST-417610,Julia P. Greene,Female,50,67,Public affairs consultant,Yes,No,United States,Tennessee,,
CUST-725188,Lily K. Dawson,Female,32,44,Advertising account planner,Yes,No,United States,Tennessee,,
CUST-796901,Hannah C. Phillips,Female,37,61,Set designer,No,No,United States,Tennessee,,
CUST-358192,Anna B. Gilbert,Female,60,79,Neurosurgeon,Yes,No,United States,Tennessee,,
CUST-998475,Nora U. Washington,Female,40,44,Press photographer,No,No,United States,Tennessee,,
CUST-651998,Lucy J. Sherman,Female,34,40,Licensed conveyancer,Yes,No,United States,Tennessee,,
CUST-944047,Madison X. Francis,Female,49,53,"Buyer, industrial",Yes,No,United States,Tennessee,,
CUST-184037,Stella U. Holt,Female,19,35,Hydrographic surveyor,Yes,No,United States,Tennessee,,
CUST-350457,Caroline B. Schultz,Female,45,69,Commercial/residential surveyor,No,No,United States,Tennessee,,
CUST-663733,Leah W. Schultz,Female,54,71,Human resources officer,Yes,No,United States,Tennessee,,
CUST-387535,Natalie N. Romero,Female,20,44,"Designer, blown glass/stained glass",No,No,United States,Tennessee,,
CUST-509838,Savannah A. Hughes,Female,34,47,"Accountant, chartered certified",Yes,No,United States,Tennessee,,
CUST-857866,Anna Z. Gilbert,Female,42,45,Financial adviser,Yes,No,United States,Tennessee,,
CUST-936532,Allison V. Keller,Female,36,42,Computer games developer,No,No,United States,Tennessee,,
CUST-869260,Lily E. Hawkins,Female,38,62,"Solicitor, Scotland",Yes,No,United States,Tennessee,,
CUST-823185,Julia W. Montgomery,Female,52,55,Theatre stage manager,No,No,United States,Tennessee,,
CUST-257918,Hailey C. Sandoval,Female,36,56,Manufacturing systems engineer,Yes,No,United States,Tennessee,,
CUST-925269,Claire G. Garrett,Female,30,41,"Conservation officer, historic buildings",No,No,United States,Tennessee,,
CUST-539226,Elizabeth S. Leonard,Female,22,32,Logistics and distribution manager,Yes,No,United States,Tennessee,,
CUST-607954,Sarah L. Barrett,Female,47,52,"Embryologist, clinical",No,No,United States,Tennessee,,
CUST-297903,Abigail H. Daniels,Female,55,57,"Sound technician, broadcasting/film/video",Yes,No,United States,Tennessee,,
CUST-291596,Abigail X. Davis,Female,41,44,Psychotherapist,Yes,No,United States,Tennessee,,
CUST-195028,Hannah A. Greer,Female,47,69,"Psychologist, educational",No,Yes,United States,Tennessee,,
CUST-271761,Evelyn W. Green,Female,53,61,"Surveyor, mining",Yes,Yes,United States,Tennessee,,
CUST-462325,Madison Q. Walsh,Female,36,57,Equality and diversity officer,No,Yes,United States,Tennessee,,
CUST-534580,Audrey I. Perkins,Female,25,28,Intelligence analyst,No,Yes,United States,Tennessee,,
CUST-343726,Amelia B. Gross,Female,59,82,"Surveyor, commercial/residential",No,Yes,United States,Tennessee,,
CUST-308396,Brooklyn O. Rhodes,Female,36,48,"Restaurant manager, fast food",Yes,Yes,United States,Tennessee,,
CUST-781682,Leah J. Spencer,Female,51,57,Food technologist,No,Yes,United States,Tennessee,,
CUST-754617,Isabella E. McDonald,Female,21,39,Recycling officer,Yes,Yes,United States,Tennessee,,
CUST-848529,Sophia H. Weber,Female,46,52,Physiological scientist,Yes,Yes,United States,Tennessee,,
CUST-736562,Kennedy V. Ball,Female,26,41,Clinical biochemist,No,Yes,United States,Tennessee,,
CUST-710736,Charlotte O. Roberts,Female,47,65,"Journalist, broadcasting",No,Yes,United States,Tennessee,,
CUST-612538,Charlotte I. Quinn,Female,37,50,Hospital doctor,Yes,Yes,United States,Tennessee,,
CUST-483494,Anna L. Jennings,Female,26,43,Biomedical scientist,Yes,Yes,United States,Tennessee,,
CUST-295941,Evelyn B. Norman,Female,52,72,General practice doctor,No,Yes,United States,Tennessee,,
CUST-962512,Allison L. Grant,Female,43,49,Air traffic controller,Yes,Yes,United States,Tennessee,,
CUST-166740,Anna E. Silva,Female,57,82,Senior tax professional/tax inspector,No,Yes,United States,Tennessee,,
CUST-650975,Natalie P. Larson,Female,35,57,Building surveyor,Yes,Yes,United States,Tennessee,,
CUST-710980,Leah W. Davis,Female,34,48,Dancer,Yes,Yes,United States,Tennessee,,
CUST-992359,Elizabeth A. Parker,Female,40,41,"Psychologist, sport and exercise",Yes,Yes,United States,Tennessee,,
CUST-571304,Audrey T. Morrison,Female,41,55,Forensic scientist,No,Yes,United States,Tennessee,,
CUST-665766,Amelia H. Burke,Female,41,62,Computer games developer,Yes,Yes,United States,Tennessee,,
CUST-984267,Claire Q. Sims,Female,57,75,Production engineer,No,Yes,United States,Tennessee,,
CUST-307307,Isabella F. Perry,Female,60,70,Adult guidance worker,No,Yes,United States,Tennessee,,
CUST-470596,Eleanor V. James,Female,43,52,Youth worker,Yes,Yes,United States,Tennessee,,
CUST-674026,Lucy G. Graves,Female,51,76,"Education officer, community",No,Yes,United States,Tennessee,,
CUST-933368,Grace X. Warren,Female,28,30,"Investment banker, corporate",Yes,Yes,United States,Tennessee,,
CUST-175606,Stella N. Gordon,Female,31,44,Higher education lecturer,Yes,Yes,United States,Tennessee,,
CUST-271104,Audrey D. McGee,Female,56,62,Administrator,No,Yes,United States,Tennessee,,
CUST-316134,Hannah I. Morgan,Female,29,54,Personal assistant,No,Yes,United States,Tennessee,,
CUST-380741,Amelia Y. Brown,Female,30,41,Systems developer,Yes,Yes,United States,Tennessee,,
CUST-746859,Lauren H. Hammond,Female,57,80,Land/geomatics surveyor,No,Yes,United States,Tennessee,,
CUST-138406,Emma T. Burke,Female,36,60,Retail buyer,No,Yes,United States,Tennessee,,
CUST-929388,Sophia B. Wells,Female,23,39,Personal assistant,Yes,Yes,United States,Tennessee,,
CUST-651057,Olivia P. Austin,Female,49,52,Chief of Staff,No,Yes,United States,Tennessee,,
CUST-640595,Violet R. Cunningham,Female,53,57,Furniture designer,No,Yes,United States,Tennessee,,
CUST-143580,Madison K. Weaver,Female,23,28,Theatre director,No,Yes,United States,Tennessee,,
CUST-658357,Amelia T. Cunningham,Female,37,60,Proofreader,No,Yes,United States,Tennessee,,
CUST-662580,Addison B. Alvarado,Female,59,84,Magazine features editor,Yes,Yes,United States,Tennessee,,
CUST-451558,Lily Y. Marshall,Female,41,59,"Engineer, communications",Yes,Yes,United States,Tennessee,,
CUST-453108,Elizabeth W. Fitzgerald,Female,57,70,Chartered certified accountant,Yes,Yes,United States,Tennessee,,
CUST-561927,Claire O. White,Female,53,71,Operational investment banker,Yes,Yes,United States,Tennessee,,
CUST-499199,Lucy Q. Brown,Female,46,68,Multimedia programmer,Yes,Yes,United States,Tennessee,,
CUST-238354,Abigail F. Bailey,Female,43,60,Landscape architect,No,Yes,United States,Tennessee,,
CUST-720496,Abigail V. Vargas,Female,36,50,Operational investment banker,Yes,Yes,United States,Tennessee,,
CUST-896810,Violet A. Weaver,Female,54,60,"Administrator, local government",Yes,Yes,United States,Tennessee,,
CUST-850546,Stella J. Carr,Female,47,49,Community development worker,Yes,Yes,United States,Tennessee,,
CUST-145969,Alice N. West,Female,58,81,Naval architect,No,Yes,United States,Tennessee,,
CUST-656442,Emma X. Marshall,Female,44,49,"Nurse, mental health",Yes,Yes,United States,Tennessee,,
CUST-476341,Lily B. Watts,Female,28,46,"Engineer, technical sales",No,Yes,United States,Tennessee,,
CUST-359236,Chloe O. Castro,Female,39,40,Chartered loss adjuster,Yes,Yes,United States,Tennessee,,
CUST-486052,Caroline I. Coleman,Female,28,41,"Accountant, chartered management",Yes,Yes,United States,Tennessee,,
CUST-171874,Hannah D. Lynch,Female,51,53,Research scientist (physical sciences),Yes,Yes,United States,Tennessee,,
CUST-135284,Charlotte U. Nelson,Female,26,34,"Research officer, political party",Yes,Yes,United States,Tennessee,,
CUST-397274,Allison Z. Rowe,Female,43,56,"Psychologist, counselling",Yes,Yes,United States,Tennessee,,
CUST-166217,Charlotte G. Pena,Female,40,64,Broadcast engineer,Yes,Yes,United States,Tennessee,,
CUST-637025,Anna Q. Padilla,Female,40,52,"Administrator, Civil Service",No,Yes,United States,Tennessee,,
CUST-942782,Eleanor T. Kelly,Female,24,26,"Clinical scientist, histocompatibility and immunogenetics",Yes,Yes,United States,Tennessee,,
CUST-259027,Madison C. Reyes,Female,52,72,Ranger/warden,No,Yes,United States,Tennessee,,
CUST-167159,Henry V. Hampton,Female,31,40,Trade mark attorney,No,Yes,United States,Tennessee,,
CUST-781645,Lucy V. Peters,Female,54,72,Fisheries officer,Yes,Yes,United States,Tennessee,,
CUST-426553,Violet L. Malone,Female,30,37,Health and safety inspector,Yes,Yes,United States,Tennessee,,
CUST-849990,Abigail C. Ortega,Female,43,55,Television production assistant,No,Yes,United States,Tennessee,,
CUST-515318,Emma C. Curry,Female,39,60,Bonds trader,Yes,Yes,United States,Tennessee,,
CUST-808607,Allison S. Edwards,Female,21,32,Oncologist,Yes,Yes,United States,Tennessee,,
CUST-205514,Nora O. Horton,Female,24,34,"Pilot, airline",Yes,Yes,United States,Tennessee,,
CUST-796629,Madison K. Strickland,Female,23,34,Museum/gallery curator,No,Yes,United States,Tennessee,,
CUST-113617,Isabella L. Graham,Female,30,42,Patent examiner,Yes,Yes,United States,Tennessee,,
CUST-724496,Sophia O. Stone,Female,41,43,Sales promotion account executive,No,Yes,United States,Tennessee,,
CUST-314366,Leah Q. May,Female,33,46,Statistician,No,Yes,United States,Tennessee,,
CUST-538206,Emma C. Black,Female,35,50,Financial trader,Yes,Yes,United States,Tennessee,,
CUST-584143,Violet P. Fernandez,Female,27,32,Planning and development surveyor,No,Yes,United States,Tennessee,,
CUST-892242,Hailey X. Matthews,Female,52,62,Early years teacher,No,Yes,United States,Tennessee,,
CUST-679835,Allison K. Terry,Female,57,65,Surgeon,Yes,Yes,United States,Tennessee,,
CUST-414399,Addison W. Wood,Female,57,63,Community arts worker,Yes,Yes,United States,Tennessee,,
CUST-570760,Brooklyn R. Davidson,Female,42,64,"Investment banker, corporate",Yes,Yes,United States,Tennessee,,
CUST-211732,Lucy K. Guzman,Female,46,48,Medical secretary,Yes,Yes,United States,Arizona,,
CUST-704903,Lauren Q. Ingram,Female,52,55,Recycling officer,Yes,Yes,United States,Arizona,,
CUST-859907,Natalie K. Mendoza,Female,20,45,Sales promotion account executive,No,Yes,United States,Arizona,,
CUST-688526,Julia V. Arnold,Female,55,77,Purchasing manager,No,Yes,United States,Arizona,,
CUST-484331,Emma Z. Ferguson,Female,58,65,"Psychologist, prison and probation services",Yes,Yes,United States,Arizona,,
CUST-587708,Anna C. Horton,Female,57,65,Tour manager,No,Yes,United States,Arizona,,
CUST-139085,Hannah Q. Wheeler,Female,37,52,"Nurse, adult",No,Yes,United States,Arizona,,
CUST-539419,Isabella U. Lawrence,Female,32,43,Regulatory affairs officer,Yes,Yes,United States,Arizona,,
CUST-276372,Hannah V. Patton,Female,25,39,Network engineer,Yes,Yes,United States,Arizona,,
CUST-487632,Lauren K. Santos,Female,37,45,Learning disability nurse,Yes,Yes,United States,Arizona,,
CUST-701481,Savannah W. Page,Female,18,34,Barrister,Yes,Yes,United States,Arizona,,
CUST-410334,Sophia W. Berry,Female,21,39,Ecologist,Yes,Yes,United States,Arizona,,
CUST-732073,Nora F. Rose,Female,44,59,"Scientist, clinical (histocompatibility and immunogenetics)",Yes,Yes,United States,Arizona,,
CUST-664362,Allison P. Harmon,Female,21,42,"Engineer, control and instrumentation",No,Yes,United States,Arizona,,
CUST-301349,Grace Q. George,Female,19,28,"Scientist, forensic",No,Yes,United States,Arizona,,
CUST-398811,Victoria N. Bailey,Female,49,74,Operational investment banker,Yes,Yes,United States,Arizona,,
CUST-944841,Addison H. Robertson,Female,44,51,"Designer, exhibition/display",Yes,Yes,United States,Arizona,,
CUST-159481,Sarah J. Rowe,Female,26,44,Primary school teacher,No,Yes,United States,Arizona,,
CUST-614911,Grace U. Carlson,Female,44,61,"Scientist, audiological",Yes,Yes,United States,Arizona,,
CUST-125677,Olivia V. Griffin,Female,28,49,Maintenance engineer,Yes,Yes,United States,Arizona,,
CUST-434590,Abigail I. Webb,Female,41,42,Medical illustrator,No,Yes,United States,Arizona,,
CUST-139742,Evelyn F. Miller,Female,33,34,"Editor, magazine features",No,Yes,United States,Arizona,,
CUST-443297,Nora Z. Lucas,Female,46,50,IT trainer,Yes,Yes,United States,Arizona,,
CUST-583087,Nora A. Warner,Female,47,48,Geophysical data processor,No,Yes,United States,Arizona,,
CUST-568373,Eleanor Y. Swanson,Female,42,55,Heritage manager,No,Yes,United States,Arizona,,
CUST-457501,Audrey G. Delgado,Female,58,83,Horticultural consultant,No,Yes,United States,Arizona,,
CUST-344939,Rachel F. Cummings,Female,51,66,Holiday representative,Yes,Yes,United States,Arizona,,
CUST-241426,Chloe I. Sims,Female,24,43,Civil Service fast streamer,No,Yes,United States,Arizona,,
CUST-950034,Isabella O. McGee,Female,25,50,"Psychotherapist, dance movement",Yes,Yes,United States,Arizona,,
CUST-260254,Caroline L. Tyler,Female,19,24,Archivist,Yes,Yes,United States,Arizona,,
CUST-717202,Sophia Y. Alvarez,Female,27,47,Garment/textile technologist,Yes,Yes,United States,Arizona,,
CUST-560752,Lucy B. Francis,Female,19,29,Agricultural consultant,No,Yes,United States,Arizona,,
CUST-801847,Eleanor M. Parks,Female,54,64,"Civil engineer, consulting",No,Yes,United States,Arizona,,
CUST-201667,Allison N. Burgess,Female,31,53,Web designer,Yes,Yes,United States,Arizona,,
CUST-293970,Rachel N. Delgado,Female,31,34,Prison officer,No,Yes,United States,Arizona,,
CUST-490139,Sophia Z. Powers,Female,60,71,Theme park manager,No,Yes,United States,Arizona,,
CUST-850982,Caroline B. Phillips,Female,42,58,Veterinary surgeon,No,Yes,United States,Arizona,,
CUST-638487,Kennedy W. Valdez,Female,36,44,"Doctor, general practice",Yes,Yes,United States,Arizona,,
CUST-378381,Emma A. Price,Female,22,41,Pensions consultant,Yes,Yes,United States,Arizona,,
CUST-921429,Sophia P. Bell,Female,47,49,"Horticulturist, amenity",No,Yes,United States,Arizona,,
CUST-826151,Addison H. Perkins,Female,18,37,Financial controller,No,Yes,United States,Arizona,,
CUST-921075,Rachel G. Curry,Female,52,59,Medical illustrator,Yes,Yes,United States,Arizona,,
CUST-247714,Elizabeth C. Henry,Female,37,62,Commercial horticulturist,Yes,Yes,United States,Arizona,,
CUST-883139,Madison B. Powell,Female,40,43,Fisheries officer,No,Yes,United States,Arizona,,
CUST-622571,Brooklyn Q. Perkins,Female,52,74,Volunteer coordinator,Yes,Yes,United States,Arizona,,
CUST-680968,Chloe U. Reese,Female,57,74,Public relations officer,Yes,Yes,United States,Arizona,,
CUST-920426,Alice O. Kennedy,Female,51,76,Fashion designer,No,Yes,United States,Arizona,,
CUST-386522,Chloe N. Wood,Female,57,70,"Therapist, art",Yes,Yes,United States,Arizona,,
CUST-519892,Allison H. Vaughn,Female,43,51,Production engineer,No,Yes,United States,Arizona,,
CUST-943022,Brooklyn N. Powers,Female,45,48,Exercise physiologist,No,Yes,United States,Arizona,,
CUST-749469,Julia M. Higgins,Female,29,53,Sports coach,Yes,Yes,United States,Arizona,,
CUST-326377,Allison U. Olson,Female,22,37,"Solicitor, Scotland",Yes,Yes,United States,Arizona,,
CUST-681134,Abigail Z. Daniels,Female,32,57,"Psychotherapist, child",Yes,Yes,United States,Arizona,,
CUST-681861,Brooklyn A. Young,Female,60,85,Audiological scientist,No,Yes,United States,Arizona,,
CUST-602265,Rachel O. Alvarado,Female,25,29,Orthoptist,Yes,Yes,United States,Arizona,,
CUST-154318,Sophia F. Hines,Female,57,59,Housing manager/officer,Yes,Yes,United States,Arizona,,
CUST-674784,Anna N. Cox,Female,24,28,Publishing rights manager,No,Yes,United States,Arizona,,
CUST-272565,Evelyn E. Lynch,Female,35,57,Art gallery manager,Yes,Yes,United States,Arizona,,
CUST-873402,Brooklyn G. Wade,Female,30,55,Museum/gallery conservator,No,Yes,United States,Arizona,,
CUST-295988,Stella S. Lowe,Female,22,39,Child psychotherapist,No,Yes,United States,Arizona,,
CUST-549915,Evelyn Q. Potter,Female,45,51,"Administrator, local government",Yes,Yes,United States,Arizona,,
CUST-328550,Violet Q. Lambert,Female,54,55,Insurance account manager,No,Yes,United States,Arizona,,
CUST-536821,Olivia A. Berry,Female,55,73,Civil Service administrator,No,Yes,United States,Arizona,,
CUST-288835,Brooklyn U. Sherman,Female,54,66,Special educational needs teacher,No,Yes,United States,Arizona,,
CUST-960806,Caroline X. Jenkins,Female,29,42,"Programmer, multimedia",Yes,Yes,United States,Arizona,,
CUST-453831,Elizabeth O. Aguilar,Female,31,37,"Buyer, industrial",Yes,Yes,United States,Arizona,,
CUST-313655,Elizabeth L. Yates,Female,42,58,Learning mentor,Yes,Yes,United States,Arizona,,
CUST-653538,Hailey B. Reese,Female,45,53,Product manager,Yes,Yes,United States,Arizona,,
CUST-269811,Charlotte S. Schultz,Female,53,76,"Engineer, petroleum",Yes,Yes,United States,Arizona,,
CUST-374604,Natalie Z. Townsend,Female,40,61,Arts development officer,No,Yes,United States,Arizona,,
CUST-808741,Olivia L. Aguilar,Female,36,37,"Designer, textile",Yes,Yes,United States,Arizona,,
CUST-583217,Grace Y. Gonzales,Female,42,56,Associate Professor,Yes,Yes,United States,Arizona,,
CUST-543066,Stella B. Sullivan,Female,25,38,Travel agency manager,No,Yes,United States,Arizona,,
CUST-316531,Hannah B. Taylor,Female,35,60,Secondary school teacher,No,Yes,United States,Arizona,,
CUST-439541,Caroline X. Castillo,Female,30,41,"Education officer, environmental",No,Yes,United States,Arizona,,
CUST-557451,Chloe H. Schultz,Female,48,50,Paediatric nurse,No,Yes,United States,Arizona,,
CUST-838683,Sarah G. Richardson,Female,47,54,Publishing copy,Yes,Yes,United States,Arizona,,
CUST-598393,Caroline V. McGee,Female,58,68,"Administrator, charities/voluntary organisations",Yes,Yes,United States,Arizona,,
CUST-854415,Sarah C. Cole,Female,47,65,Geographical information systems officer,No,Yes,United States,Arizona,,
CUST-130505,Madison I. Nelson,Female,52,69,Patent examiner,Yes,Yes,United States,Arizona,,
CUST-424044,Emma Y. Holmes,Female,50,62,Proofreader,Yes,Yes,United States,Arizona,,
CUST-184452,Leah W. Curtis,Female,54,55,"Designer, blown glass/stained glass",Yes,Yes,United States,Arizona,,
CUST-784759,Grace B. Silva,Female,59,65,Facilities manager,No,Yes,United States,Arizona,,
CUST-597856,Abigail D. Clark,Female,21,35,"Scientist, research (physical sciences)",No,Yes,United States,Arizona,,
CUST-480115,Savannah Z. Barnes,Female,36,42,"Development worker, international aid",No,Yes,United States,Arizona,,
CUST-375371,Stella R. Cross,Female,49,68,Neurosurgeon,No,No,United States,Arizona,,
CUST-497039,Leah Q. Richards,Female,37,47,Water quality scientist,Yes,No,United States,Arizona,,
CUST-924597,Isabella W. Bowman,Female,31,46,Structural engineer,No,No,United States,Arizona,,
CUST-301358,Audrey D. Price,Female,43,52,Paediatric nurse,Yes,No,United States,Arizona,,
CUST-663104,Emma K. Stanley,Female,38,62,"Engineer, site",Yes,No,United States,Arizona,,
CUST-517575,Nora N. Meyer,Female,39,52,"Designer, exhibition/display",Yes,No,United States,Arizona,,
CUST-909506,Eleanor E. Warren,Female,22,37,Forest/woodland manager,No,No,United States,Arizona,,
CUST-761456,Allison L. Carpenter,Female,45,53,Counselling psychologist,No,No,United States,Arizona,,
CUST-746497,Grace U. White,Female,26,36,Community development worker,No,No,United States,Arizona,,
CUST-119747,Hannah O. Holmes,Female,56,74,"Programme researcher, broadcasting/film/video",Yes,No,United States,Arizona,,
CUST-747438,Nora Y. Henderson,Female,39,42,Catering manager,Yes,No,United States,Arizona,,
CUST-390911,Stella S. Pope,Female,21,27,Regulatory affairs officer,Yes,No,United States,Arizona,,
CUST-899294,Lauren F. Tyler,Female,52,59,"Loss adjuster, chartered",No,No,United States,Arizona,,
CUST-931708,Savannah Y. Grant,Female,24,43,Oceanographer,No,No,United States,Arizona,,
CUST-352906,Hailey W. Hawkins,Female,36,37,Fine artist,No,No,United States,Arizona,,
CUST-237908,Alice R. Chapman,Female,23,24,Multimedia specialist,Yes,No,United States,Arizona,,
CUST-889067,Natalie E. Caldwell,Female,38,46,Bookseller,No,No,United States,Arizona,,
CUST-654678,Isabella J. Maxwell,Female,36,61,"Surveyor, land/geomatics",No,No,United States,Arizona,,
CUST-681633,Amelia A. Henderson,Female,45,68,Bookseller,Yes,No,United States,Arizona,,
CUST-429987,Claire G. Doyle,Female,41,66,Mental health nurse,No,No,United States,Arizona,,
CUST-825670,Anna D. Cannon,Female,38,49,Intelligence analyst,No,No,United States,Arizona,,
CUST-627833,Alice O. Oliver,Female,33,35,Television production assistant,Yes,No,United States,Arizona,,
CUST-635381,Alice R. Brewer,Female,58,60,Pension scheme manager,No,No,United States,Arizona,,
CUST-751842,Eleanor V. Wade,Female,20,43,Ceramics designer,No,No,United States,Arizona,,
CUST-686007,Leah X. Cooper,Female,43,55,"Engineer, aeronautical",No,No,United States,Arizona,,
CUST-696190,Stella C. Bryant,Female,57,65,"Engineer, water",No,No,United States,Arizona,,
CUST-683263,Grace N. Reid,Female,42,48,Medical secretary,Yes,No,United States,Arizona,,
CUST-473356,Grace D. Owens,Female,27,29,Solicitor,Yes,No,United States,Arizona,,
CUST-339529,Leah Z. Goodwin,Female,27,52,Data scientist,No,No,United States,Arizona,,
CUST-524106,Lily Y. Young,Female,55,65,IT trainer,No,No,United States,Arizona,,
CUST-450006,Victoria K. Duncan,Female,23,39,Colour technologist,Yes,No,United States,Arizona,,
CUST-980147,Sarah E. Lynch,Female,53,65,Teaching laboratory technician,Yes,No,United States,Arizona,,
CUST-154557,Victoria T. Hamilton,Female,55,70,Insurance account manager,Yes,No,United States,Arizona,,
CUST-492300,Violet S. Wright,Female,33,50,Dancer,Yes,No,United States,Arizona,,
CUST-186845,Rachel S. Lowe,Female,42,59,Building control surveyor,No,No,United States,Arizona,,
CUST-209993,Evelyn I. Dunn,Female,27,40,Mechanical engineer,No,No,United States,Arizona,,
CUST-960610,Elizabeth F. Martin,Female,53,59,Chiropractor,Yes,No,United States,Arizona,,
CUST-125837,Nora H. McCarthy,Female,54,68,Press sub,Yes,No,United States,Arizona,,
CUST-707639,Amelia D. Powers,Female,45,50,Clinical embryologist,No,No,United States,Arizona,,
CUST-588737,Julia H. Chapman,Female,40,48,Product/process development scientist,Yes,No,United States,Arizona,,
CUST-286022,Lauren K. Edwards,Female,57,63,Accounting technician,No,No,United States,Arizona,,
CUST-860645,Amelia S. Nunez,Female,22,46,Phytotherapist,No,No,United States,Arizona,,
CUST-396729,Addison S. Greer,Female,56,60,Publishing rights manager,No,No,United States,Arizona,,
CUST-126998,Violet F. Payne,Female,42,53,"Engineer, site",Yes,No,United States,Arizona,,
CUST-715168,Sarah B. Cole,Female,30,52,Community development worker,No,No,United States,Arizona,,
CUST-778777,Rachel D. Harvey,Female,49,54,Homeopath,Yes,No,United States,Arizona,,
CUST-763789,Leah M. Rivera,Female,57,59,Company secretary,Yes,No,United States,Arizona,,
CUST-712073,Hannah W. Walsh,Female,30,41,"Nurse, learning disability",No,No,United States,Arizona,,
CUST-631506,Abigail K. Martin,Female,24,41,Fisheries officer,No,No,United States,Arizona,,
CUST-673078,Lily C. Myers,Female,60,71,Early years teacher,Yes,No,United States,Arizona,,
CUST-654259,Leah E. Nelson,Female,46,63,"Investment banker, operational",Yes,No,United States,Arizona,,
CUST-537659,Stella K. Salazar,Female,30,53,Technical author,No,No,United States,Arizona,,
CUST-574737,Abigail H. Curry,Female,20,26,"Psychologist, educational",Yes,No,United States,Arizona,,
CUST-273476,Nora P. Alvarez,Female,19,27,Art gallery manager,No,No,United States,Arizona,,
CUST-784600,Brooklyn Y. Gardner,Female,49,68,Police officer,No,No,United States,Arizona,,
CUST-719507,Hannah F. Arnold,Female,57,74,Data scientist,Yes,No,United States,Arizona,,
CUST-220054,Natalie T. Collins,Female,27,47,Building surveyor,No,No,United States,Arizona,,
CUST-425186,Savannah Z. Lowe,Female,26,46,"Buyer, retail",No,No,United States,Arizona,,
CUST-543784,Alice P. Ortiz,Female,45,66,"Engineer, energy",Yes,No,United States,Arizona,,
CUST-495175,Olivia Y. Lindsey,Female,54,57,"Psychologist, sport and exercise",No,No,United States,Arizona,,
CUST-531292,Chloe S. Robbins,Female,46,55,Commissioning editor,Yes,No,United States,Arizona,,
CUST-419435,Julia Y. Strickland,Female,52,58,International aid/development worker,No,No,United States,Arizona,,
CUST-600307,Connor Q. Lawson,Female,29,39,"Research officer, government",Yes,No,United States,Arizona,,
CUST-726958,Audrey M. Wade,Female,31,50,Careers adviser,No,No,United States,Arizona,,
CUST-234078,Lily K. Burke,Female,49,73,"Scientist, forensic",Yes,No,United States,Arizona,,
CUST-222261,Caroline Y. Hayes,Female,30,41,Passenger transport manager,Yes,No,United States,Arizona,,
CUST-308384,Isabella W. Yates,Female,51,69,Operations geologist,No,No,United States,Arizona,,
CUST-936473,Allison A. Knight,Female,58,76,Equality and diversity officer,No,No,United States,Arizona,,
CUST-569996,Victoria X. Anderson,Female,18,34,Pathologist,No,No,United States,Arizona,,
CUST-490742,Elizabeth H. McDonald,Female,56,72,"Administrator, sports",Yes,No,United States,Arizona,,
CUST-216857,Evelyn H. Cross,Female,60,74,Agricultural engineer,Yes,No,United States,Arizona,,
CUST-617282,Nora P. Patton,Female,33,47,Local government officer,No,No,United States,Arizona,,
CUST-491632,Elizabeth S. Ramos,Female,30,46,Bookseller,Yes,No,United States,Arizona,,
CUST-580178,Grace P. Guzman,Female,37,40,Risk analyst,No,No,United States,Arizona,,
CUST-879173,Alice U. Sutton,Female,48,53,"Teacher, early years/pre",Yes,No,United States,Arizona,,
CUST-832272,Isabella D. Rodgers,Female,56,69,Chartered certified accountant,No,No,United States,Arizona,,
CUST-989663,Amelia X. Day,Female,31,34,IT technical support officer,Yes,No,United States,Arizona,,
CUST-308848,Claire X. Schultz,Female,52,77,Regulatory affairs officer,No,No,United States,Arizona,,
CUST-372736,Eleanor P. Henderson,Female,35,60,Sub,No,No,United States,Arizona,,
CUST-903161,Natalie D. Baldwin,Female,56,75,Newspaper journalist,Yes,No,United States,Arizona,,
CUST-598024,Addison X. Thornton,Female,44,56,Heritage manager,No,No,United States,Arizona,,
CUST-382807,Hailey C. Norman,Female,36,49,Bookseller,Yes,No,United States,Arizona,,
CUST-359946,Allison D. Goodwin,Female,27,34,Scientific laboratory technician,No,No,United States,Arizona,,
CUST-263800,Matthew B. Adkins,Female,55,78,"Administrator, charities/voluntary organisations",No,No,United States,Arizona,,
CUST-383691,Olivia C. Bell,Female,30,38,Pension scheme manager,Yes,No,United States,Arizona,,
CUST-919742,Natalie H. Craig,Female,20,27,Statistician,Yes,No,United States,Arizona,,
CUST-897479,Natalie G. Sanders,Female,49,63,Petroleum engineer,No,No,United States,Arizona,,
CUST-786510,Stella Y. Hardy,Female,44,58,Actor,No,No,United States,Arizona,,
CUST-324867,Isabella C. Rhodes,Female,37,45,Patent examiner,Yes,No,United States,Arizona,,
CUST-797589,Lily N. Castillo,Female,28,43,Customer service manager,No,No,United States,Arizona,,
CUST-357937,Abigail J. Becker,Female,52,58,Health and safety inspector,Yes,No,United States,Arizona,,
CUST-565229,Chloe W. Ward,Female,46,69,"Engineer, control and instrumentation",Yes,No,United States,Arizona,,
CUST-384786,Sarah D. Holmes,Female,36,60,Clinical cytogeneticist,No,No,United States,Arizona,,
CUST-280982,Evelyn C. Page,Female,35,39,Physiotherapist,No,No,United States,Arizona,,
CUST-760830,Natalie S. Stanley,Female,47,64,Mental health nurse,Yes,No,United States,Georgia,,
CUST-598709,Lucy P. Fields,Female,49,61,"Sales professional, IT",Yes,No,United States,Georgia,,
CUST-452730,Isabella D. Bowen,Female,55,70,"Surveyor, insurance",No,No,United States,Georgia,,
CUST-510521,Victoria R. Osborne,Female,21,38,Arts development officer,No,No,United States,Georgia,,
CUST-329751,Elizabeth S. Malone,Female,59,77,Chiropractor,Yes,No,United States,Georgia,,
CUST-796912,Abigail B. Farmer,Female,43,54,Pharmacologist,Yes,No,United States,Georgia,,
CUST-944492,Isabella Y. Carlson,Female,31,40,Primary school teacher,Yes,No,United States,Georgia,,
CUST-154066,Chloe M. Griffin,Female,32,39,Control and instrumentation engineer,No,No,United States,Georgia,,
CUST-762693,Hannah A. Tyler,Female,50,56,Amenity horticulturist,No,No,United States,Georgia,,
CUST-765280,Brooklyn E. Price,Female,18,41,"Accountant, chartered management",Yes,No,United States,Georgia,,
CUST-353611,Stella H. Herrera,Female,48,49,Theatre stage manager,Yes,No,United States,Georgia,,
CUST-952316,Audrey O. Schultz,Female,30,32,Social researcher,No,No,United States,Georgia,,
CUST-524827,Abigail R. Johnston,Female,59,77,Animal nutritionist,Yes,No,United States,Georgia,,
CUST-243056,Natalie F. Oliver,Female,28,48,Professor Emeritus,No,No,United States,Georgia,,
CUST-811427,Savannah W. Schmidt,Female,55,61,International aid/development worker,No,No,United States,Georgia,,
CUST-664505,Victoria R. Gibson,Female,29,50,Therapeutic radiographer,No,No,United States,Georgia,,
CUST-124164,Nora I. Cummings,Female,27,49,"Therapist, horticultural",No,No,United States,Georgia,,
CUST-938883,Claire V. Bennett,Female,37,39,Armed forces training and education officer,Yes,No,United States,Georgia,,
CUST-320221,Charlotte M. Cobb,Female,23,39,Microbiologist,Yes,No,United States,Georgia,,
CUST-503919,Hailey K. Nguyen,Female,41,52,Futures trader,Yes,No,United States,Georgia,,
CUST-636787,Sarah O. Richards,Female,32,45,"Administrator, education",No,No,United States,Georgia,,
CUST-893746,Julia W. Ingram,Female,38,44,"Research officer, political party",Yes,No,United States,Georgia,,
CUST-923817,Eleanor N. Henry,Female,40,55,Records manager,No,No,United States,Georgia,,
CUST-127536,Amelia A. Smith,Female,59,82,"Civil engineer, contracting",No,No,United States,Georgia,,
CUST-173540,Alice Z. Day,Female,43,55,"Scientist, clinical (histocompatibility and immunogenetics)",Yes,No,United States,Georgia,,
CUST-167526,Elizabeth U. Neal,Female,38,42,Web designer,Yes,No,United States,Georgia,,
CUST-947236,Elizabeth D. Benson,Female,34,47,"Engineer, manufacturing",No,No,United States,Georgia,,
CUST-290455,Alice K. Dunn,Female,18,42,Industrial/product designer,Yes,No,United States,Georgia,,
CUST-506767,Brooklyn K. Henderson,Female,27,45,"Research officer, trade union",Yes,No,United States,Georgia,,
CUST-943651,Evelyn U. Green,Female,33,34,"Programmer, systems",No,No,United States,Georgia,,
CUST-156304,Violet V. Blake,Female,25,40,Film/video editor,No,No,United States,Georgia,,
CUST-307912,Savannah X. Armstrong,Female,35,59,Minerals surveyor,Yes,No,United States,Georgia,,
CUST-152262,Anna S. Hawkins,Female,38,48,Sales promotion account executive,Yes,No,United States,Georgia,,
CUST-170119,Hannah E. Freeman,Female,58,75,Actor,Yes,No,United States,Georgia,,
CUST-541628,Lily L. Pierce,Female,24,34,Call centre manager,No,No,United States,Georgia,,
CUST-692369,Rachel U. Dennis,Female,32,46,Fisheries officer,Yes,No,United States,Georgia,,
CUST-448907,Abigail F. McKinney,Female,41,61,Human resources officer,No,No,United States,Georgia,,
CUST-419351,Victoria M. Ball,Female,47,72,"Journalist, magazine",Yes,No,United States,Georgia,,
CUST-107746,Allison K. Silva,Female,51,66,Dancer,No,No,United States,Georgia,,
CUST-430140,Charlotte B. Fox,Female,39,41,"Engineer, maintenance",No,No,United States,Georgia,,
CUST-628980,Hailey W. Thompson,Female,26,48,"Designer, textile",Yes,No,United States,Georgia,,
CUST-310236,Savannah V. Newman,Female,32,50,Outdoor activities/education manager,No,No,United States,Georgia,,
CUST-500212,Stella E. Strickland,Female,27,28,Equities trader,No,No,United States,Georgia,,
CUST-756443,Addison K. Estrada,Female,45,46,Maintenance engineer,No,No,United States,Georgia,,
CUST-681291,Sophia E. Fowler,Female,19,42,Exercise physiologist,Yes,No,United States,Georgia,,
CUST-113503,Hannah K. Santiago,Female,28,48,Warehouse manager,Yes,No,United States,Georgia,,
CUST-670853,Emma F. Holt,Female,27,33,Drilling engineer,No,No,United States,Georgia,,
CUST-508227,Hailey V. Bryant,Female,37,52,Nutritional therapist,Yes,No,United States,Georgia,,
CUST-550687,Audrey Z. Baker,Female,19,33,Mining engineer,Yes,No,United States,Georgia,,
CUST-771448,Natalie K. Love,Female,49,62,Water engineer,No,No,United States,Georgia,,
CUST-856496,Alice Z. Reed,Female,41,60,Public relations account executive,Yes,No,United States,Georgia,,
CUST-830175,Sarah M. Craig,Female,47,61,Immunologist,No,No,United States,Georgia,,
CUST-967444,Olivia N. Russell,Female,34,44,Haematologist,No,No,United States,Georgia,,
CUST-302687,Victoria R. Garrett,Female,40,44,Equality and diversity officer,Yes,No,United States,Georgia,,
CUST-480026,Madison Y. Conner,Female,30,41,Learning mentor,No,No,United States,Georgia,,
CUST-283060,Abigail B. Lindsey,Female,35,45,Community development worker,No,No,United States,Georgia,,
CUST-381418,Amelia R. Moore,Female,42,59,Biomedical scientist,No,No,United States,Georgia,,
CUST-465781,Kennedy Z. Ortega,Female,35,41,Horticultural consultant,Yes,No,United States,Georgia,,
CUST-908814,Lily E. Chapman,Female,35,54,"Investment banker, operational",No,No,United States,Georgia,,
CUST-795348,Anna Z. Vasquez,Female,49,59,Pharmacologist,Yes,No,United States,Georgia,,
CUST-478808,Hailey T. Schneider,Female,48,50,"Engineer, biomedical",Yes,No,United States,Georgia,,
CUST-278054,Victoria K. Ortiz,Female,37,44,"Administrator, arts",Yes,No,United States,Georgia,,
CUST-761091,Charlotte F. Dennis,Female,41,47,"Scientist, product/process development",No,No,United States,Georgia,,
CUST-778910,Isabella L. Coleman,Female,22,39,Microbiologist,Yes,No,United States,Georgia,,
CUST-372906,Grace Q. Greer,Female,22,44,Medical laboratory scientific officer,Yes,No,United States,Georgia,,
CUST-542044,Anna D. Miller,Female,48,55,Volunteer coordinator,No,No,United States,Georgia,,
CUST-873806,Stella T. Gordon,Female,45,50,Forensic scientist,Yes,No,United States,Georgia,,
CUST-577859,Stella F. Lucas,Female,51,55,"Administrator, local government",Yes,No,United States,Georgia,,
CUST-236623,Audrey G. Andrews,Female,32,40,Technical sales engineer,No,No,United States,Georgia,,
CUST-498268,Savannah Q. Medina,Female,48,63,Early years teacher,No,No,United States,Georgia,,
CUST-228325,Leah W. Chandler,Female,25,48,"Psychologist, prison and probation services",No,No,United States,Georgia,,
CUST-137864,Olivia G. Stone,Female,27,47,Games developer,No,No,United States,Georgia,,
CUST-139263,Caroline K. Phillips,Female,38,57,Chief Financial Officer,Yes,No,United States,Georgia,,
CUST-726595,Anna N. Schmidt,Female,51,62,Clinical psychologist,No,No,United States,Georgia,,
CUST-151709,Grace D. Johnston,Female,22,34,Health and safety inspector,No,No,United States,Georgia,,
CUST-473055,Isabella C. Williams,Female,33,54,Armed forces operational officer,Yes,No,United States,Georgia,,
CUST-487229,Claire M. Harvey,Female,32,39,Dance movement psychotherapist,No,No,United States,Georgia,,
CUST-402731,Brooklyn J. Robbins,Female,20,40,"Engineer, aeronautical",Yes,No,United States,Georgia,,
CUST-622179,Julia B. Wallace,Female,25,43,Adult nurse,Yes,No,United States,Georgia,,
CUST-542540,Lauren O. Malone,Female,20,38,Architect,Yes,No,United States,Georgia,,
CUST-694963,Julia Y. Hines,Female,30,42,Teaching laboratory technician,Yes,No,United States,Georgia,,
CUST-642039,Madison B. Aguilar,Female,21,40,Museum/gallery curator,Yes,No,United States,Georgia,,
CUST-601232,Natalie W. McGee,Female,54,65,Product designer,Yes,No,United States,Georgia,,
CUST-508074,Charlotte G. Saunders,Female,23,46,Stage manager,Yes,No,United States,Georgia,,
CUST-158146,Leah J. Holmes,Female,53,54,Armed forces technical officer,Yes,No,United States,Georgia,,
CUST-695978,Sophia T. Gregory,Female,26,29,"Embryologist, clinical",No,No,United States,Georgia,,
CUST-147783,Allison P. Payne,Female,41,57,Water quality scientist,Yes,No,United States,Georgia,,
CUST-281141,Chloe Y. Watts,Female,21,41,Financial risk analyst,Yes,No,United States,Georgia,,
CUST-761732,Leah M. Ramsey,Female,20,23,Water engineer,No,Yes,United States,Georgia,,
CUST-835275,Kennedy H. James,Female,57,66,Database administrator,No,Yes,United States,Georgia,,
CUST-982009,Natalie I. Dixon,Female,56,64,Publishing copy,Yes,Yes,United States,Georgia,,
CUST-950790,Addison L. Jimenez,Female,36,53,Chief Operating Officer,Yes,Yes,United States,Georgia,,
CUST-262255,Hannah T. Pena,Female,52,67,Forest/woodland manager,No,Yes,United States,Georgia,,
CUST-810661,Grace J. Pope,Female,44,54,Geoscientist,Yes,Yes,United States,Georgia,,
CUST-102257,Charlotte Z. Frazier,Female,31,39,"Copywriter, advertising",No,Yes,United States,Georgia,,
CUST-761675,Audrey E. Weaver,Female,38,45,"Teacher, adult education",Yes,Yes,United States,Georgia,,
CUST-967340,Julia P. Herrera,Female,29,38,"Designer, television/film set",Yes,Yes,United States,Georgia,,
CUST-712517,Natalie S. Warren,Female,22,42,Pharmacologist,Yes,Yes,United States,Georgia,,
CUST-672962,Lucy Z. Greer,Female,58,73,"Engineer, materials",Yes,Yes,United States,Georgia,,
CUST-510056,Natalie F. Cobb,Female,38,57,Clinical cytogeneticist,Yes,Yes,United States,Georgia,,
CUST-746455,Lily I. Edwards,Female,22,32,"Engineer, automotive",No,Yes,United States,Georgia,,
CUST-538417,Claire W. Moss,Female,47,72,Site engineer,No,Yes,United States,Georgia,,
CUST-330185,Stella W. Stephens,Female,59,83,Special effects artist,Yes,Yes,United States,Georgia,,
CUST-409739,Lily I. Bell,Female,56,78,Fitness centre manager,No,Yes,United States,Georgia,,
CUST-724935,Olivia J. Fleming,Female,39,62,Chief Financial Officer,No,Yes,United States,Georgia,,
CUST-110242,Alice Q. Reese,Female,49,63,"Lecturer, higher education",Yes,Yes,United States,Georgia,,
CUST-805270,Rachel S. Hale,Female,37,40,Geographical information systems officer,Yes,Yes,United States,Georgia,,
CUST-950222,Elizabeth Z. Dean,Female,39,48,Archaeologist,Yes,Yes,United States,Georgia,,
CUST-274142,Julia R. Gibson,Female,25,47,Community pharmacist,No,Yes,United States,Georgia,,
CUST-830957,Abigail E. Spencer,Female,24,44,Multimedia specialist,Yes,Yes,United States,Georgia,,
CUST-689090,Hailey C. Chavez,Female,24,47,Public librarian,Yes,Yes,United States,Georgia,,
CUST-963468,Lucy Z. Yates,Female,30,41,Local government officer,No,Yes,United States,Georgia,,
CUST-183290,Eleanor T. Nguyen,Female,54,72,"Scientist, product/process development",No,Yes,United States,Georgia,,
CUST-368799,Leah I. Alvarado,Female,33,37,Trading standards officer,No,Yes,United States,Georgia,,
CUST-644603,Sarah U. Daniels,Female,22,40,"Journalist, magazine",Yes,Yes,United States,Georgia,,
CUST-522522,Natalie Y. Carpenter,Female,57,77,"Surveyor, insurance",No,Yes,United States,Georgia,,
CUST-581579,Hailey K. Graham,Female,31,41,Health promotion specialist,No,Yes,United States,Georgia,,
CUST-178411,Olivia V. Bates,Female,39,59,Medical laboratory scientific officer,Yes,Yes,United States,Georgia,,
CUST-679450,Sophia X. Daniels,Female,34,46,Broadcast engineer,No,Yes,United States,Georgia,,
CUST-251157,Nora I. McCoy,Female,20,37,Curator,Yes,Yes,United States,Georgia,,
CUST-813953,Lily W. Miller,Female,19,27,Building control surveyor,Yes,Yes,United States,Georgia,,
CUST-971904,Allison T. Jimenez,Female,37,56,"Engineer, technical sales",No,Yes,United States,Georgia,,
CUST-948481,Julia K. Watkins,Female,48,69,Aeronautical engineer,No,Yes,United States,Georgia,,
CUST-755305,Claire Y. Osborne,Female,19,28,Herbalist,Yes,Yes,United States,Georgia,,
CUST-661032,Chloe X. Carpenter,Female,24,41,Ophthalmologist,Yes,Yes,United States,Georgia,,
CUST-486405,Grace L. Sanders,Female,42,49,Counselling psychologist,Yes,Yes,United States,Georgia,,
CUST-293235,Lauren J. McDaniel,Female,20,36,Manufacturing systems engineer,No,Yes,United States,Georgia,,
CUST-620910,Brooklyn T. Williams,Female,55,73,Geographical information systems officer,No,Yes,United States,Georgia,,
CUST-989380,Lauren E. Stevens,Female,49,56,Civil Service fast streamer,Yes,Yes,United States,Georgia,,
CUST-969479,Anna L. Becker,Female,46,70,"Scientist, clinical (histocompatibility and immunogenetics)",Yes,Yes,United States,Georgia,,
CUST-618017,Elizabeth S. Robertson,Female,18,25,Textile designer,Yes,Yes,United States,Georgia,,
CUST-715138,Savannah W. Weber,Female,55,75,Financial trader,Yes,Yes,United States,Georgia,,
CUST-664103,Claire R. Walton,Female,37,42,Wellsite geologist,No,Yes,United States,Georgia,,
CUST-883729,Violet Y. Welch,Female,21,43,Research scientist (medical),No,Yes,United States,Georgia,,
CUST-117129,Natalie A. Sandoval,Female,42,62,"Engineer, land",Yes,Yes,United States,Georgia,,
CUST-252695,Audrey J. Griffin,Female,46,60,"Engineer, production",No,Yes,United States,Georgia,,
CUST-559453,Claire X. Barnett,Female,31,40,Art therapist,Yes,Yes,United States,Georgia,,
CUST-992554,Addison M. Guerrero,Female,30,31,Television/film/video producer,Yes,Yes,United States,Georgia,,
CUST-561647,Abigail C. Gross,Female,28,37,Educational psychologist,Yes,Yes,United States,Georgia,,
CUST-806527,Anna L. Flores,Female,58,68,"Surveyor, minerals",Yes,Yes,United States,Georgia,,
CUST-940345,Natalie X. Walker,Female,32,46,Animal technologist,Yes,Yes,United States,Georgia,,
CUST-725019,Grace O. Soto,Female,37,62,Chartered legal executive (England and Wales),Yes,Yes,United States,Georgia,,
CUST-716263,Abigail P. McKinney,Female,38,47,Air traffic controller,Yes,Yes,United States,Georgia,,
CUST-138630,Grace A. Hardy,Female,44,49,Research scientist (physical sciences),No,Yes,United States,Georgia,,
CUST-197855,Natalie S. Parks,Female,30,54,"Psychologist, educational",No,Yes,United States,Georgia,,
CUST-772972,Natalie F. Holt,Female,47,63,Financial controller,No,Yes,United States,Georgia,,
CUST-125005,Brooklyn S. Rivera,Female,59,78,Manufacturing engineer,Yes,Yes,United States,Georgia,,
CUST-243586,Grace S. Collins,Female,53,73,Chartered legal executive (England and Wales),No,Yes,United States,Georgia,,
CUST-884240,Olivia Y. Webb,Female,30,51,Information officer,No,Yes,United States,Georgia,,
CUST-274187,Victoria W. Lindsey,Female,38,63,"Psychotherapist, dance movement",Yes,Yes,United States,Georgia,,
CUST-275052,Addison A. Cobb,Female,48,63,"Designer, ceramics/pottery",Yes,Yes,United States,Georgia,,
CUST-953031,Julia A. Sandoval,Female,25,33,Control and instrumentation engineer,No,Yes,United States,Georgia,,
CUST-112226,Sarah F. Coleman,Female,26,36,"Accountant, chartered",No,Yes,United States,Georgia,,
CUST-582354,Audrey F. Medina,Female,43,57,"Accountant, chartered management",No,Yes,United States,Georgia,,
CUST-656797,Julia L. Fleming,Female,32,47,Insurance underwriter,Yes,Yes,United States,Georgia,,
CUST-170180,Lily P. Vaughn,Female,32,44,Freight forwarder,No,Yes,United States,Georgia,,
CUST-261910,Hailey O. Wade,Female,45,53,"Engineer, electrical",No,Yes,United States,Georgia,,
CUST-301099,Hannah R. Salazar,Female,32,42,Insurance underwriter,No,Yes,United States,Georgia,,
CUST-485231,Addison W. Blake,Female,37,49,"Surveyor, commercial/residential",No,Yes,United States,Georgia,,
CUST-504444,Nora S. Lawrence,Female,30,36,Chartered public finance accountant,Yes,Yes,United States,Georgia,,
CUST-926788,Caroline C. Hart,Female,37,46,Translator,No,Yes,United States,Georgia,,
CUST-641898,Leah N. Barnett,Female,46,56,"Engineer, structural",No,Yes,United States,Georgia,,
CUST-794495,Addison Q. Medina,Female,24,44,"Producer, radio",Yes,Yes,United States,Georgia,,
CUST-333435,Claire K. Ruiz,Female,50,61,Osteopath,No,Yes,United States,Georgia,,
CUST-106728,Madison X. Porter,Female,30,45,Lawyer,Yes,Yes,United States,Georgia,,
CUST-374282,Violet H. Davidson,Female,22,46,Theatre stage manager,No,Yes,United States,Georgia,,
CUST-557986,Julia G. Fowler,Female,35,44,Nature conservation officer,No,Yes,United States,Georgia,,
CUST-421955,Caroline Y. Moss,Female,20,42,Arts administrator,No,Yes,United States,Georgia,,
CUST-275164,Savannah T. Lucas,Female,58,69,"Nurse, adult",No,Yes,United States,Georgia,,
CUST-107943,Nora S. Payne,Female,46,69,Arts development officer,No,Yes,United States,Georgia,,
CUST-150933,Rachel Q. Knight,Female,35,40,Pension scheme manager,Yes,Yes,United States,Georgia,,
CUST-296055,Alice H. Curtis,Female,51,65,Network engineer,Yes,Yes,United States,Georgia,,
CUST-921098,Hannah B. Wallace,Female,41,50,Politician's assistant,Yes,Yes,United States,Georgia,,
CUST-887945,Caroline X. Nguyen,Female,55,68,IT consultant,No,Yes,United States,Georgia,,
CUST-555987,Claire Y. Owens,Female,39,59,Charity officer,No,Yes,United States,Georgia,,
CUST-712023,Addison L. Patton,Female,49,71,Quantity surveyor,No,Yes,United States,Georgia,,
CUST-496913,Claire P. Morales,Female,25,36,Museum/gallery conservator,Yes,Yes,United States,Georgia,,
CUST-325971,Anna H. Castillo,Female,33,53,Chartered accountant,No,Yes,United States,Georgia,,
CUST-711840,Olivia V. Coleman,Female,34,41,Town planner,Yes,Yes,United States,Georgia,,
CUST-796827,Lily L. Potter,Female,43,44,Tour manager,Yes,Yes,United States,Georgia,,
CUST-704767,Emma X. Mendoza,Female,18,25,"Psychologist, counselling",Yes,Yes,United States,Georgia,,
CUST-452837,Caroline G. Perry,Female,57,69,"Therapist, occupational",No,Yes,United States,Georgia,,
CUST-980229,Lauren R. Munoz,Female,24,39,Amenity horticulturist,Yes,Yes,United States,Georgia,,
CUST-773580,Caroline P. Crawford,Female,53,64,Building services engineer,Yes,Yes,United States,Georgia,,
CUST-664915,Savannah G. Reed,Female,24,38,Advertising account executive,No,Yes,United States,Georgia,,
CUST-217554,Charlotte G. Vasquez,Female,53,74,Geoscientist,Yes,Yes,United States,Georgia,,
CUST-967925,Savannah T. King,Female,39,56,Licensed conveyancer,No,Yes,United States,Georgia,,
CUST-554381,Rachel P. Taylor,Female,39,48,Corporate treasurer,No,Yes,United States,Georgia,,
CUST-797209,Grace I. James,Female,37,50,"Engineer, structural",No,Yes,United States,Georgia,,
CUST-529624,Alice K. Coleman,Female,46,49,Public house manager,Yes,Yes,United States,Georgia,,
CUST-117484,Julia W. Williams,Female,52,70,Advertising account planner,Yes,Yes,United States,Georgia,,
CUST-676703,Elizabeth G. Lawson,Female,22,41,"Teacher, primary school",No,Yes,United States,Georgia,,
CUST-795258,Audrey L. Gregory,Female,27,41,Ranger/warden,Yes,Yes,United States,Georgia,,
CUST-138890,Hannah Q. Terry,Female,52,53,Garment/textile technologist,No,No,United States,Ohio,,
CUST-925151,Leah I. Turner,Female,59,83,Insurance underwriter,Yes,No,United States,Ohio,,
CUST-250492,Sarah Y. Guzman,Female,23,41,"Engineer, structural",No,No,United States,Ohio,,
CUST-673382,Lily O. Brooks,Female,32,38,Civil Service administrator,Yes,No,United States,Ohio,,
CUST-306518,Rachel Y. Medina,Female,41,48,Actor,No,No,United States,Ohio,,
CUST-578871,Emma V. Kelly,Female,52,77,"Therapist, speech and language",Yes,No,United States,Ohio,,
CUST-912600,Emma E. Valdez,Female,34,48,Armed forces operational officer,Yes,No,United States,Ohio,,
CUST-513915,Chloe F. Howell,Female,27,40,Recycling officer,No,No,United States,Ohio,,
CUST-639577,Natalie P. Oliver,Female,21,35,Press photographer,Yes,No,United States,Ohio,,
CUST-960274,Lucy C. Blake,Female,20,29,Field trials officer,No,No,United States,Ohio,,
CUST-507108,Savannah A. Doyle,Female,56,66,"Journalist, newspaper",No,No,United States,Ohio,,
CUST-975265,Violet M. Perry,Female,50,67,Ergonomist,No,No,United States,Ohio,,
CUST-168695,Evelyn F. Fowler,Female,43,45,Therapeutic radiographer,No,No,United States,Ohio,,
CUST-733333,Christopher N. Gilbert,Female,59,77,Phytotherapist,Yes,No,United States,Ohio,,
CUST-115777,Audrey R. Young,Female,37,49,Artist,Yes,No,United States,Ohio,,
CUST-475529,Hannah B. Blair,Female,46,55,Writer,No,No,United States,Ohio,,
CUST-818380,Isabella B. Murphy,Female,23,41,Archivist,No,No,United States,Ohio,,
CUST-134111,Lucy H. Knight,Female,60,68,"Nurse, adult",Yes,No,United States,Ohio,,
CUST-546465,Addison L. Ferguson,Female,38,57,Community arts worker,No,No,United States,Ohio,,
CUST-878445,Sophia Q. Burke,Female,22,37,Personnel officer,Yes,No,United States,Ohio,,
CUST-685386,Emma F. Hawkins,Female,54,60,"Optician, dispensing",No,No,United States,Ohio,,
CUST-492338,Elizabeth Z. Romero,Female,38,47,"Designer, jewellery",No,No,United States,Ohio,,
CUST-968617,Madison A. Alexander,Female,55,78,Horticultural consultant,Yes,No,United States,Ohio,,
CUST-422932,Leah N. Young,Female,49,55,"Surveyor, quantity",No,No,United States,Ohio,,
CUST-352636,Chloe D. George,Female,59,84,Control and instrumentation engineer,No,No,United States,Ohio,,
CUST-600268,Caroline Q. Cox,Female,22,25,Waste management officer,Yes,No,United States,Ohio,,
CUST-878052,Brooklyn F. Higgins,Female,49,68,Biomedical engineer,Yes,No,United States,Ohio,,
CUST-838269,Emma L. Potter,Female,33,43,Sub,No,No,United States,Ohio,,
CUST-668214,Brooklyn F. Estrada,Female,26,27,Naval architect,Yes,No,United States,Ohio,,
CUST-946144,Natalie C. Lambert,Female,58,71,"Psychotherapist, dance movement",Yes,No,United States,Ohio,,
CUST-834364,Hailey P. Murray,Female,56,73,Writer,Yes,No,United States,Ohio,,
CUST-864141,Evelyn N. Sherman,Female,37,53,Chiropractor,No,No,United States,Ohio,,
CUST-333871,Grace D. Doyle,Female,23,37,Tree surgeon,No,No,United States,Ohio,,
CUST-657278,Victoria Q. Hansen,Female,27,51,Physiological scientist,No,No,United States,Ohio,,
CUST-756682,Grace P. Soto,Female,56,69,"Investment banker, operational",Yes,No,United States,Ohio,,
CUST-405053,Leah L. Dawson,Female,50,63,"Therapist, art",No,No,United States,Ohio,,
CUST-921340,Abigail N. Chapman,Female,30,48,Location manager,No,No,United States,Ohio,,
CUST-623565,Eleanor A. Morales,Female,35,48,Legal executive,No,No,United States,Ohio,,
CUST-853212,Isabella J. Curry,Female,49,71,Financial adviser,No,No,United States,Ohio,,
CUST-985343,Sarah V. Rios,Female,47,51,Financial planner,Yes,No,United States,Ohio,,
CUST-982723,Amelia Z. Garza,Female,19,22,"Buyer, industrial",Yes,No,United States,Ohio,,
CUST-354027,Isabella D. Armstrong,Female,19,26,Civil Service fast streamer,Yes,No,United States,Ohio,,
CUST-626901,Elizabeth Z. Boyd,Female,59,64,Chartered legal executive (England and Wales),No,No,United States,Ohio,,
CUST-449997,Isabella M. Caldwell,Female,47,54,Operational researcher,No,No,United States,Ohio,,
CUST-643859,Brooklyn J. Potter,Female,58,68,Structural engineer,No,No,United States,Ohio,,
CUST-300450,Charlotte E. Webb,Female,37,50,"Civil engineer, consulting",No,No,United States,Ohio,,
CUST-125445,Amelia X. Little,Female,35,52,Communications engineer,Yes,No,United States,Ohio,,
CUST-333766,Chloe C. Harmon,Female,31,55,"Librarian, public",No,No,United States,Ohio,,
CUST-974872,Emma T. Collins,Female,56,71,Fish farm manager,No,No,United States,Ohio,,
CUST-521483,Evelyn W. Fuller,Female,30,38,Facilities manager,No,No,United States,Ohio,,
CUST-934563,Madison P. Carter,Female,55,71,"Social research officer, government",Yes,No,United States,Ohio,,
CUST-684527,Audrey L. Wheeler,Female,34,57,Environmental consultant,Yes,No,United States,Ohio,,
CUST-686388,Claire A. Long,Female,39,59,Product designer,Yes,No,United States,Ohio,,
CUST-787329,Victoria U. Wells,Female,38,58,Health visitor,Yes,No,United States,Ohio,,
CUST-786351,Olivia Q. James,Female,25,41,"Conservator, museum/gallery",Yes,No,United States,Ohio,,
CUST-204779,Savannah L. Newman,Female,31,43,"Nurse, adult",Yes,No,United States,Ohio,,
CUST-536141,Natalie J. Bradley,Female,24,44,Equality and diversity officer,No,No,United States,Ohio,,
CUST-127653,Anna S. Adkins,Female,44,68,Commissioning editor,Yes,No,United States,Ohio,,
CUST-149666,Abigail Z. Ramsey,Female,49,69,Architectural technologist,No,No,United States,Ohio,,
CUST-286856,Rachel L. Adams,Female,32,49,English as a foreign language teacher,Yes,No,United States,Ohio,,
CUST-290074,Sarah J. Ford,Female,56,59,"Programmer, systems",Yes,No,United States,Ohio,,
CUST-595191,Victoria E. Douglas,Female,43,53,Chief Strategy Officer,No,No,United States,Ohio,,
CUST-292905,Julia O. Collins,Female,27,38,"Physicist, medical",Yes,No,United States,Ohio,,
CUST-400224,Hannah Q. Diaz,Female,24,33,Corporate treasurer,Yes,No,United States,Ohio,,
CUST-767926,Rachel B. Smith,Female,60,74,Cabin crew,Yes,No,United States,Ohio,,
CUST-430229,Abigail K. Munoz,Female,37,49,Fisheries officer,Yes,No,United States,Ohio,,
CUST-840517,Julia Q. Malone,Female,18,39,Commercial art gallery manager,No,No,United States,Ohio,,
CUST-996562,Natalie X. Sanders,Female,31,55,Landscape architect,Yes,No,United States,Ohio,,
CUST-945342,Chloe R. Turner,Female,51,63,"Surveyor, land/geomatics",No,No,United States,Ohio,,
CUST-758352,Kennedy W. Rowe,Female,49,63,Personnel officer,No,No,United States,Ohio,,
CUST-424116,Violet W. Romero,Female,37,48,Magazine features editor,No,No,United States,Ohio,,
CUST-765580,Leah M. Mason,Female,35,46,Quantity surveyor,Yes,No,United States,Ohio,,
CUST-971544,Audrey E. George,Female,28,37,Architect,No,No,United States,Ohio,,
CUST-377688,Victoria N. Burton,Female,24,42,"Civil engineer, contracting",No,No,United States,Ohio,,
CUST-209277,Sophia U. Harper,Female,42,43,Press sub,Yes,No,United States,Ohio,,
CUST-917820,Victoria E. Strickland,Female,60,81,Administrator,Yes,No,United States,Ohio,,
CUST-401118,Emma C. McCarthy,Female,40,58,Water quality scientist,Yes,No,United States,Ohio,,
CUST-444926,Leah H. Bradley,Female,43,44,"Education officer, community",No,No,United States,Ohio,,
CUST-867670,Lauren O. Todd,Female,31,52,Diplomatic Services operational officer,No,No,United States,Ohio,,
CUST-903519,Grace O. Swanson,Female,34,42,Warden/ranger,Yes,No,United States,Ohio,,
CUST-155676,Sarah D. Boyd,Female,35,39,Furniture designer,No,No,United States,Ohio,,
CUST-665404,Sophia H. Neal,Female,18,36,"Engineer, technical sales",No,No,United States,Ohio,,
CUST-200380,Kennedy O. Ward,Female,32,41,Financial controller,Yes,No,United States,Ohio,,
CUST-867707,Chloe X. Wilson,Female,59,78,"Surveyor, land/geomatics",No,No,United States,Ohio,,
CUST-540023,Anna U. Murphy,Female,33,46,"Administrator, sports",No,Yes,United States,Ohio,,
CUST-192325,Audrey Q. Alvarado,Female,23,34,Theatre stage manager,Yes,Yes,United States,Ohio,,
CUST-858102,Savannah A. Obrien,Female,27,46,Hydrographic surveyor,No,Yes,United States,Ohio,,
CUST-694164,Claire W. Harrison,Female,18,32,Records manager,Yes,Yes,United States,Ohio,,
CUST-371907,Natalie Z. Tucker,Female,40,44,Engineering geologist,No,Yes,United States,Ohio,,
CUST-323655,Leah X. Carroll,Female,37,40,Illustrator,No,Yes,United States,Ohio,,
CUST-460591,Emma F. Patterson,Female,23,45,Broadcast presenter,No,Yes,United States,Ohio,,
CUST-762069,Lauren P. Jenkins,Female,29,50,Paediatric nurse,Yes,Yes,United States,Ohio,,
CUST-367100,Lily N. Freeman,Female,52,69,"Secretary, company",No,Yes,United States,Ohio,,
CUST-535670,Claire E. Lowe,Female,57,76,Analytical chemist,No,Yes,United States,Ohio,,
CUST-510507,Stella S. Daniel,Female,21,35,Insurance underwriter,No,Yes,United States,Ohio,,
CUST-533811,Elizabeth I. Morris,Female,38,50,Metallurgist,No,Yes,United States,Ohio,,
CUST-979756,Kennedy R. Olson,Female,57,63,Legal secretary,No,Yes,United States,Ohio,,
CUST-463873,Amelia G. Hopkins,Female,35,37,Legal secretary,No,Yes,United States,Ohio,,
CUST-852797,Anna D. Kennedy,Female,28,53,Water engineer,Yes,Yes,United States,Ohio,,
CUST-443132,Alice T. Oliver,Female,26,36,Phytotherapist,No,Yes,United States,Ohio,,
CUST-900897,Lily M. Long,Female,44,61,Investment analyst,Yes,Yes,United States,Ohio,,
CUST-514372,Emma I. Garner,Female,26,32,Clinical embryologist,No,Yes,United States,Ohio,,
CUST-953224,Natalie N. Steele,Female,53,75,Prison officer,Yes,Yes,United States,Ohio,,
CUST-922958,Kennedy A. Chandler,Female,56,61,Nature conservation officer,Yes,Yes,United States,Ohio,,
CUST-829328,Julia D. Hawkins,Female,60,61,Private music teacher,Yes,Yes,United States,Ohio,,
CUST-392388,Rachel I. Potter,Female,37,59,"Engineer, civil (contracting)",Yes,Yes,United States,Ohio,,
CUST-415430,Hunter V. Freeman,Female,38,55,Haematologist,Yes,Yes,United States,Ohio,,
CUST-950540,Hailey U. Hart,Female,37,45,Mechanical engineer,No,Yes,United States,Ohio,,
CUST-361705,Madison Z. Yates,Female,18,34,Product manager,No,Yes,United States,Ohio,,
CUST-632958,Anna O. Curtis,Female,32,42,Counselling psychologist,No,Yes,United States,Ohio,,
CUST-437485,Elizabeth H. Wilson,Female,39,64,"Scientist, research (physical sciences)",Yes,Yes,United States,Ohio,,
CUST-497072,Grace D. Simmons,Female,60,82,"Teacher, secondary school",Yes,Yes,United States,Ohio,,
CUST-113044,Natalie G. Maldonado,Female,53,60,Human resources officer,Yes,Yes,United States,Ohio,,
CUST-829916,Lucy P. Simon,Female,24,33,Energy manager,Yes,Yes,United States,Ohio,,
CUST-617030,Brooklyn V. Ross,Female,21,30,Farm manager,Yes,Yes,United States,Ohio,,
CUST-319748,Amelia Q. Simpson,Female,47,62,"Engineer, electronics",Yes,Yes,United States,Ohio,,
CUST-622811,Claire D. Yates,Female,45,48,Neurosurgeon,Yes,Yes,United States,Ohio,,
CUST-817204,Rachel R. Frazier,Female,34,48,English as a foreign language teacher,Yes,Yes,United States,Ohio,,
CUST-385945,Hailey A. Pena,Female,46,51,Air broker,No,Yes,United States,Ohio,,
CUST-522645,Isabella L. Powers,Female,60,77,Public librarian,No,Yes,United States,Ohio,,
CUST-754278,Nora P. Hawkins,Female,58,69,Multimedia programmer,Yes,Yes,United States,Ohio,,
CUST-845268,Nicholas B. Conner,Female,19,23,"Civil engineer, consulting",No,Yes,United States,Ohio,,
CUST-960597,Audrey C. Matthews,Female,29,33,Textile designer,Yes,Yes,United States,Ohio,,
CUST-121885,Eleanor N. McDaniel,Female,21,36,Sports development officer,No,Yes,United States,Ohio,,
CUST-434476,Nora I. Hampton,Female,26,30,"Psychologist, sport and exercise",Yes,Yes,United States,Ohio,,
CUST-746587,Violet C. Davis,Female,30,44,"Engineer, production",Yes,Yes,United States,Ohio,,
CUST-328315,Nora I. Green,Female,50,53,Community education officer,No,Yes,United States,Ohio,,
CUST-480369,Charlotte W. Bell,Female,18,40,Set designer,Yes,Yes,United States,Ohio,,
CUST-599487,Elizabeth B. Flores,Female,45,61,"Administrator, education",No,Yes,United States,Ohio,,
CUST-246197,Julia B. Adams,Female,48,51,Private music teacher,Yes,Yes,United States,Ohio,,
CUST-709689,Elizabeth D. Aguilar,Female,31,42,Educational psychologist,No,Yes,United States,Ohio,,
CUST-650052,Madison W. Hunter,Female,32,47,Art therapist,No,Yes,United States,Ohio,,
CUST-695296,Leah U. Price,Female,19,23,Catering manager,No,Yes,United States,Ohio,,
CUST-534651,Sarah H. Dawson,Female,27,42,Aeronautical engineer,Yes,Yes,United States,Ohio,,
CUST-764393,Evelyn C. Olson,Female,40,46,Location manager,Yes,Yes,United States,Ohio,,
CUST-335038,Anna Y. Bailey,Female,34,36,"Education officer, environmental",No,Yes,United States,Ohio,,
CUST-445115,Isabella C. May,Female,31,35,Water quality scientist,Yes,Yes,United States,Ohio,,
CUST-401188,Violet G. Newman,Female,56,72,"Engineer, water",Yes,Yes,United States,Ohio,,
CUST-356494,Leah X. Nichols,Female,34,43,Farm manager,No,Yes,United States,Ohio,,
CUST-967446,Olivia R. Pearson,Female,57,80,Arts administrator,Yes,Yes,United States,Ohio,,
CUST-619542,Leah S. Shaw,Female,49,51,Broadcast engineer,No,Yes,United States,Ohio,,
CUST-492139,Victoria Y. Hines,Female,25,42,International aid/development worker,No,Yes,United States,Ohio,,
CUST-408363,Addison C. Wright,Female,29,30,Plant breeder/geneticist,No,Yes,United States,Ohio,,
CUST-670239,Caroline W. Barrett,Female,34,36,Electrical engineer,Yes,Yes,United States,Ohio,,
CUST-950427,Allison N. Newman,Female,49,68,Computer games developer,No,Yes,United States,Ohio,,
CUST-818166,Olivia H. Harrison,Female,47,51,"Clinical scientist, histocompatibility and immunogenetics",No,Yes,United States,Ohio,,
CUST-524020,Abigail Y. Sharp,Female,31,47,Restaurant manager,Yes,Yes,United States,Ohio,,
CUST-799056,Elizabeth R. Jenkins,Female,35,53,Paediatric nurse,No,Yes,United States,Ohio,,
CUST-321814,Rachel F. Banks,Female,32,51,Mental health nurse,Yes,Yes,United States,Ohio,,
CUST-278506,Olivia M. Pope,Female,29,40,Arts development officer,No,Yes,United States,Ohio,,
CUST-351406,Julia H. Medina,Female,55,71,"Geneticist, molecular",No,Yes,United States,Ohio,,
CUST-305446,Abigail A. Guzman,Female,45,60,Corporate treasurer,Yes,Yes,United States,Ohio,,
CUST-938609,Olivia Z. Chandler,Female,34,52,Energy manager,Yes,Yes,United States,Ohio,,
CUST-632488,Violet D. Cohen,Female,36,37,Herpetologist,No,Yes,United States,Ohio,,
CUST-410880,Chloe L. Haynes,Female,31,56,Chemical engineer,Yes,Yes,United States,Ohio,,
CUST-108069,Elizabeth U. Cohen,Female,34,47,Newspaper journalist,Yes,Yes,United States,Ohio,,
CUST-142435,Hannah T. Mendoza,Female,44,69,Educational psychologist,Yes,Yes,United States,Ohio,,
CUST-858894,Violet M. Greer,Female,39,56,Make,Yes,Yes,United States,Ohio,,
CUST-354015,Rachel A. Jordan,Female,35,47,Geochemist,No,Yes,United States,Ohio,,
CUST-160547,Rachel Y. Howell,Female,31,49,Clinical cytogeneticist,No,Yes,United States,Ohio,,
CUST-719417,Charlotte R. Todd,Female,34,37,"Engineer, land",No,Yes,United States,Ohio,,
CUST-935870,Alice H. Graves,Female,51,65,"Therapist, nutritional",Yes,Yes,United States,Ohio,,
CUST-677052,Abigail W. Howard,Female,44,55,Research scientist (medical),Yes,Yes,United States,Ohio,,
CUST-915746,Lauren Y. Murphy,Female,27,48,Environmental manager,No,Yes,United States,Ohio,,
CUST-279661,Julia U. Sandoval,Female,58,63,Banker,No,Yes,United States,Ohio,,
CUST-551136,Elizabeth Y. Kim,Female,46,48,Leisure centre manager,Yes,Yes,United States,Ohio,,
CUST-219513,Theodore A. Neal,Female,22,28,"Journalist, newspaper",Yes,Yes,United States,Ohio,,
CUST-715762,Chloe U. Garza,Female,26,44,Regulatory affairs officer,Yes,Yes,United States,Ohio,,
CUST-806926,Eleanor Y. Sharp,Female,31,37,"Secretary, company",No,Yes,United States,Ohio,,
CUST-545001,Sarah Z. Moody,Female,36,46,Emergency planning/management officer,No,Yes,United States,Ohio,,
CUST-645103,Madison L. Newton,Female,32,38,Aeronautical engineer,Yes,Yes,United States,Ohio,,
CUST-271138,Claire E. Tyler,Female,31,46,"Psychotherapist, dance movement",Yes,Yes,United States,Ohio,,
CUST-416334,Hannah T. Rice,Female,20,25,Recruitment consultant,Yes,Yes,United States,Ohio,,
CUST-676726,Leah A. Yates,Female,43,56,Public relations account executive,Yes,Yes,United States,Ohio,,
CUST-881534,Amelia R. Griffith,Female,58,76,Exhibition designer,Yes,Yes,United States,Ohio,,
CUST-332124,Hannah O. Snyder,Female,25,27,Graphic designer,No,Yes,United States,Ohio,,
CUST-469384,Madison N. Farmer,Female,49,51,IT sales professional,Yes,Yes,United States,Ohio,,
CUST-126225,Hannah B. Schneider,Female,27,35,Special educational needs teacher,No,Yes,United States,Ohio,,
CUST-766807,Sarah M. Daniel,Female,57,81,Air cabin crew,Yes,Yes,United States,Ohio,,
CUST-924452,Kennedy F. Sullivan,Female,46,53,Dentist,Yes,Yes,United States,Ohio,,
CUST-945582,Hannah N. Gordon,Female,37,60,"Designer, multimedia",No,Yes,United States,Ohio,,
CUST-941936,Emma R. Henry,Female,28,31,"Scientist, research (medical)",No,Yes,United States,Ohio,,
CUST-965143,Hannah U. Diaz,Female,36,42,Phytotherapist,No,Yes,United States,Ohio,,
CUST-513352,Elizabeth K. Joseph,Female,28,43,Building surveyor,No,Yes,United States,Ohio,,
CUST-172298,Allison O. Hunt,Female,47,52,"Lighting technician, broadcasting/film/video",Yes,Yes,United States,Ohio,,
CUST-443120,Theodore Q. Patton,Female,21,39,"Editor, commissioning",No,Yes,United States,Ohio,,
CUST-127431,Rachel N. Spencer,Female,40,43,Event organiser,No,Yes,United States,Ohio,,
CUST-379690,Eleanor W. Beck,Female,53,72,Investment analyst,Yes,Yes,United States,Ohio,,
CUST-268616,Madison X. Chapman,Female,52,57,"Surveyor, commercial/residential",No,Yes,United States,Ohio,,
CUST-180121,Eleanor U. Estrada,Female,19,32,Nature conservation officer,No,Yes,United States,Ohio,,
CUST-312153,Hannah X. Steele,Female,18,25,Network engineer,No,Yes,United States,Ohio,,
CUST-813237,Anna O. Hawkins,Female,27,51,TEFL teacher,Yes,Yes,United States,Ohio,,
CUST-597778,Rachel I. Nunez,Female,40,42,"Administrator, sports",Yes,Yes,United States,Ohio,,
CUST-416025,Sarah U. Lucas,Female,47,48,"Development worker, international aid",No,Yes,United States,Ohio,,
CUST-290428,Charlotte Z. Lawrence,Female,34,39,Naval architect,Yes,Yes,United States,Michigan,,
CUST-365597,Stella G. Marshall,Female,23,41,Meteorologist,Yes,Yes,United States,Michigan,,
CUST-852600,Grace Z. Boyd,Female,55,62,Market researcher,Yes,Yes,United States,Michigan,,
CUST-833139,Savannah P. Osborne,Female,45,47,Systems analyst,Yes,Yes,United States,Michigan,,
CUST-719485,Savannah I. Ward,Female,56,71,"Scientist, research (medical)",Yes,Yes,United States,Michigan,,
CUST-304310,Madison G. Greene,Female,33,44,Plant breeder/geneticist,Yes,Yes,United States,Michigan,,
CUST-585872,Hannah D. Jennings,Female,44,49,Occupational psychologist,Yes,Yes,United States,Michigan,,
CUST-139879,Natalie G. Wade,Female,49,67,"Geologist, engineering",Yes,Yes,United States,Michigan,,
CUST-249558,Leah L. Goodwin,Female,45,55,"Biochemist, clinical",Yes,Yes,United States,Michigan,,
CUST-118471,Natalie S. Morris,Female,23,38,Ergonomist,Yes,Yes,United States,Michigan,,
CUST-701621,Victoria H. Gordon,Female,35,52,"Engineer, broadcasting (operations)",Yes,Yes,United States,Michigan,,
CUST-968498,Claire C. Robinson,Female,33,36,"Scientist, water quality",Yes,Yes,United States,Michigan,,
CUST-641098,Charlotte X. Robertson,Female,39,55,Recycling officer,Yes,Yes,United States,Michigan,,
CUST-804253,Natalie M. Lambert,Female,41,52,"Therapist, nutritional",Yes,Yes,United States,Michigan,,
CUST-534761,Hailey H. Cole,Female,53,74,Materials engineer,Yes,Yes,United States,Michigan,,
CUST-656964,Lucy V. Burns,Female,47,65,Commercial art gallery manager,Yes,Yes,United States,Michigan,,
CUST-130780,Evelyn R. Sandoval,Female,28,41,"Designer, furniture",Yes,Yes,United States,Michigan,,
CUST-513962,Eleanor P. Norris,Female,43,54,"Merchandiser, retail",Yes,Yes,United States,Michigan,,
CUST-512981,Claire H. Medina,Female,38,41,"Research officer, trade union",Yes,Yes,United States,Michigan,,
CUST-214112,Sophia Z. Lindsey,Female,41,54,Music therapist,Yes,Yes,United States,Michigan,,
CUST-115626,Chloe Y. Simmons,Female,24,48,Immigration officer,Yes,Yes,United States,Michigan,,
CUST-374557,Kennedy F. Morales,Female,53,56,Hospital pharmacist,Yes,Yes,United States,Michigan,,
CUST-552298,Lucy U. Gardner,Female,60,85,Dancer,Yes,Yes,United States,Michigan,,
CUST-938983,Amelia O. Lyons,Female,23,47,Medical physicist,Yes,Yes,United States,Michigan,,
CUST-673481,Evelyn B. Edwards,Female,33,37,"Designer, multimedia",Yes,Yes,United States,Michigan,,
CUST-657931,Madison M. Floyd,Female,52,55,Make,Yes,Yes,United States,Michigan,,
CUST-845466,Lauren Q. Horton,Female,44,64,Advertising art director,Yes,Yes,United States,Michigan,,
CUST-261303,Audrey J. Brewer,Female,45,50,Dispensing optician,Yes,Yes,United States,Michigan,,
CUST-169295,Addison N. Hicks,Female,28,53,Associate Professor,Yes,Yes,United States,Michigan,,
CUST-470796,Madison B. Thomas,Female,41,48,Physiological scientist,Yes,Yes,United States,Michigan,,
CUST-711688,Stella Z. Morgan,Female,32,48,Sales executive,Yes,Yes,United States,Michigan,,
CUST-203039,Sarah K. Cohen,Female,59,73,Civil Service fast streamer,Yes,Yes,United States,Michigan,,
CUST-530847,Madison Y. Walton,Female,34,37,Sales promotion account executive,Yes,Yes,United States,Michigan,,
CUST-383741,Julia D. Moss,Female,56,81,"Pharmacist, hospital",Yes,Yes,United States,Michigan,,
CUST-408832,Allison R. Dennis,Female,40,65,Product manager,Yes,Yes,United States,Michigan,,
CUST-510831,Lucy Y. Ruiz,Female,40,61,Housing manager/officer,Yes,Yes,United States,Michigan,,
CUST-476688,Audrey J. Goodman,Female,32,49,Chartered legal executive (England and Wales),Yes,Yes,United States,Michigan,,
CUST-558554,Olivia T. Cunningham,Female,34,37,Civil Service administrator,Yes,Yes,United States,Michigan,,
CUST-430964,Hailey R. Salazar,Female,46,61,"Scientist, research (life sciences)",Yes,Yes,United States,Michigan,,
CUST-181297,Addison T. Wheeler,Female,27,41,"Radiographer, therapeutic",Yes,Yes,United States,Michigan,,
CUST-829037,Stella B. Crawford,Female,23,27,Recruitment consultant,Yes,Yes,United States,Michigan,,
CUST-462246,Lily W. Mack,Female,52,76,Energy manager,Yes,Yes,United States,Michigan,,
CUST-896316,Abigail S. Bennett,Female,20,26,Immunologist,Yes,Yes,United States,Michigan,,
CUST-536479,Jackson X. Vasquez,Female,60,84,Soil scientist,Yes,Yes,United States,Michigan,,
CUST-434018,Amelia R. Coleman,Female,47,53,Contractor,Yes,Yes,United States,Michigan,,
CUST-793119,Isabella O. Cunningham,Female,38,50,Neurosurgeon,Yes,Yes,United States,Michigan,,
CUST-121462,Savannah F. Edwards,Female,40,42,Geoscientist,Yes,Yes,United States,Michigan,,
CUST-383088,Natalie N. Delgado,Female,43,55,Fitness centre manager,Yes,Yes,United States,Michigan,,
CUST-323363,Audrey D. Todd,Female,20,42,Biomedical scientist,Yes,Yes,United States,Michigan,,
CUST-285659,Nora U. Burgess,Female,51,74,"Pilot, airline",Yes,Yes,United States,Michigan,,
CUST-207810,Victoria V. Richardson,Female,24,27,Research scientist (life sciences),Yes,Yes,United States,Michigan,,
CUST-326875,Alice W. Bradley,Female,59,67,Armed forces logistics/support/administrative officer,Yes,Yes,United States,Michigan,,
CUST-321264,Leah S. Burns,Female,24,38,Tax inspector,Yes,Yes,United States,Michigan,,
CUST-563210,Emma P. Dennis,Female,35,39,"Lecturer, higher education",Yes,Yes,United States,Michigan,,
CUST-760958,Lauren F. Daniels,Female,24,41,"Accountant, chartered public finance",Yes,Yes,United States,Michigan,,
CUST-104058,Victoria V. Peterson,Female,18,28,Chartered management accountant,Yes,Yes,United States,Michigan,,
CUST-844737,Abigail E. Sims,Female,26,43,Freight forwarder,Yes,Yes,United States,Michigan,,
CUST-237743,Lily V. Mendez,Female,39,64,"Scientist, research (physical sciences)",Yes,Yes,United States,Michigan,,
CUST-136795,Emma D. Guerrero,Female,25,27,Data scientist,Yes,Yes,United States,Michigan,,
CUST-239490,Amelia U. Reeves,Female,50,61,Research scientist (physical sciences),Yes,Yes,United States,Michigan,,
CUST-622421,Evelyn J. Chapman,Female,48,55,Office manager,Yes,Yes,United States,Michigan,,
CUST-478572,Evelyn T. Cobb,Female,46,47,Translator,Yes,Yes,United States,Michigan,,
CUST-110895,Madison F. Holland,Female,55,57,"Buyer, retail",Yes,Yes,United States,Michigan,,
CUST-427193,Charlotte F. White,Female,57,68,"Engineer, aeronautical",Yes,Yes,United States,Michigan,,
CUST-335244,Grace O. Griffith,Female,23,32,Restaurant manager,Yes,Yes,United States,Michigan,,
CUST-454686,Grace Q. Morrison,Female,24,35,Adult guidance worker,Yes,Yes,United States,Michigan,,
CUST-773254,Alice S. Dixon,Female,35,50,Academic librarian,Yes,Yes,United States,Michigan,,
CUST-988239,Sophia L. Valdez,Female,37,56,Sub,No,Yes,United States,Michigan,,
CUST-805804,Kennedy F. Wallace,Female,41,63,Sports administrator,No,Yes,United States,Michigan,,
CUST-215506,Julia R. Austin,Female,50,71,Accommodation manager,No,Yes,United States,Michigan,,
CUST-213370,Victoria Y. Castillo,Female,35,39,Podiatrist,No,Yes,United States,Michigan,,
CUST-474268,Allison M. Carroll,Female,19,27,Television production assistant,No,Yes,United States,Michigan,,
CUST-768544,Leah G. Gordon,Female,30,48,Dispensing optician,No,Yes,United States,Michigan,,
CUST-198081,Violet C. Duncan,Female,49,55,Charity officer,No,Yes,United States,Michigan,,
CUST-231282,Abigail K. Colon,Female,53,66,Multimedia specialist,No,Yes,United States,Michigan,,
CUST-191300,Lauren B. Owens,Female,24,36,Photographer,No,Yes,United States,Michigan,,
CUST-760609,Charlotte Q. Willis,Female,21,34,Computer games developer,No,Yes,United States,Michigan,,
CUST-610216,Lily F. Silva,Female,38,39,"Teacher, early years/pre",No,Yes,United States,Michigan,,
CUST-571787,Sophia X. Guzman,Female,39,56,Occupational hygienist,No,Yes,United States,Michigan,,
CUST-703243,Evelyn Y. Page,Female,38,57,Contractor,No,Yes,United States,Michigan,,
CUST-720648,Eleanor N. Robinson,Female,36,48,Plant breeder/geneticist,No,Yes,United States,Michigan,,
CUST-979428,Natalie L. Day,Female,57,67,Homeopath,No,Yes,United States,Michigan,,
CUST-549280,Charlotte U. Jordan,Female,37,45,Maintenance engineer,No,Yes,United States,Michigan,,
CUST-770566,Julia B. Bennett,Female,43,61,Arts administrator,No,Yes,United States,Michigan,,
CUST-339087,Sophia L. Payne,Female,59,65,Community development worker,No,Yes,United States,Michigan,,
CUST-350280,Natalie H. Kelly,Female,23,32,"Geneticist, molecular",No,Yes,United States,Michigan,,
CUST-652887,Amelia E. Davis,Female,22,37,Higher education lecturer,No,Yes,United States,Michigan,,
CUST-950252,Leah E. Griffin,Female,41,61,Geographical information systems officer,No,Yes,United States,Michigan,,
CUST-786808,Julia N. Boyd,Female,47,70,"Education officer, museum",No,Yes,United States,Michigan,,
CUST-454255,Violet Z. Stokes,Female,40,41,Television/film/video producer,No,Yes,United States,Michigan,,
CUST-344553,Sophia N. Swanson,Female,54,67,Geographical information systems officer,No,Yes,United States,Michigan,,
CUST-494297,Alice J. Stevenson,Female,25,43,Senior tax professional/tax inspector,No,Yes,United States,Michigan,,
CUST-333676,Violet Q. Hill,Female,31,41,Insurance underwriter,No,Yes,United States,Michigan,,
CUST-221717,Emma H. Allen,Female,36,60,Quarry manager,No,Yes,United States,Michigan,,
CUST-652460,Evelyn D. Padilla,Female,22,26,Accounting technician,No,Yes,United States,Michigan,,
CUST-837907,Addison P. Owens,Female,23,31,Engineering geologist,No,Yes,United States,Michigan,,
CUST-785483,Abigail D. Cummings,Female,44,61,Statistician,No,Yes,United States,Michigan,,
CUST-677287,Caroline M. Rowe,Female,47,51,Biomedical engineer,No,Yes,United States,Michigan,,
CUST-653326,Claire P. Bush,Female,52,72,Games developer,No,Yes,United States,Michigan,,
CUST-542892,Madison B. Walsh,Female,19,36,Mudlogger,No,Yes,United States,Michigan,,
CUST-921972,Emma B. Bailey,Female,44,59,IT sales professional,No,Yes,United States,Michigan,,
CUST-859177,Caroline X. Harmon,Female,34,38,Manufacturing engineer,No,Yes,United States,Michigan,,
CUST-171097,Alice M. Kim,Female,29,39,Trade union research officer,No,Yes,United States,Michigan,,
CUST-347479,Brooklyn H. Carter,Female,54,58,"Geologist, wellsite",No,Yes,United States,Michigan,,
CUST-234477,Lucy J. McKinney,Female,50,61,Ambulance person,No,Yes,United States,Michigan,,
CUST-982358,Kennedy C. Pena,Female,40,44,Geographical information systems officer,No,Yes,United States,Michigan,,
CUST-427748,Olivia L. Daniels,Female,36,44,Ophthalmologist,No,Yes,United States,Michigan,,
CUST-868125,Lucy T. Bates,Female,22,31,Mechanical engineer,No,Yes,United States,Michigan,,
CUST-938048,Nora V. Gibbs,Female,40,60,"Research officer, government",No,Yes,United States,Michigan,,
CUST-823337,Elizabeth Y. Anderson,Female,60,81,Broadcast journalist,No,Yes,United States,Michigan,,
CUST-925782,Violet Z. Hoffman,Female,32,39,Video editor,No,Yes,United States,Michigan,,
CUST-547968,Hailey G. Horton,Female,46,51,Financial adviser,No,Yes,United States,Michigan,,
CUST-563145,Sophia F. Medina,Female,36,37,"Civil engineer, consulting",No,Yes,United States,Michigan,,
CUST-912420,Victoria A. Strickland,Female,57,66,Systems analyst,No,Yes,United States,Michigan,,
CUST-862591,Victoria R. Ferguson,Female,47,71,Immigration officer,No,Yes,United States,Michigan,,
CUST-839977,Rachel X. Reid,Female,24,45,Police officer,No,Yes,United States,Michigan,,
CUST-798334,Kennedy H. Jimenez,Female,34,43,Data scientist,No,Yes,United States,Michigan,,
CUST-798218,Violet C. Boyd,Female,30,34,Commercial horticulturist,No,Yes,United States,Michigan,,
CUST-436170,Violet D. Ward,Female,39,41,Sales promotion account executive,No,Yes,United States,Michigan,,
CUST-124308,Hannah W. Sherman,Female,29,54,Public librarian,No,Yes,United States,Michigan,,
CUST-480183,Nora Y. Vargas,Female,32,42,Sports administrator,No,Yes,United States,Michigan,,
CUST-838326,Leah N. Maxwell,Female,36,48,Banker,No,Yes,United States,Michigan,,
CUST-705109,Amelia X. Washington,Female,33,51,Merchant navy officer,No,Yes,United States,Michigan,,
CUST-692124,Anna W. Barker,Female,60,67,Licensed conveyancer,No,Yes,United States,Michigan,,
CUST-729063,Lauren A. Cook,Female,52,72,Child psychotherapist,No,Yes,United States,Michigan,,
CUST-805447,Leah C. Gross,Female,22,35,"Scientist, research (physical sciences)",No,Yes,United States,Michigan,,
CUST-275840,Leah N. Sanders,Female,36,52,Personal assistant,No,Yes,United States,Michigan,,
CUST-821578,Audrey J. Medina,Female,60,77,Immigration officer,No,Yes,United States,Michigan,,
CUST-679388,Julia E. Ellis,Female,39,45,Nature conservation officer,No,Yes,United States,Michigan,,
CUST-801009,Alice S. Hodges,Female,48,56,Broadcast presenter,No,Yes,United States,Michigan,,
CUST-597745,Natalie R. James,Female,33,48,Operational investment banker,No,Yes,United States,Michigan,,
CUST-103933,Grace A. Colon,Female,24,40,Transport planner,No,Yes,United States,Michigan,,
CUST-745792,Victoria I. Jacobs,Female,53,74,Tourist information centre manager,No,Yes,United States,Michigan,,
CUST-879472,Victoria C. Morales,Female,52,70,Pharmacologist,No,Yes,United States,Michigan,,
CUST-272705,Julia I. Ruiz,Female,47,59,Travel agency manager,No,Yes,United States,Michigan,,
CUST-318803,Violet H. King,Female,44,53,Clinical embryologist,No,Yes,United States,Michigan,,
CUST-160412,Brooklyn K. Schmidt,Female,52,59,"Education officer, museum",No,No,United States,Michigan,,
CUST-706063,Nora Z. Butler,Female,57,80,Oceanographer,No,No,United States,Michigan,,
CUST-259753,Allison H. Payne,Female,34,50,English as a second language teacher,No,No,United States,Michigan,,
CUST-334877,Eleanor X. Terry,Female,56,68,Production manager,No,No,United States,Michigan,,
CUST-918423,Victoria K. Fox,Female,60,74,"Research officer, government",No,No,United States,Michigan,,
CUST-222206,Violet M. Hoffman,Female,43,65,Investment analyst,No,No,United States,Michigan,,
CUST-797409,Victoria O. Miles,Female,29,43,"Scientist, research (medical)",No,No,United States,Michigan,,
CUST-495436,Amelia N. Gilbert,Female,57,71,Heritage manager,No,No,United States,Michigan,,
CUST-451631,Stella Y. Clark,Female,24,42,Office manager,No,No,United States,Michigan,,
CUST-290427,Lucy Q. Obrien,Female,37,44,"Designer, graphic",No,No,United States,Michigan,,
CUST-962494,Claire L. Warren,Female,41,51,Energy manager,No,No,United States,Michigan,,
CUST-247003,Audrey D. Williamson,Female,31,49,"Engineer, electronics",No,No,United States,Michigan,,
CUST-909987,Rachel Q. Phillips,Female,18,42,Air cabin crew,No,No,United States,Michigan,,
CUST-378661,Victoria L. Vasquez,Female,55,72,Housing manager/officer,No,No,United States,Michigan,,
CUST-332841,Lily F. McDonald,Female,58,82,Games developer,No,No,United States,Michigan,,
CUST-402055,Brooklyn Z. Strickland,Female,42,51,Personal assistant,No,No,United States,Michigan,,
CUST-162905,Lily V. Nichols,Female,20,21,Medical physicist,No,No,United States,Michigan,,
CUST-450061,Leah M. Tate,Female,55,66,Claims inspector/assessor,No,No,United States,Michigan,,
CUST-431898,Chloe I. Berry,Female,46,51,"Engineer, energy",No,No,United States,Michigan,,
CUST-371448,Claire F. Murray,Female,39,55,IT sales professional,No,No,United States,Michigan,,
CUST-464967,Anna I. Fleming,Female,56,63,"Engineer, manufacturing systems",No,No,United States,Michigan,,
CUST-218702,Victoria B. Cross,Female,41,61,Waste management officer,No,No,United States,Michigan,,
CUST-757631,Hannah Z. Cunningham,Female,32,54,Biomedical scientist,No,No,United States,Michigan,,
CUST-331673,Lily Z. Blair,Female,24,34,Warden/ranger,No,No,United States,Michigan,,
CUST-115284,Allison K. Pierce,Female,42,57,Ship broker,No,No,United States,Michigan,,
CUST-538600,Amelia F. Gutierrez,Female,30,38,Government social research officer,No,No,United States,Michigan,,
CUST-126506,Olivia S. Watkins,Female,59,69,Armed forces logistics/support/administrative officer,No,No,United States,Michigan,,
CUST-113430,Brooklyn X. Taylor,Female,47,51,"Buyer, industrial",No,No,United States,Michigan,,
CUST-392666,Emma X. Lawrence,Female,23,28,Warehouse manager,No,No,United States,Michigan,,
CUST-213458,Addison E. McGee,Female,27,35,Camera operator,No,No,United States,Michigan,,
CUST-880034,Amelia J. Harper,Female,49,54,Oncologist,No,No,United States,Michigan,,
CUST-379470,Emma X. Soto,Female,18,30,Exercise physiologist,No,No,United States,Michigan,,
CUST-221457,Violet C. McDaniel,Female,31,40,"Development worker, community",No,No,United States,Michigan,,
CUST-860489,Stella J. Rhodes,Female,36,40,Geographical information systems officer,No,No,United States,Michigan,,
CUST-661799,Stella K. Davis,Female,21,31,Therapeutic radiographer,No,No,United States,Michigan,,
CUST-120256,Julia B. Nelson,Female,53,71,"Production designer, theatre/television/film",No,No,United States,Michigan,,
CUST-721459,Caroline X. Rice,Female,32,50,Immunologist,No,No,United States,Michigan,,
CUST-928404,Sarah B. Walton,Female,42,46,"Scientist, audiological",No,No,United States,Michigan,,
CUST-956219,Caroline R. Simmons,Female,39,64,Advertising account executive,No,No,United States,Michigan,,
CUST-987800,Kennedy M. Wilson,Female,30,41,Microbiologist,No,No,United States,Michigan,,
CUST-382491,Chloe Q. Little,Female,24,43,Petroleum engineer,No,No,United States,Michigan,,
CUST-462172,Stella R. Reese,Female,22,40,Senior tax professional/tax inspector,No,No,United States,Michigan,,
CUST-849751,Nora U. Williamson,Female,41,45,Warden/ranger,No,No,United States,Michigan,,
CUST-509546,Julia C. Butler,Female,31,52,Bonds trader,No,No,United States,Michigan,,
CUST-739182,Nora K. Love,Female,53,78,"Surveyor, rural practice",No,No,United States,Michigan,,
CUST-432697,Abigail H. Welch,Female,51,74,"Designer, interior/spatial",No,No,United States,Michigan,,
CUST-669413,Victoria J. Jacobs,Female,35,42,Magazine features editor,No,No,United States,Michigan,,
CUST-703674,Charlotte X. Alvarez,Female,48,56,"Psychologist, sport and exercise",No,No,United States,Michigan,,
CUST-282869,Anna C. Johnston,Female,53,59,Public relations account executive,No,No,United States,Michigan,,
CUST-266201,Emma U. Henry,Female,60,69,Museum/gallery conservator,No,No,United States,Michigan,,
CUST-778313,Sophia Q. Douglas,Female,27,44,Copy,No,No,United States,Michigan,,
CUST-783711,Anna G. Haynes,Female,54,67,Tree surgeon,No,No,United States,Michigan,,
CUST-360341,Alice G. Ross,Female,39,50,Medical technical officer,No,No,United States,Michigan,,
CUST-373654,Sarah R. Butler,Female,29,46,Network engineer,No,No,United States,Michigan,,
CUST-541141,Grace K. Thompson,Female,29,54,Claims inspector/assessor,No,No,United States,Michigan,,
CUST-679233,Charlotte M. Ross,Female,48,72,Dance movement psychotherapist,No,No,United States,Michigan,,
CUST-453936,Leah C. Day,Female,55,67,"Editor, commissioning",No,No,United States,Michigan,,
CUST-649508,Violet Y. Maldonado,Female,33,49,Ophthalmologist,No,No,United States,Michigan,,
CUST-856980,Lily O. Fisher,Female,23,28,Commissioning editor,No,No,United States,Michigan,,
CUST-727453,Allison F. Walton,Female,55,72,Broadcast presenter,No,No,United States,Michigan,,
CUST-647234,Olivia R. Cole,Female,32,49,Theatre director,No,No,United States,Michigan,,
CUST-678866,Sophia J. Jimenez,Female,20,29,"Psychologist, educational",No,No,United States,Michigan,,
CUST-758327,Caroline B. Gordon,Female,28,34,Politician's assistant,No,No,United States,Michigan,,
CUST-721415,Elizabeth H. McCoy,Female,21,41,Building services engineer,No,No,United States,Michigan,,
CUST-455712,Brooklyn O. Fitzgerald,Female,35,49,Archaeologist,No,No,United States,Michigan,,
CUST-390237,Sophia F. Harmon,Female,48,64,"Restaurant manager, fast food",No,No,United States,Michigan,,
CUST-355087,Lucy B. Tate,Female,48,70,Community arts worker,No,No,United States,Michigan,,
CUST-508380,Grace O. Graham,Female,52,65,Land,No,No,United States,Michigan,,
CUST-969246,Charlotte Q. Herrera,Female,44,66,Neurosurgeon,No,No,United States,Michigan,,
CUST-496540,Addison N. Jones,Female,43,49,"Engineer, site",No,No,United States,Michigan,,
CUST-308744,Evelyn O. Moreno,Female,26,39,Information systems manager,Yes,No,United States,Michigan,,
CUST-194848,Eleanor C. Greene,Female,50,69,"Journalist, newspaper",Yes,No,United States,Michigan,,
CUST-204226,Addison Y. Jenkins,Female,60,78,"Nurse, adult",Yes,No,United States,Michigan,,
CUST-742064,Natalie T. Glover,Female,50,66,Press sub,Yes,No,United States,Michigan,,
CUST-678865,Sarah Y. Neal,Female,59,81,"Psychologist, forensic",Yes,No,United States,Michigan,,
CUST-681657,Isabella U. Maldonado,Female,37,53,Seismic interpreter,Yes,No,United States,Michigan,,
CUST-345075,Addison J. Brooks,Female,58,74,Leisure centre manager,Yes,No,United States,Michigan,,
CUST-206982,Eleanor B. Richardson,Female,28,49,Furniture conservator/restorer,Yes,No,United States,Michigan,,
CUST-897110,Sarah X. Nichols,Female,59,65,Ceramics designer,Yes,No,United States,Michigan,,
CUST-308571,Claire O. Alvarez,Female,20,27,"Scientist, research (physical sciences)",Yes,No,United States,Michigan,,
CUST-806866,Lucy T. Delgado,Female,36,45,Cabin crew,Yes,No,United States,Michigan,,
CUST-643283,Abigail R. Soto,Female,42,63,Data processing manager,Yes,No,United States,Michigan,,
CUST-995734,Julia I. Watts,Female,39,60,Site engineer,Yes,No,United States,Michigan,,
CUST-269123,Natalie Z. Jacobs,Female,57,71,Chartered loss adjuster,Yes,No,United States,Michigan,,
CUST-743835,Rachel O. Gibson,Female,53,64,Systems developer,Yes,No,United States,Michigan,,
CUST-217589,Carter Y. Stevenson,Female,49,58,Geophysicist/field seismologist,Yes,No,United States,Michigan,,
CUST-691254,Anna S. Pena,Female,58,75,"Administrator, local government",Yes,No,United States,Michigan,,
CUST-669578,Eleanor D. Perry,Female,34,59,Cartographer,Yes,No,United States,Michigan,,
CUST-888389,Evelyn P. Keller,Female,37,54,Child psychotherapist,Yes,No,United States,Michigan,,
CUST-443313,Charlotte P. Brown,Female,35,56,Physiotherapist,Yes,No,United States,Michigan,,
CUST-565459,Emma K. Grant,Female,38,40,"Nurse, children's",Yes,No,United States,Michigan,,
CUST-427698,Audrey C. Goodman,Female,49,61,Ranger/warden,Yes,No,United States,Michigan,,
CUST-817599,Alice Y. Beck,Female,22,40,Diagnostic radiographer,Yes,No,United States,Michigan,,
CUST-303281,Abigail K. Perkins,Female,20,44,Police officer,Yes,No,United States,Michigan,,
CUST-763740,Audrey E. Hodges,Female,34,38,"Surveyor, mining",Yes,No,United States,Michigan,,
CUST-185846,Lauren I. Bell,Female,27,43,Retail manager,Yes,No,United States,Michigan,,
CUST-605388,Audrey H. Fisher,Female,40,59,Physiotherapist,Yes,No,United States,Michigan,,
CUST-292912,Oliver D. Grant,Female,54,66,"Therapist, art",Yes,No,United States,Michigan,,
CUST-145792,Olivia L. Simon,Female,38,40,Health visitor,Yes,No,United States,Michigan,,
CUST-768782,Elizabeth K. McGee,Female,34,53,Accommodation manager,Yes,No,United States,Michigan,,
CUST-206294,Anna W. McCoy,Female,35,51,"Conservator, furniture",Yes,No,United States,Michigan,,
CUST-733854,Allison N. Strickland,Female,51,54,Dentist,Yes,No,United States,Michigan,,
CUST-440609,Natalie E. Brooks,Female,47,72,Printmaker,Yes,No,United States,Michigan,,
CUST-913036,Caroline G. Anderson,Female,26,41,"Engineer, agricultural",Yes,No,United States,Michigan,,
CUST-624592,Evelyn Y. Walton,Female,20,32,"Designer, graphic",Yes,No,United States,Michigan,,
CUST-789824,Abigail F. Chapman,Female,29,53,Sports coach,Yes,No,United States,Michigan,,
CUST-690430,Savannah M. Ruiz,Female,21,29,Energy engineer,Yes,No,United States,Michigan,,
CUST-122512,Emma B. Green,Female,31,52,English as a foreign language teacher,Yes,No,United States,Michigan,,
CUST-124981,Grace M. Matthews,Female,36,37,"Radiographer, therapeutic",Yes,No,United States,Michigan,,
CUST-349560,Caroline N. Bowman,Female,36,41,Engineering geologist,Yes,No,United States,Michigan,,
CUST-483251,Isabella M. Young,Female,48,58,Learning disability nurse,Yes,No,United States,Michigan,,
CUST-566094,Abigail M. Dennis,Female,30,54,"Engineer, electronics",Yes,No,United States,Michigan,,
CUST-942277,Lucy B. Payne,Female,41,44,"Engineer, electrical",Yes,No,United States,Michigan,,
CUST-622781,Audrey J. Mills,Female,53,66,Sales executive,Yes,No,United States,Michigan,,
CUST-899979,Emma E. Black,Female,46,67,Ceramics designer,Yes,No,United States,Michigan,,
CUST-290187,Nathan D. Wagner,Female,38,56,Clinical psychologist,Yes,No,United States,Michigan,,
CUST-792247,Audrey O. Dennis,Female,43,44,Health and safety adviser,Yes,No,United States,Michigan,,
CUST-779138,Sarah Q. Nguyen,Female,37,50,Osteopath,Yes,No,United States,Michigan,,
CUST-507511,Addison V. Castro,Female,32,36,Dramatherapist,Yes,No,United States,Michigan,,
CUST-318045,Rachel U. Freeman,Female,27,44,Sales promotion account executive,Yes,No,United States,Michigan,,
CUST-146198,Daniel P. Cummings,Female,41,50,"Engineer, building services",Yes,No,United States,Michigan,,
CUST-843432,Stella X. Santiago,Female,43,52,"Runner, broadcasting/film/video",Yes,No,United States,Michigan,,
CUST-521953,Eleanor W. Hopkins,Female,43,66,Hospital doctor,Yes,No,United States,Michigan,,
CUST-736258,Allison Y. Henderson,Female,55,73,Radiation protection practitioner,Yes,No,United States,Michigan,,
CUST-338334,Caroline H. Johnston,Female,32,49,Firefighter,Yes,No,United States,Michigan,,
CUST-359838,Hannah G. Carroll,Female,55,60,Archivist,Yes,No,United States,Michigan,,
CUST-248719,Evelyn C. Douglas,Female,38,43,Clinical molecular geneticist,Yes,No,United States,Michigan,,
CUST-621840,Brooklyn T. Clark,Female,46,68,Database administrator,Yes,No,United States,Michigan,,
CUST-206710,Victoria L. Yates,Female,52,60,"Designer, ceramics/pottery",Yes,No,United States,Michigan,,
CUST-591876,Hannah P. Hodges,Female,21,28,International aid/development worker,Yes,No,United States,Michigan,,
CUST-896847,Eleanor H. Morris,Female,29,35,IT technical support officer,Yes,No,United States,Michigan,,
CUST-994349,Madison P. Washington,Female,50,73,Site engineer,Yes,No,United States,Michigan,,
CUST-410968,Stella T. Matthews,Female,25,45,Music tutor,Yes,No,United States,Michigan,,
CUST-685822,Caroline B. Harmon,Female,29,33,Immigration officer,Yes,No,United States,Michigan,,
CUST-271834,Claire Z. Shaw,Female,33,58,"Programmer, systems",Yes,No,United States,Michigan,,
CUST-678521,Hailey E. Miller,Female,23,34,Comptroller,Yes,No,United States,Michigan,,
CUST-475589,Sophia K. Murray,Female,31,48,Diagnostic radiographer,Yes,No,United States,Michigan,,
CUST-770597,Madison Z. Gordon,Female,35,47,Maintenance engineer,Yes,No,United States,Michigan,,
CUST-966782,Eleanor F. Gibbs,Female,24,39,Risk manager,Yes,No,United States,Michigan,,
CUST-839966,Rachel H. Nelson,Female,38,52,Water engineer,Yes,No,United States,Michigan,,
CUST-985852,Lauren U. Bates,Female,39,44,"Engineer, building services",Yes,No,United States,Michigan,,
CUST-392389,Brooklyn X. Richardson,Female,54,66,"Engineer, automotive",Yes,No,United States,Michigan,,
CUST-883802,Brooklyn T. Craig,Female,32,46,Probation officer,Yes,No,United States,Michigan,,
CUST-637231,Lily R. Cook,Female,28,36,Insurance risk surveyor,Yes,No,United States,Michigan,,
CUST-974920,Lucy E. Davidson,Female,27,44,Medical sales representative,Yes,No,United States,Michigan,,
CUST-333598,Anna Y. Smith,Female,21,36,"Psychologist, educational",Yes,No,United States,Michigan,,
CUST-860281,Allison M. Phillips,Female,60,77,Microbiologist,Yes,No,United States,New Jersey,,
CUST-719283,Hailey P. Knight,Female,28,33,"Buyer, retail",Yes,No,United States,New Jersey,,
CUST-841786,Julia B. Arnold,Female,49,58,Warehouse manager,Yes,No,United States,New Jersey,,
CUST-794258,Sarah K. Harper,Female,29,31,Medical technical officer,Yes,No,United States,New Jersey,,
CUST-825521,Grace M. Hawkins,Female,47,50,"Surveyor, quantity",Yes,No,United States,New Jersey,,
CUST-937798,Brooklyn Y. Holt,Female,23,28,Homeopath,Yes,No,United States,New Jersey,,
CUST-805714,Alice H. Wagner,Female,42,47,Risk manager,Yes,No,United States,New Jersey,,
CUST-859117,Amelia Q. Carr,Female,36,59,"Librarian, public",Yes,No,United States,New Jersey,,
CUST-721817,Lucy I. Cunningham,Female,27,44,Hotel manager,Yes,No,United States,New Jersey,,
CUST-733995,Addison G. Caldwell,Female,54,75,Hydrologist,Yes,No,United States,New Jersey,,
CUST-376570,Charlotte W. Hubbard,Female,50,56,"Engineer, maintenance",Yes,No,United States,New Jersey,,
CUST-505302,Nora R. Gardner,Female,41,47,"Engineer, agricultural",Yes,No,United States,New Jersey,,
CUST-518502,Chloe X. Banks,Female,21,22,Insurance claims handler,Yes,No,United States,New Jersey,,
CUST-326165,Brooklyn K. Blair,Female,34,43,"Producer, television/film/video",Yes,No,United States,New Jersey,,
CUST-592019,Addison D. Thomas,Female,21,25,"Programmer, applications",Yes,No,United States,New Jersey,,
CUST-865053,Addison S. Romero,Female,23,45,"Investment banker, corporate",Yes,No,United States,New Jersey,,
CUST-177368,Alice D. Hansen,Female,26,51,Field seismologist,Yes,No,United States,New Jersey,,
CUST-994858,Anna K. Hammond,Female,32,45,"Journalist, broadcasting",Yes,No,United States,New Jersey,,
CUST-500362,Olivia A. Shaw,Female,33,35,Furniture designer,Yes,No,United States,New Jersey,,
CUST-535222,Charlotte E. Robertson,Female,33,42,Actor,Yes,No,United States,New Jersey,,
CUST-954636,Elizabeth X. Fernandez,Female,18,29,Museum education officer,Yes,No,United States,New Jersey,,
CUST-148211,Isabella P. Nelson,Female,60,66,Commercial art gallery manager,Yes,No,United States,New Jersey,,
CUST-947302,Olivia S. Ward,Female,41,66,Associate Professor,Yes,No,United States,New Jersey,,
CUST-839420,Sarah G. Wise,Female,19,34,"Solicitor, Scotland",Yes,No,United States,New Jersey,,
CUST-961444,Sarah S. Saunders,Female,32,36,"Therapist, art",Yes,No,United States,New Jersey,,
CUST-599594,Alice T. Waters,Female,30,37,Child psychotherapist,Yes,No,United States,New Jersey,,
CUST-953929,Lucy C. Campbell,Female,56,66,Learning mentor,Yes,No,United States,New Jersey,,
CUST-537193,Olivia X. Barrett,Female,60,73,"Surveyor, building",Yes,No,United States,New Jersey,,
CUST-413515,Violet T. Wood,Female,45,61,"Geneticist, molecular",Yes,No,United States,New Jersey,,
CUST-523080,Hannah G. Tyler,Female,38,53,Editorial assistant,Yes,No,United States,New Jersey,,
CUST-429676,Chloe C. Holland,Female,42,54,Waste management officer,Yes,No,United States,New Jersey,,
CUST-239983,Amelia B. Gardner,Female,51,54,"Conservator, museum/gallery",Yes,No,United States,New Jersey,,
CUST-246780,Lucy G. Waters,Female,51,53,Pension scheme manager,Yes,No,United States,New Jersey,,
CUST-924143,Hannah D. Stevens,Female,40,62,Medical technical officer,Yes,No,United States,New Jersey,,
CUST-584200,Lucy X. Hayes,Female,20,30,Field trials officer,Yes,No,United States,New Jersey,,
CUST-116273,Hailey U. Morgan,Female,52,59,"Civil engineer, contracting",Yes,No,United States,New Jersey,,
CUST-895904,Allison K. McCoy,Female,34,39,Technical brewer,Yes,No,United States,New Jersey,,
CUST-486625,Isabella Y. Wallace,Female,31,44,"Teacher, secondary school",Yes,No,United States,New Jersey,,
CUST-949929,Amelia E. Harmon,Female,36,48,"Lecturer, higher education",Yes,No,United States,New Jersey,,
CUST-560693,Lily Q. Sharp,Female,36,43,Higher education careers adviser,Yes,No,United States,New Jersey,,
CUST-157007,Allison Q. Hawkins,Female,60,76,Solicitor,Yes,No,United States,New Jersey,,
CUST-937114,Lily I. Griffith,Female,18,42,Chartered loss adjuster,Yes,No,United States,New Jersey,,
CUST-282546,Isabella R. Adams,Female,45,67,Actuary,Yes,No,United States,New Jersey,,
CUST-807417,Hailey J. Benson,Female,26,27,General practice doctor,Yes,No,United States,New Jersey,,
CUST-315892,Sophia J. Duncan,Female,26,49,Research scientist (medical),Yes,No,United States,New Jersey,,
CUST-241809,Leah Y. Benson,Female,37,46,Public affairs consultant,Yes,No,United States,New Jersey,,
CUST-787364,Alice M. Ross,Female,55,71,Homeopath,Yes,No,United States,New Jersey,,
CUST-170037,Audrey V. Potter,Female,52,71,Restaurant manager,Yes,No,United States,New Jersey,,
CUST-666602,Rachel O. Ortega,Female,19,28,Optometrist,Yes,No,United States,New Jersey,,
CUST-632843,Allison B. Carroll,Female,49,71,Public house manager,Yes,No,United States,New Jersey,,
CUST-278708,Isabella R. Hoffman,Female,20,28,"Surveyor, rural practice",Yes,No,United States,New Jersey,,
CUST-612597,Olivia F. Richardson,Female,41,51,"Geologist, engineering",Yes,No,United States,New Jersey,,
CUST-528167,Rachel C. Carter,Female,40,50,Chartered public finance accountant,Yes,No,United States,New Jersey,,
CUST-242835,Leah H. Carter,Female,27,38,Teaching laboratory technician,Yes,No,United States,New Jersey,,
CUST-299354,Stella S. Chambers,Female,19,26,"Sound technician, broadcasting/film/video",Yes,No,United States,New Jersey,,
CUST-608639,Hailey Y. Simpson,Female,55,56,Advice worker,Yes,No,United States,New Jersey,,
CUST-226274,Lily G. Flores,Female,23,47,Community development worker,Yes,No,United States,New Jersey,,
CUST-639398,Charlotte J. Blake,Female,60,62,Academic librarian,Yes,No,United States,New Jersey,,
CUST-553106,Stella D. Carr,Female,48,50,Secondary school teacher,Yes,No,United States,New Jersey,,
CUST-494847,Emma V. Wilson,Female,20,35,Careers adviser,Yes,No,United States,New Jersey,,
CUST-185238,Anna A. Howard,Female,33,48,"Psychologist, clinical",Yes,No,United States,New Jersey,,
CUST-558625,Elizabeth F. Watts,Female,39,42,"Geologist, engineering",Yes,No,United States,New Jersey,,
CUST-585207,Olivia O. Neal,Female,52,75,"Social research officer, government",Yes,No,United States,New Jersey,,
CUST-629604,Olivia V. Herrera,Female,53,60,Biomedical scientist,Yes,No,United States,New Jersey,,
CUST-520917,Julia Z. Hopkins,Female,35,50,"Scientist, research (medical)",Yes,No,United States,New Jersey,,
CUST-724332,Evelyn A. Gonzales,Female,23,44,Press sub,Yes,No,United States,New Jersey,,
CUST-653634,Violet B. Rose,Female,45,53,Radiation protection practitioner,Yes,No,United States,New Jersey,,
CUST-981135,Nora B. Davis,Female,28,50,"Engineer, building services",Yes,No,United States,New Jersey,,
CUST-658855,Julia X. George,Female,52,63,Advice worker,Yes,No,United States,New Jersey,,
CUST-961243,Anna F. Moore,Female,59,72,Multimedia specialist,Yes,No,United States,New Jersey,,
CUST-647951,Hailey L. Estrada,Female,55,56,Broadcast engineer,Yes,No,United States,New Jersey,,
CUST-366255,Leah G. Dennis,Female,29,51,Product manager,Yes,No,United States,New Jersey,,
CUST-492043,Madison C. Cook,Female,25,27,Community pharmacist,Yes,No,United States,New Jersey,,
CUST-568051,Kennedy D. Robinson,Female,38,48,Landscape architect,Yes,No,United States,New Jersey,,
CUST-270380,Leah C. Romero,Female,29,40,Mining engineer,Yes,No,United States,New Jersey,,
CUST-647659,Caroline K. Lyons,Female,20,31,Banker,Yes,No,United States,New Jersey,,
CUST-730499,Anna W. Dennis,Female,34,37,Research scientist (medical),Yes,No,United States,New Jersey,,
CUST-623629,Eleanor I. Ford,Female,52,54,Investment analyst,Yes,No,United States,New Jersey,,
CUST-571494,Savannah K. Bowman,Female,32,39,Geochemist,Yes,No,United States,New Jersey,,
CUST-800180,Lily Z. Blake,Female,60,65,Trade mark attorney,Yes,No,United States,New Jersey,,
CUST-772674,Natalie G. Byrd,Female,26,37,Professor Emeritus,Yes,Yes,United States,New Jersey,,
CUST-319196,Grace C. Knight,Female,28,38,Police officer,Yes,Yes,United States,New Jersey,,
CUST-879123,Sophia C. Ross,Female,36,45,Health and safety adviser,Yes,Yes,United States,New Jersey,,
CUST-150030,Alice S. Flores,Female,35,52,"Psychologist, prison and probation services",Yes,Yes,United States,New Jersey,,
CUST-332611,Julia U. Price,Female,19,25,"Development worker, community",Yes,Yes,United States,New Jersey,,
CUST-559480,Nora O. Stone,Female,27,38,"Engineer, communications",Yes,Yes,United States,New Jersey,,
CUST-922810,Chloe E. Walton,Female,38,58,Horticultural consultant,Yes,Yes,United States,New Jersey,,
CUST-127335,Amelia G. Carpenter,Female,50,53,Chiropractor,Yes,Yes,United States,New Jersey,,
CUST-373740,Nora S. Gomez,Female,27,52,Museum education officer,Yes,Yes,United States,New Jersey,,
CUST-981015,Sarah H. Walker,Female,34,50,Sports therapist,Yes,Yes,United States,New Jersey,,
CUST-299446,Lauren R. Alvarez,Female,46,57,International aid/development worker,Yes,Yes,United States,New Jersey,,
CUST-800919,Olivia G. Vasquez,Female,24,36,Hotel manager,Yes,Yes,United States,New Jersey,,
CUST-854492,Caroline O. Franklin,Female,53,71,Pension scheme manager,Yes,Yes,United States,New Jersey,,
CUST-442002,Rachel C. Reese,Female,55,64,Illustrator,Yes,Yes,United States,New Jersey,,
CUST-802253,Charlotte E. Burns,Female,51,58,Press photographer,Yes,Yes,United States,New Jersey,,
CUST-480444,Lauren G. Terry,Female,30,52,Museum/gallery conservator,Yes,Yes,United States,New Jersey,,
CUST-670489,Thomas K. Russell,Female,42,44,"Psychotherapist, child",Yes,Yes,United States,New Jersey,,
CUST-487212,Leah D. Nelson,Female,26,44,"Engineer, production",Yes,Yes,United States,New Jersey,,
CUST-168587,Claire Y. Carr,Female,24,44,Community pharmacist,Yes,Yes,United States,New Jersey,,
CUST-203457,Julia G. Leonard,Female,28,39,Biomedical engineer,Yes,Yes,United States,New Jersey,,
CUST-155114,Leah M. Byrd,Female,57,72,Health visitor,Yes,Yes,United States,New Jersey,,
CUST-977664,Audrey N. Thornton,Female,36,43,Actuary,Yes,Yes,United States,New Jersey,,
CUST-615935,Chloe U. Flores,Female,27,35,Meteorologist,Yes,Yes,United States,New Jersey,,
CUST-225258,Amelia Q. Hayes,Female,52,75,"Psychologist, counselling",Yes,Yes,United States,New Jersey,,
CUST-800539,Savannah O. Scott,Female,38,62,Media planner,Yes,Yes,United States,New Jersey,,
CUST-742446,Nora X. Nelson,Female,26,43,Haematologist,Yes,Yes,United States,New Jersey,,
CUST-561723,Lily B. Guzman,Female,28,39,"Surveyor, mining",Yes,Yes,United States,New Jersey,,
CUST-705058,Emma Y. Wagner,Female,49,52,Air broker,Yes,Yes,United States,New Jersey,,
CUST-294984,Stella J. Garrett,Female,21,25,Research scientist (physical sciences),Yes,Yes,United States,New Jersey,,
CUST-958372,Isabella C. Manning,Female,58,78,Educational psychologist,Yes,Yes,United States,New Jersey,,
CUST-244448,Elizabeth A. Holt,Female,35,60,Broadcast journalist,Yes,Yes,United States,New Jersey,,
CUST-938665,Addison A. Bush,Female,52,57,Clinical biochemist,Yes,Yes,United States,New Jersey,,
CUST-228822,Alice V. Parks,Female,30,36,Chartered loss adjuster,Yes,Yes,United States,New Jersey,,
CUST-944388,Brooklyn A. Santiago,Female,50,61,Housing manager/officer,Yes,Yes,United States,New Jersey,,
CUST-821452,Sarah Q. Garner,Female,33,47,Museum education officer,Yes,Yes,United States,New Jersey,,
CUST-315305,Nora U. Parks,Female,27,39,Management consultant,Yes,Yes,United States,New Jersey,,
CUST-877437,Natalie A. Rios,Female,28,52,"Sales professional, IT",Yes,Yes,United States,New Jersey,,
CUST-386409,Olivia F. Washington,Female,57,61,Cabin crew,Yes,Yes,United States,New Jersey,,
CUST-864132,Emma O. Adams,Female,52,62,Land/geomatics surveyor,Yes,Yes,United States,New Jersey,,
CUST-993900,Sophia C. Holt,Female,29,43,"Accountant, chartered certified",Yes,Yes,United States,New Jersey,,
CUST-596429,Sarah R. Austin,Female,36,37,Environmental manager,Yes,Yes,United States,New Jersey,,
CUST-371633,Alice N. Cohen,Female,47,56,Barrister,Yes,Yes,United States,New Jersey,,
CUST-600943,Sarah P. Wallace,Female,42,44,"Programmer, multimedia",Yes,Yes,United States,New Jersey,,
CUST-408840,Emma K. Swanson,Female,56,80,"Radiographer, diagnostic",Yes,Yes,United States,New Jersey,,
CUST-452673,Emma J. Gregory,Female,37,41,Building surveyor,Yes,Yes,United States,New Jersey,,
CUST-438851,Nora V. Alexander,Female,18,31,Forensic psychologist,Yes,Yes,United States,New Jersey,,
CUST-668903,Elizabeth F. Kelley,Female,48,57,Naval architect,Yes,Yes,United States,New Jersey,,
CUST-492347,Savannah A. Lyons,Female,22,43,Broadcast presenter,Yes,Yes,United States,New Jersey,,
CUST-387930,Victoria E. Schneider,Female,25,49,"Scientist, biomedical",Yes,Yes,United States,New Jersey,,
CUST-854063,Rachel A. Palmer,Female,38,49,Psychotherapist,Yes,Yes,United States,New Jersey,,
CUST-215336,Natalie N. Cole,Female,50,56,Educational psychologist,Yes,Yes,United States,New Jersey,,
CUST-774861,Stella T. Palmer,Female,33,44,"Administrator, Civil Service",Yes,Yes,United States,New Jersey,,
CUST-815969,Emma H. Moore,Female,50,64,"Journalist, newspaper",Yes,Yes,United States,New Jersey,,
CUST-929720,Lucy X. Cole,Female,46,56,Film/video editor,Yes,Yes,United States,New Jersey,,
CUST-710417,Victoria H. Harper,Female,21,22,Advertising art director,Yes,Yes,United States,New Jersey,,
CUST-259233,Violet B. Haynes,Female,40,63,Art gallery manager,Yes,Yes,United States,New Jersey,,
CUST-393013,Lily L. Woods,Female,50,64,Investment analyst,Yes,Yes,United States,New Jersey,,
CUST-822711,Natalie R. Rice,Female,39,48,Further education lecturer,Yes,Yes,United States,New Jersey,,
CUST-308829,Caroline N. Jensen,Female,29,42,Environmental health practitioner,Yes,Yes,United States,New Jersey,,
CUST-251166,Brooklyn E. Doyle,Female,25,28,Technical brewer,Yes,Yes,United States,New Jersey,,
CUST-278367,Hailey Q. Jordan,Female,27,50,"Administrator, Civil Service",Yes,Yes,United States,New Jersey,,
CUST-587438,Emma Z. Davis,Female,48,67,Radio broadcast assistant,Yes,Yes,United States,New Jersey,,
CUST-768378,Lucy H. Waters,Female,58,74,Warden/ranger,Yes,Yes,United States,New Jersey,,
CUST-843600,Madison Z. Chapman,Female,55,64,"Surveyor, rural practice",Yes,Yes,United States,New Jersey,,
CUST-737225,Anna C. Tate,Female,20,43,"Engineer, communications",Yes,Yes,United States,New Jersey,,
CUST-953153,Lauren G. Edwards,Female,20,40,Chartered legal executive (England and Wales),Yes,Yes,United States,New Jersey,,
CUST-833082,Stella E. Horton,Female,38,63,Archaeologist,Yes,Yes,United States,New Jersey,,
CUST-336616,Lucy O. Ferguson,Female,49,58,"Surveyor, rural practice",Yes,Yes,United States,New Jersey,,
CUST-319531,Emma S. Greer,Female,32,54,Musician,Yes,Yes,United States,New Jersey,,
CUST-275453,Hunter Q. Goodman,Female,44,60,Contracting civil engineer,Yes,Yes,United States,New Jersey,,
CUST-226395,Hailey F. Carroll,Female,47,52,Chartered public finance accountant,Yes,Yes,United States,New Jersey,,
CUST-830124,Amelia E. Perkins,Female,28,52,Landscape architect,Yes,Yes,United States,New Jersey,,
CUST-276878,Abigail V. Goodwin,Female,31,55,Clothing/textile technologist,No,No,United States,New Jersey,,
CUST-943601,Julia R. Peters,Female,22,42,"Scientist, research (life sciences)",No,No,United States,New Jersey,,
CUST-248133,Emma R. Young,Female,36,38,"Presenter, broadcasting",No,No,United States,New Jersey,,
CUST-243508,Stella G. Saunders,Female,36,61,Community pharmacist,No,No,United States,New Jersey,,
CUST-500121,Brooklyn W. Schultz,Female,23,26,"Geneticist, molecular",No,No,United States,New Jersey,,
CUST-306860,Lauren N. Dixon,Female,46,66,Environmental health practitioner,No,No,United States,New Jersey,,
CUST-486146,Lily I. Phillips,Female,24,31,"Horticulturist, commercial",No,No,United States,New Jersey,,
CUST-690666,Isabella S. Wolfe,Female,29,37,Field trials officer,No,No,United States,New Jersey,,
CUST-228881,Brooklyn B. Lyons,Female,53,63,Animal nutritionist,No,No,United States,New Jersey,,
CUST-549532,Claire J. McGee,Female,30,46,Ranger/warden,No,No,United States,New Jersey,,
CUST-862154,Alice J. Ferguson,Female,56,72,"Solicitor, Scotland",No,No,United States,New Jersey,,
CUST-150132,Natalie V. Robbins,Female,36,60,Sports development officer,No,No,United States,New Jersey,,
CUST-267408,Leah C. Duncan,Female,37,62,"Engineer, structural",No,No,United States,New Jersey,,
CUST-586307,Grace W. Moss,Female,29,45,Barrister's clerk,No,No,United States,New Jersey,,
CUST-279862,Charlotte I. Martin,Female,34,42,"Education officer, museum",No,No,United States,New Jersey,,
CUST-946181,Julia Z. Riley,Female,56,65,Geochemist,No,No,United States,New Jersey,,
CUST-854195,Sophia T. Crawford,Female,34,56,Media planner,No,No,United States,New Jersey,,
CUST-224594,Claire Z. Jimenez,Female,47,50,"Restaurant manager, fast food",No,No,United States,New Jersey,,
CUST-422049,Olivia M. Burton,Female,24,26,Barrister,No,No,United States,New Jersey,,
CUST-895615,Nora Y. Robinson,Female,40,65,Media planner,No,No,United States,New Jersey,,
CUST-688291,Stella D. Yates,Female,44,61,Aeronautical engineer,No,No,United States,New Jersey,,
CUST-380911,Brooklyn B. King,Female,24,34,"Teacher, adult education",No,No,United States,New Jersey,,
CUST-796354,Evelyn S. Fitzgerald,Female,28,37,Outdoor activities/education manager,No,No,United States,New Jersey,,
CUST-917825,Hailey W. Phillips,Female,27,47,"Nurse, children's",No,No,United States,New Jersey,,
CUST-315864,Claire R. Burns,Female,24,46,Psychiatric nurse,No,No,United States,New Jersey,,
CUST-210267,Audrey N. Padilla,Female,33,38,Furniture designer,No,No,United States,New Jersey,,
CUST-412700,Hannah Z. Baldwin,Female,35,49,"Surveyor, rural practice",No,No,United States,New Jersey,,
CUST-787670,Amelia N. Chambers,Female,29,32,Operational investment banker,No,No,United States,New Jersey,,
CUST-568119,Anna M. Bradley,Female,55,62,Podiatrist,No,No,United States,New Jersey,,
CUST-687210,Nora Q. Watts,Female,25,28,Legal secretary,No,No,United States,New Jersey,,
CUST-308683,Isabella U. Franklin,Female,47,63,Sports coach,No,No,United States,New Jersey,,
CUST-992380,Evelyn B. Cooper,Female,25,35,"Lighting technician, broadcasting/film/video",No,No,United States,New Jersey,,
CUST-947712,Lauren M. Garner,Female,38,46,Toxicologist,No,No,United States,New Jersey,,
CUST-458592,Rachel X. Meyer,Female,38,59,Ambulance person,No,No,United States,New Jersey,,
CUST-606013,Natalie G. Bennett,Female,27,40,Sub,No,No,United States,New Jersey,,
CUST-192540,Rachel M. Quinn,Female,39,57,Radio producer,No,No,United States,New Jersey,,
CUST-426642,Claire O. Reyes,Female,60,64,Arts development officer,No,No,United States,New Jersey,,
CUST-867842,Hannah R. Reid,Female,29,36,Estate manager/land agent,No,No,United States,New Jersey,,
CUST-542040,Caroline D. Campbell,Female,23,24,"Nurse, learning disability",No,No,United States,New Jersey,,
CUST-419855,Lucy H. Chandler,Female,41,46,Analytical chemist,No,No,United States,New Jersey,,
CUST-185731,Lucy W. Thomas,Female,32,40,"Editor, magazine features",No,No,United States,New Jersey,,
CUST-309982,Madison C. Guerrero,Female,56,74,Music tutor,No,No,United States,New Jersey,,
CUST-457839,Rachel W. Allen,Female,20,27,Network engineer,No,No,United States,New Jersey,,
CUST-615176,Audrey M. Carter,Female,31,54,Conference centre manager,No,No,United States,New Jersey,,
CUST-787133,Emma R. Swanson,Female,37,62,Sports administrator,No,No,United States,New Jersey,,
CUST-177384,Violet U. Rios,Female,41,59,Artist,No,No,United States,New Jersey,,
CUST-652443,Evelyn N. Rios,Female,54,75,Advertising account executive,No,No,United States,New Jersey,,
CUST-272029,Allison U. Carr,Female,25,28,Data scientist,No,No,United States,New Jersey,,
CUST-338515,Anna C. Farmer,Female,42,67,"Administrator, local government",No,No,United States,New Jersey,,
CUST-194311,Caroline F. Berry,Female,28,49,Administrator,No,No,United States,New Jersey,,
CUST-572568,Claire Q. Hodges,Female,52,67,Learning mentor,No,No,United States,New Jersey,,
CUST-625754,Claire G. Powell,Female,60,66,Chief of Staff,No,No,United States,New Jersey,,
CUST-813661,Anna B. Little,Female,50,63,Hospital pharmacist,No,No,United States,New Jersey,,
CUST-169233,Anna G. Stewart,Female,32,48,Airline pilot,No,No,United States,New Jersey,,
CUST-931464,Leah B. Schmidt,Female,44,55,Sports administrator,No,No,United States,New Jersey,,
CUST-419043,Lauren L. Harper,Female,50,55,Computer games developer,No,No,United States,New Jersey,,
CUST-787179,Emma F. Murray,Female,33,42,Immigration officer,No,No,United States,New Jersey,,
CUST-839269,Rachel A. Moody,Female,49,51,Hospital pharmacist,No,No,United States,New Jersey,,
CUST-786518,Anna M. Watson,Female,44,62,Armed forces training and education officer,No,No,United States,New Jersey,,
CUST-753919,Lily W. Harrison,Female,31,48,Hydrologist,No,No,United States,New Jersey,,
CUST-728073,Eleanor W. Carr,Female,21,43,Geochemist,No,No,United States,New Jersey,,
CUST-540142,Allison K. Simmons,Female,48,66,Naval architect,No,No,United States,New Jersey,,
CUST-779341,Victoria Z. Rios,Female,37,47,Teaching laboratory technician,No,No,United States,New Jersey,,
CUST-513596,Nora V. Hammond,Female,52,58,Higher education lecturer,No,No,United States,New Jersey,,
CUST-988450,Audrey M. Ortiz,Female,31,43,"Social research officer, government",No,No,United States,New Jersey,,
CUST-309782,Anna Y. Page,Female,53,63,"Conservator, museum/gallery",No,No,United States,New Jersey,,
CUST-933294,Addison D. Delgado,Female,48,54,Trading standards officer,No,No,United States,New Jersey,,
CUST-163030,Lucy I. Harrison,Female,26,29,Research scientist (physical sciences),No,No,United States,New Jersey,,
CUST-923195,Caroline G. Frazier,Female,45,65,Petroleum engineer,No,No,United States,New Jersey,,
CUST-394680,Nicholas M. Perry,Female,51,55,Social worker,No,No,United States,New Jersey,,
CUST-606537,Natalie Y. Fisher,Female,33,56,Adult nurse,No,No,United States,New Jersey,,
CUST-190775,Leah C. Maxwell,Female,51,74,Environmental manager,No,No,United States,New Jersey,,
CUST-886628,Sarah J. Kim,Female,57,76,Company secretary,No,No,United States,New Jersey,,
CUST-705500,Lily X. Harrison,Female,32,38,Investment analyst,No,No,United States,New Jersey,,
CUST-923420,Eleanor R. Carlson,Female,44,45,Horticultural consultant,No,No,United States,New Jersey,,
CUST-934502,Olivia K. Becker,Female,40,42,Engineering geologist,No,No,United States,New Jersey,,
CUST-517790,Elizabeth M. Stevens,Female,30,31,Air traffic controller,No,No,United States,New Jersey,,
CUST-979888,Charlotte E. Jacobs,Female,28,36,Field seismologist,No,No,United States,New Jersey,,
CUST-670214,Hailey I. Conner,Female,59,73,"Engineer, communications",No,No,United States,New Jersey,,
CUST-235532,Savannah R. Swanson,Female,59,78,Sales promotion account executive,No,No,United States,New Jersey,,
CUST-952254,Olivia W. Hines,Female,39,40,Commissioning editor,No,No,United States,New Jersey,,
CUST-767367,Sarah C. Fields,Female,44,65,Operations geologist,No,No,United States,New Jersey,,
CUST-877658,Natalie C. Ramsey,Female,54,63,Further education lecturer,No,No,United States,New Jersey,,
CUST-518736,Evelyn P. Cohen,Female,51,62,Patent examiner,No,No,United States,New Jersey,,
CUST-107011,Claire Y. Carlson,Female,55,80,"Scientist, research (physical sciences)",No,No,United States,New Jersey,,
CUST-438443,Rachel G. Banks,Female,40,41,Logistics and distribution manager,No,No,United States,New Jersey,,
CUST-638290,Julia A. Bowen,Female,32,33,Accounting technician,No,No,United States,New Jersey,,
CUST-434351,Nora J. Sullivan,Female,52,64,"Buyer, retail",No,No,United States,New Jersey,,
CUST-999959,Emma V. Morales,Female,42,66,Quantity surveyor,No,Yes,United States,New Jersey,,
CUST-176791,Leah Y. Goodwin,Female,47,53,"Conservator, museum/gallery",No,Yes,United States,New Jersey,,
CUST-257753,Lauren Z. Washington,Female,39,54,Make,No,Yes,United States,New Jersey,,
CUST-754650,Amelia E. Watkins,Female,21,40,Advertising account executive,No,Yes,United States,New Jersey,,
CUST-283981,Nora J. Roberts,Female,54,58,Chiropodist,No,Yes,United States,New Jersey,,
CUST-508001,Violet Q. Diaz,Female,45,50,Advertising copywriter,No,Yes,United States,New Jersey,,
CUST-440234,Sophia G. James,Female,47,71,Land/geomatics surveyor,No,Yes,United States,New Jersey,,
CUST-311845,Julia J. Parker,Female,46,69,Clinical molecular geneticist,No,Yes,United States,New Jersey,,
CUST-114844,Nathan W. Crawford,Female,30,50,Astronomer,No,Yes,United States,New Jersey,,
CUST-797947,Stella W. Townsend,Female,57,73,"Engineer, communications",No,Yes,United States,New Jersey,,
CUST-901294,Brooklyn J. Salazar,Female,37,41,Biomedical scientist,No,Yes,United States,New Jersey,,
CUST-653239,Anna C. Matthews,Female,24,38,Arts administrator,No,Yes,United States,New Jersey,,
CUST-961314,Elizabeth R. Holt,Female,29,47,Chartered certified accountant,No,Yes,United States,New Jersey,,
CUST-526450,Chloe P. Young,Female,40,51,Radio broadcast assistant,No,Yes,United States,New Jersey,,
CUST-273085,Natalie J. Howell,Female,29,52,"Engineer, biomedical",No,Yes,United States,New Jersey,,
CUST-374243,Lauren W. Richardson,Female,60,61,"Scientist, water quality",No,Yes,United States,New Jersey,,
CUST-267702,Violet P. Mack,Female,18,37,Adult nurse,No,Yes,United States,New Jersey,,
CUST-303734,Leah D. Burton,Female,21,43,"Engineer, technical sales",No,Yes,United States,New Jersey,,
CUST-178010,Leah S. Nelson,Female,34,46,"Administrator, education",No,Yes,United States,New Jersey,,
CUST-713187,Sarah T. Riley,Female,30,45,Health physicist,No,Yes,United States,New Jersey,,
CUST-902458,Kennedy Y. Marshall,Female,52,69,Leisure centre manager,No,Yes,United States,New Jersey,,
CUST-676622,Hannah Z. Brown,Female,36,52,Maintenance engineer,No,Yes,United States,New Jersey,,
CUST-550984,Stella J. Peters,Female,32,57,Land/geomatics surveyor,No,Yes,United States,New Jersey,,
CUST-789828,Victoria V. Price,Female,50,64,Media buyer,No,Yes,United States,New Jersey,,
CUST-235823,Madison U. Robbins,Female,53,68,Social researcher,No,Yes,United States,New Jersey,,
CUST-210842,Sophia E. Montgomery,Female,54,70,Insurance broker,No,Yes,United States,New Jersey,,
CUST-859523,Caroline R. May,Female,34,36,Biomedical engineer,No,Yes,United States,New Jersey,,
CUST-324852,Elizabeth I. Chambers,Female,22,32,Sport and exercise psychologist,No,Yes,United States,New Jersey,,
CUST-665814,Hannah C. Lyons,Female,49,64,Restaurant manager,No,Yes,United States,New Jersey,,
CUST-294355,Nicholas D. Walton,Female,28,45,Soil scientist,No,Yes,United States,New Jersey,,
CUST-513650,Grace C. Wheeler,Female,48,52,Tax adviser,No,Yes,United States,New Jersey,,
CUST-899834,Chloe Y. Rice,Female,37,62,Facilities manager,No,Yes,United States,New Jersey,,
CUST-189782,Anna M. Thomas,Female,23,24,Retail buyer,No,Yes,United States,New Jersey,,
CUST-655738,Grace V. Rios,Female,21,43,Osteopath,No,Yes,United States,New Jersey,,
CUST-456005,Brooklyn E. Jensen,Female,38,60,Cartographer,No,Yes,United States,New Jersey,,
CUST-259164,Isabella C. Hammond,Female,41,51,Lawyer,No,Yes,United States,New Jersey,,
CUST-793479,Nora G. Little,Female,36,49,Immigration officer,No,Yes,United States,New Jersey,,
CUST-699319,Brooklyn O. Doyle,Female,57,82,"Psychologist, counselling",No,Yes,United States,New Jersey,,
CUST-859845,Hannah X. Lane,Female,57,75,Clinical embryologist,No,Yes,United States,New Jersey,,
CUST-786196,Leah D. Stone,Female,59,78,"Engineer, water",No,Yes,United States,New Jersey,,
CUST-398351,Anna N. Hubbard,Female,43,48,Building surveyor,No,Yes,United States,New Jersey,,
CUST-549541,David T. Day,Female,55,56,Technical brewer,No,Yes,United States,New Jersey,,
CUST-949189,Sophia R. Benson,Female,47,62,Nature conservation officer,No,Yes,United States,New Jersey,,
CUST-643672,Charlotte Z. Willis,Female,22,47,"Accountant, chartered management",No,Yes,United States,New Jersey,,
CUST-707183,Caroline A. Ortiz,Female,42,44,"Therapist, drama",No,Yes,United States,New Jersey,,
CUST-597459,Kennedy B. Barrett,Female,28,34,"Engineer, broadcasting (operations)",No,Yes,United States,New Jersey,,
CUST-952090,Nora U. Hudson,Female,57,63,Special effects artist,No,Yes,United States,New Jersey,,
CUST-121788,Rachel B. Morgan,Female,36,40,Warden/ranger,No,Yes,United States,New Jersey,,
CUST-163340,Emma G. Page,Female,58,82,Secretary/administrator,No,Yes,United States,New Jersey,,
CUST-398707,Hannah O. Dennis,Female,36,39,"Conservator, museum/gallery",No,Yes,United States,New Jersey,,
CUST-363351,Elizabeth H. Gilbert,Female,42,48,Jewellery designer,No,Yes,United States,New Jersey,,
CUST-479824,Grace H. Perry,Female,21,38,Academic librarian,No,Yes,United States,New Jersey,,
CUST-887197,Amelia H. Kennedy,Female,33,38,Museum/gallery exhibitions officer,No,Yes,United States,New Jersey,,
CUST-288185,Hannah S. Sullivan,Female,47,60,Arts administrator,No,Yes,United States,New Jersey,,
CUST-669265,Evelyn F. Newton,Female,47,68,Claims inspector/assessor,No,Yes,United States,New Jersey,,
CUST-188573,Natalie M. Hayes,Female,49,60,"Teacher, secondary school",No,Yes,United States,New Jersey,,
CUST-583237,Anna Z. Gibson,Female,52,65,Accommodation manager,No,Yes,United States,New Jersey,,
CUST-678272,Julia U. Valdez,Female,21,42,Horticultural therapist,No,Yes,United States,New Jersey,,
CUST-395325,Natalie Q. Pope,Female,47,62,Customer service manager,No,Yes,United States,New Jersey,,
CUST-464651,Brooklyn C. Ortega,Female,47,67,"Geneticist, molecular",No,Yes,United States,New Jersey,,
CUST-424572,Lauren A. Ball,Female,51,61,TEFL teacher,No,Yes,United States,New Jersey,,
CUST-427787,Brooklyn C. Rhodes,Female,35,55,Professor Emeritus,No,Yes,United States,New Jersey,,
CUST-923559,Kennedy Y. Yates,Female,19,32,Landscape architect,No,Yes,United States,New Jersey,,
CUST-895316,Stella I. Quinn,Female,29,50,Stage manager,No,Yes,United States,New Jersey,,
CUST-587270,Caroline P. Vasquez,Female,22,30,"Programmer, multimedia",No,Yes,United States,New Jersey,,
CUST-203734,Violet K. Watts,Female,50,65,Early years teacher,No,Yes,United States,New Jersey,,
CUST-537514,Alice S. Valdez,Female,58,72,"Programmer, multimedia",No,Yes,United States,New Jersey,,
CUST-761633,Abigail A. Cruz,Female,23,27,Counsellor,No,Yes,United States,New Jersey,,
CUST-638380,Grace R. Olson,Female,30,31,Farm manager,No,Yes,United States,New Jersey,,
CUST-482808,Lauren O. Mendoza,Female,31,43,"Designer, textile",No,Yes,United States,New Jersey,,
CUST-747875,Eleanor P. Porter,Female,43,62,Museum/gallery conservator,No,Yes,United States,New Jersey,,
CUST-236533,Hannah V. Ferguson,Female,49,72,"Engineer, site",No,Yes,United States,New Jersey,,
CUST-769475,Leah I. Simon,Female,44,69,Educational psychologist,No,Yes,United States,New Jersey,,
CUST-521186,Julia E. Richards,Female,21,36,Artist,No,Yes,United States,New Jersey,,
CUST-509010,Lauren W. King,Female,49,69,Tree surgeon,No,Yes,United States,New Jersey,,
CUST-211368,Claire U. Walters,Female,39,51,Adult nurse,No,Yes,United States,New Jersey,,
CUST-684870,Lucy Y. Gross,Female,53,59,Commercial art gallery manager,No,Yes,United States,New Jersey,,
CUST-942917,Isabella Z. Snyder,Female,23,32,"Lighting technician, broadcasting/film/video",No,Yes,United States,New Jersey,,
CUST-280464,Elizabeth W. Shaw,Female,59,67,Education administrator,No,Yes,United States,New Jersey,,
CUST-441903,Chloe L. Castro,Female,35,45,Psychotherapist,No,Yes,United States,New Jersey,,
CUST-227524,Lauren Y. Simpson,Female,53,72,Health physicist,No,Yes,United States,New Jersey,,
CUST-970225,Charlotte B. Wood,Female,18,36,Manufacturing engineer,No,Yes,United States,New Jersey,,
CUST-269165,Lucy U. Freeman,Female,34,42,Equities trader,No,Yes,United States,New Jersey,,
CUST-998674,Eleanor D. Weber,Female,34,38,"Loss adjuster, chartered",No,Yes,United States,New Jersey,,
CUST-432228,Sophia W. Saunders,Female,38,49,Theatre manager,No,Yes,United States,New Jersey,,
CUST-868013,Amelia G. Flowers,Female,52,74,Private music teacher,No,Yes,United States,New Jersey,,
CUST-752927,Chloe W. Cox,Female,36,48,"Therapist, music",No,Yes,United States,New Jersey,,
CUST-996145,Rachel I. White,Female,42,55,Magazine journalist,No,Yes,United States,New Jersey,,
CUST-830183,Hailey R. Tate,Female,45,61,Health visitor,No,Yes,United States,New Jersey,,
CUST-908077,Chloe I. Sanders,Female,30,43,Legal executive,No,Yes,United States,New Jersey,,
CUST-637576,Lauren S. Leonard,Female,36,51,Aeronautical engineer,No,Yes,United States,New Jersey,,
CUST-268535,Isabella U. Strickland,Female,23,28,Armed forces logistics/support/administrative officer,No,Yes,United States,New Jersey,,
CUST-904256,Chloe J. Wright,Female,45,50,Mechanical engineer,No,Yes,United States,New Jersey,,
CUST-916719,Violet W. Lawrence,Female,18,27,"Chemist, analytical",No,Yes,United States,Minnesota,,
CUST-570093,Brooklyn V. Ruiz,Female,31,39,"Designer, ceramics/pottery",No,Yes,United States,Minnesota,,
CUST-983061,Stella M. Gomez,Female,32,39,Recruitment consultant,No,Yes,United States,Minnesota,,
CUST-713625,Elizabeth Q. Patton,Female,42,53,Chartered certified accountant,No,Yes,United States,Minnesota,,
CUST-736477,Charlotte C. Alvarez,Female,45,61,"Therapist, occupational",No,Yes,United States,Minnesota,,
CUST-541231,Abigail S. Cummings,Female,41,52,Learning mentor,No,Yes,United States,Minnesota,,
CUST-977279,Madison R. Ramos,Female,48,59,"Nurse, adult",No,Yes,United States,Minnesota,,
CUST-221834,Allison W. Herrera,Female,18,33,"Librarian, public",No,Yes,United States,Minnesota,,
CUST-975616,Amelia G. Silva,Female,44,68,Jewellery designer,No,Yes,United States,Minnesota,,
CUST-643782,Rachel A. Alexander,Female,23,45,"Doctor, hospital",No,Yes,United States,Minnesota,,
CUST-383277,Sophia R. Paul,Female,51,70,Visual merchandiser,No,Yes,United States,Minnesota,,
CUST-231792,Claire Q. Morales,Female,41,60,Mudlogger,No,Yes,United States,Minnesota,,
CUST-404976,Savannah J. Chavez,Female,31,49,Television/film/video producer,No,Yes,United States,Minnesota,,
CUST-135050,Eleanor V. Jones,Female,51,63,"Therapist, horticultural",No,Yes,United States,Minnesota,,
CUST-850703,Leah Z. Wilson,Female,44,57,"Geneticist, molecular",No,Yes,United States,Minnesota,,
CUST-836688,Isabella Q. Payne,Female,35,50,"Engineer, chemical",No,Yes,United States,Minnesota,,
CUST-299030,Sarah A. Bailey,Female,50,53,Public relations officer,No,Yes,United States,Minnesota,,
CUST-792722,Stella B. Stone,Female,19,26,Warden/ranger,No,Yes,United States,Minnesota,,
CUST-856044,Allison G. Payne,Female,41,62,Bookseller,No,Yes,United States,Minnesota,,
CUST-152370,Hailey X. Hansen,Female,39,40,"Pharmacist, hospital",No,Yes,United States,Minnesota,,
CUST-122654,Lily Z. Cooper,Female,54,79,Warden/ranger,No,Yes,United States,Minnesota,,
CUST-195155,Victoria B. Cruz,Female,51,70,Water quality scientist,No,Yes,United States,Minnesota,,
CUST-308952,Audrey K. Leonard,Female,42,51,"Psychologist, educational",No,Yes,United States,Minnesota,,
CUST-733459,Nora C. Blair,Female,50,73,Colour technologist,No,Yes,United States,Minnesota,,
CUST-632281,Lucy Y. Thomas,Female,21,46,"Accountant, chartered certified",No,Yes,United States,Minnesota,,
CUST-692244,Allison J. Coleman,Female,51,53,Product designer,No,Yes,United States,Minnesota,,
CUST-357460,Hannah G. Terry,Female,57,79,Arts administrator,No,Yes,United States,Minnesota,,
CUST-252538,Evelyn E. Bowen,Female,51,59,Osteopath,No,Yes,United States,Minnesota,,
CUST-602606,Evelyn Y. Williamson,Female,19,37,"Scientist, research (life sciences)",No,Yes,United States,Minnesota,,
CUST-745645,Savannah O. Richards,Female,45,53,Museum/gallery conservator,No,Yes,United States,Minnesota,,
CUST-876821,Claire B. Tyler,Female,42,57,"Radiographer, diagnostic",No,Yes,United States,Minnesota,,
CUST-113447,Caroline B. Vasquez,Female,56,67,Financial planner,No,Yes,United States,Minnesota,,
CUST-846560,Kennedy Y. Newman,Female,51,58,Solicitor,No,Yes,United States,Minnesota,,
CUST-234446,Abigail G. Wolfe,Female,40,60,Marketing executive,No,Yes,United States,Minnesota,,
CUST-411485,Madison P. Hamilton,Female,45,68,"Scientist, clinical (histocompatibility and immunogenetics)",No,Yes,United States,Minnesota,,
CUST-491093,Julia B. Burgess,Female,39,60,Toxicologist,No,Yes,United States,Minnesota,,
CUST-584643,Addison G. Gutierrez,Female,34,48,Energy engineer,No,Yes,United States,Minnesota,,
CUST-321456,Julia Q. Mendez,Female,50,66,Leisure centre manager,No,Yes,United States,Minnesota,,
CUST-318979,Alice F. Delgado,Female,56,79,Government social research officer,No,Yes,United States,Minnesota,,
CUST-442666,Evelyn O. Castro,Female,33,47,Historic buildings inspector/conservation officer,No,Yes,United States,Minnesota,,
CUST-890865,Alice K. Black,Female,20,23,Environmental manager,No,Yes,United States,Minnesota,,
CUST-231864,Hailey B. Murphy,Female,26,29,Airline pilot,No,Yes,United States,Minnesota,,
CUST-659828,Stella G. Brown,Female,39,64,Art gallery manager,No,Yes,United States,Minnesota,,
CUST-305600,Victoria A. Montgomery,Female,21,23,"Editor, commissioning",No,Yes,United States,Minnesota,,
CUST-214761,Charlotte G. Benson,Female,56,78,"Psychologist, forensic",No,Yes,United States,Minnesota,,
CUST-651479,Savannah F. Fuller,Female,26,41,Data scientist,No,Yes,United States,Minnesota,,
CUST-551522,Olivia J. Valdez,Female,48,71,Forensic scientist,No,Yes,United States,Minnesota,,
CUST-831428,Sarah B. Daniels,Female,58,67,"Therapist, speech and language",No,Yes,United States,Minnesota,,
CUST-365655,Isabella V. Fields,Female,55,69,Technical sales engineer,No,Yes,United States,Minnesota,,
CUST-974074,Stella Z. Curtis,Female,20,22,Contractor,No,Yes,United States,Minnesota,,
CUST-551064,Addison K. Powers,Female,55,68,Nature conservation officer,No,Yes,United States,Minnesota,,
CUST-441706,Brooklyn D. Powell,Female,36,50,Insurance underwriter,No,Yes,United States,Minnesota,,
CUST-139097,Leah Y. Woods,Female,26,32,Orthoptist,No,Yes,United States,Minnesota,,
CUST-394928,Kennedy V. Schmidt,Female,43,49,Acupuncturist,No,Yes,United States,Minnesota,,
CUST-854393,Lily S. Yates,Female,30,31,Associate Professor,No,Yes,United States,Minnesota,,
CUST-140056,Abigail E. Santos,Female,31,43,Plant breeder/geneticist,No,Yes,United States,Minnesota,,
CUST-477136,Hailey A. Mack,Female,41,53,Lawyer,No,Yes,United States,Minnesota,,
CUST-364636,Julia N. Francis,Female,24,44,Bonds trader,No,Yes,United States,Minnesota,,
CUST-346001,Amelia E. Stephens,Female,48,62,Arts development officer,No,Yes,United States,Minnesota,,
CUST-247005,Sarah W. Burton,Female,26,29,Occupational hygienist,No,Yes,United States,Minnesota,,
CUST-335376,Natalie P. Porter,Female,42,58,Musician,No,Yes,United States,Minnesota,,
CUST-220509,Allison U. Palmer,Female,43,48,Radio producer,No,Yes,United States,Minnesota,,
CUST-401993,Eleanor B. Day,Female,18,28,Bonds trader,No,Yes,United States,Minnesota,,
CUST-535286,Evelyn E. Waters,Female,49,52,Occupational psychologist,No,Yes,United States,Minnesota,,
CUST-330852,Caroline T. Potter,Female,57,82,Nutritional therapist,No,Yes,United States,Minnesota,,
CUST-325235,Lucy V. Todd,Female,18,28,Theme park manager,No,Yes,United States,Minnesota,,
CUST-720703,Julia K. Larson,Female,23,25,"Therapist, horticultural",No,Yes,United States,Minnesota,,
CUST-662366,Grace D. Holt,Female,44,46,"Psychologist, forensic",No,Yes,United States,Minnesota,,
CUST-732922,Elizabeth O. Vargas,Female,36,58,Chief Strategy Officer,No,Yes,United States,Minnesota,,
CUST-761608,Amelia D. Simmons,Female,46,59,Dispensing optician,No,Yes,United States,Minnesota,,
CUST-124830,Abigail A. Holt,Female,33,48,Music tutor,No,Yes,United States,Minnesota,,
CUST-706158,David C. Sherman,Female,46,57,Financial adviser,No,Yes,United States,Minnesota,,
CUST-475752,Abigail I. Vaughn,Female,47,67,Records manager,No,Yes,United States,Minnesota,,
CUST-522524,Lucy F. Sims,Female,19,31,"Accountant, chartered",No,Yes,United States,Minnesota,,
CUST-785046,Grace W. Dean,Female,28,50,Advertising art director,No,Yes,United States,Minnesota,,
CUST-982325,Lily P. Williams,Female,18,26,Volunteer coordinator,No,Yes,United States,Minnesota,,
CUST-651827,Violet C. Allen,Female,52,64,Energy manager,No,Yes,United States,Minnesota,,
CUST-152123,Hailey T. Munoz,Female,18,34,Ambulance person,No,Yes,United States,Minnesota,,
CUST-562427,Victoria P. Williamson,Female,28,49,Advertising account executive,No,Yes,United States,Minnesota,,
CUST-477196,Sarah I. Franklin,Female,56,68,Government social research officer,No,Yes,United States,Minnesota,,
CUST-981208,Lucy M. Barker,Female,37,47,Sports administrator,No,Yes,United States,Minnesota,,
CUST-665846,Claire X. Graham,Female,43,55,Further education lecturer,No,Yes,United States,Minnesota,,
CUST-885393,Grace X. Love,Female,27,39,"Conservation officer, nature",No,Yes,United States,Minnesota,,
CUST-300116,Chloe S. Griffith,Female,50,70,"Psychotherapist, dance movement",No,Yes,United States,Minnesota,,
CUST-404786,Allison Q. Shelton,Female,21,36,Economist,No,Yes,United States,Minnesota,,
CUST-808446,Madison Z. Mendez,Female,23,24,Conference centre manager,No,Yes,United States,Minnesota,,
CUST-502754,Sophia N. Carpenter,Female,26,48,Physiotherapist,No,No,United States,Minnesota,,
CUST-694501,Victoria K. McCoy,Female,60,71,Field trials officer,No,No,United States,Minnesota,,
CUST-621324,Evelyn A. Flores,Female,52,70,Call centre manager,No,No,United States,Minnesota,,
CUST-964599,Lauren Q. Wolfe,Female,29,51,"Therapist, art",No,No,United States,Minnesota,,
CUST-733480,Olivia I. Wagner,Female,58,82,Glass blower/designer,No,No,United States,Minnesota,,
CUST-674348,Olivia I. Nelson,Female,18,34,"Psychotherapist, dance movement",No,No,United States,Minnesota,,
CUST-482928,Elizabeth Y. Armstrong,Female,58,63,Land/geomatics surveyor,No,No,United States,Minnesota,,
CUST-914211,Claire K. Saunders,Female,54,73,Paediatric nurse,No,No,United States,Minnesota,,
CUST-752455,Sophia L. Greer,Female,18,43,Chartered public finance accountant,No,No,United States,Minnesota,,
CUST-443960,Victoria K. Newton,Female,38,41,Town planner,No,No,United States,Minnesota,,
CUST-479136,Chloe Q. Ross,Female,48,51,Materials engineer,No,No,United States,Minnesota,,
CUST-709358,Evelyn X. Miller,Female,55,58,IT trainer,No,No,United States,Minnesota,,
CUST-832793,Madison F. Foster,Female,22,46,Chartered loss adjuster,No,No,United States,Minnesota,,
CUST-876531,Victoria K. Conner,Female,28,38,Airline pilot,No,No,United States,Minnesota,,
CUST-125458,Madison G. Perry,Female,36,58,Medical sales representative,No,No,United States,Minnesota,,
CUST-378623,Sophia I. Dixon,Female,57,74,Archivist,No,No,United States,Minnesota,,
CUST-464208,Victoria R. Smith,Female,23,39,IT trainer,No,No,United States,Minnesota,,
CUST-397351,Sarah U. Benson,Female,40,62,Veterinary surgeon,No,No,United States,Minnesota,,
CUST-393371,Nora T. Myers,Female,31,39,Probation officer,No,No,United States,Minnesota,,
CUST-192037,Brooklyn W. McGee,Female,20,36,Scientific laboratory technician,No,No,United States,Minnesota,,
CUST-788598,Chloe I. Dennis,Female,35,41,"Teacher, early years/pre",No,No,United States,Minnesota,,
CUST-389493,Madison O. Palmer,Female,36,50,IT consultant,No,No,United States,Minnesota,,
CUST-775465,Anna G. Hoffman,Female,48,62,"Engineer, automotive",No,No,United States,Minnesota,,
CUST-834494,Nora G. McKinney,Female,20,32,Garment/textile technologist,No,No,United States,Minnesota,,
CUST-769107,Audrey D. Schmidt,Female,26,41,"Engineer, building services",No,No,United States,Minnesota,,
CUST-583613,Madison T. Robinson,Female,34,47,Occupational therapist,No,No,United States,Minnesota,,
CUST-787460,Stella V. Kim,Female,44,62,Health promotion specialist,No,No,United States,Minnesota,,
CUST-214179,Rachel J. Wilson,Female,46,67,Agricultural consultant,No,No,United States,Minnesota,,
CUST-461536,Caroline S. Hart,Female,30,55,Fish farm manager,No,No,United States,Minnesota,,
CUST-429769,Leah V. Holt,Female,53,77,Dramatherapist,No,No,United States,Minnesota,,
CUST-254080,Hannah B. Black,Female,47,72,Insurance claims handler,No,No,United States,Minnesota,,
CUST-297512,Olivia Z. Wade,Female,58,83,Dramatherapist,No,No,United States,Minnesota,,
CUST-690022,Grace O. Fitzgerald,Female,48,65,"Designer, exhibition/display",No,No,United States,Minnesota,,
CUST-528015,Elizabeth X. Hansen,Female,46,51,"Scientist, biomedical",No,No,United States,Minnesota,,
CUST-745123,Amelia P. Barrett,Female,60,80,International aid/development worker,No,No,United States,Minnesota,,
CUST-778524,Emma G. Hodges,Female,39,61,Database administrator,No,No,United States,Minnesota,,
CUST-434100,Anna O. Williamson,Female,31,45,Adult guidance worker,No,No,United States,Minnesota,,
CUST-559193,Claire J. Lowe,Female,29,43,Patent attorney,No,No,United States,Minnesota,,
CUST-138660,Lucy U. Andrews,Female,37,48,Broadcast presenter,No,No,United States,Minnesota,,
CUST-105586,Evelyn G. Cohen,Female,33,56,Quarry manager,No,No,United States,Minnesota,,
CUST-862013,Elizabeth K. Smith,Female,44,51,"Nurse, mental health",No,No,United States,Minnesota,,
CUST-889982,Hannah K. Weaver,Female,46,65,"Embryologist, clinical",No,No,United States,Minnesota,,
CUST-983219,Violet D. Richards,Female,57,76,Financial planner,No,No,United States,Minnesota,,
CUST-669213,Anna U. Arnold,Female,34,54,Insurance claims handler,No,No,United States,Minnesota,,
CUST-983145,Isabella T. Mason,Female,54,66,"Buyer, retail",No,No,United States,Minnesota,,
CUST-223893,Rachel Y. Diaz,Female,19,24,Sports development officer,No,No,United States,Minnesota,,
CUST-716686,Kennedy P. Barker,Female,18,43,"Scientist, physiological",No,No,United States,Minnesota,,
CUST-646536,Addison Y. Kelley,Female,44,48,Administrator,No,No,United States,Minnesota,,
CUST-906605,Charlotte L. Diaz,Female,30,54,Personal assistant,No,No,United States,Minnesota,,
CUST-395461,Sarah K. Gibson,Female,44,48,Herpetologist,No,No,United States,Minnesota,,
CUST-521895,Savannah G. Armstrong,Female,47,68,"Conservation officer, historic buildings",No,No,United States,Minnesota,,
CUST-636122,Leah V. Warner,Female,36,54,Sports development officer,No,No,United States,Minnesota,,
CUST-987969,Hailey Z. Malone,Female,47,50,Financial risk analyst,No,No,United States,Minnesota,,
CUST-757002,Julia T. Baker,Female,44,69,"Solicitor, Scotland",No,No,United States,Minnesota,,
CUST-199508,Emma Z. Cole,Female,32,50,Special educational needs teacher,No,No,United States,Minnesota,,
CUST-554325,Julia O. Davidson,Female,57,69,"Engineer, civil (contracting)",No,No,United States,Minnesota,,
CUST-347843,Lauren Y. Doyle,Female,33,36,Health physicist,No,No,United States,Minnesota,,
CUST-425048,Nathan Z. Marshall,Female,50,52,Armed forces operational officer,No,No,United States,Minnesota,,
CUST-615352,Violet W. Ferguson,Female,34,49,Clinical molecular geneticist,No,No,United States,Minnesota,,
CUST-455018,Emma N. Hawkins,Female,20,30,Sales promotion account executive,No,No,United States,Minnesota,,
CUST-889962,Sophia F. Quinn,Female,33,50,Industrial buyer,No,No,United States,Minnesota,,
CUST-296538,Abigail Y. Yates,Female,18,21,International aid/development worker,No,No,United States,Minnesota,,
CUST-460148,Anna Y. Hodges,Female,18,41,"Nurse, adult",No,No,United States,Minnesota,,
CUST-802119,Madison B. Sims,Female,52,59,"Pilot, airline",No,No,United States,Minnesota,,
CUST-910289,Audrey P. Thornton,Female,27,49,Advice worker,No,No,United States,Minnesota,,
CUST-964224,Hailey E. Soto,Female,60,83,General practice doctor,No,No,United States,Minnesota,,
CUST-468461,Eleanor C. Simmons,Female,52,58,Educational psychologist,No,No,United States,Minnesota,,
CUST-139923,Olivia L. Grant,Female,52,74,Solicitor,No,No,United States,Minnesota,,
CUST-198785,Rachel T. Watson,Female,25,42,"Doctor, hospital",No,No,United States,Minnesota,,
CUST-143479,Leah B. Valdez,Female,20,22,Product manager,No,No,United States,Minnesota,,
CUST-861559,Leah Y. Miller,Female,37,46,Dietitian,No,No,United States,Minnesota,,
CUST-138567,Claire Y. Powell,Female,57,79,"Engineer, materials",No,No,United States,Minnesota,,
CUST-449758,Savannah G. Dean,Female,23,24,Communications engineer,No,No,United States,Minnesota,,
CUST-944470,Audrey J. King,Female,48,66,Social researcher,No,No,United States,Minnesota,,
CUST-241744,Kennedy Z. Murray,Female,27,48,"Administrator, education",No,No,United States,Minnesota,,
CUST-901095,Hailey U. Hanson,Female,51,59,Early years teacher,No,No,United States,Minnesota,,
CUST-580311,Savannah C. Morris,Female,21,38,"Accountant, chartered",No,No,United States,Minnesota,,
CUST-908766,Evelyn K. McCarthy,Female,50,62,"Restaurant manager, fast food",No,No,United States,Minnesota,,
CUST-473471,Emma O. Vasquez,Female,31,50,Conference centre manager,No,No,United States,Minnesota,,
CUST-273406,Nora R. James,Female,43,66,Advice worker,No,No,United States,Minnesota,,
CUST-740738,Julia O. Howell,Female,58,82,"Psychotherapist, child",No,No,United States,Minnesota,,
CUST-325526,Lauren F. Simpson,Female,27,35,Ceramics designer,No,No,United States,Minnesota,,
CUST-472823,Emma X. Hanson,Female,42,57,"Runner, broadcasting/film/video",No,No,United States,Minnesota,,
CUST-739196,Amelia F. Leonard,Female,29,36,Artist,No,No,United States,Minnesota,,
CUST-472400,Addison B. Anderson,Female,41,57,Facilities manager,No,No,United States,Minnesota,,
CUST-859153,Lucy H. Floyd,Female,31,51,Sports development officer,No,No,United States,Minnesota,,
CUST-774623,Chloe J. Stevenson,Female,39,43,"Development worker, community",Yes,No,United States,Minnesota,,
CUST-394831,Abigail A. Nelson,Female,20,38,Financial manager,Yes,No,United States,Minnesota,,
CUST-189306,Allison B. Harmon,Female,41,45,"Designer, industrial/product",Yes,No,United States,Minnesota,,
CUST-592605,Alice C. Thompson,Female,31,40,"Administrator, local government",Yes,No,United States,Minnesota,,
CUST-706023,Leah I. Barber,Female,48,64,Geophysicist/field seismologist,Yes,No,United States,Minnesota,,
CUST-319419,Kennedy D. Johnston,Female,44,67,Camera operator,Yes,No,United States,Minnesota,,
CUST-217436,Amelia O. Thompson,Female,32,42,Sports development officer,Yes,No,United States,Minnesota,,
CUST-322698,Natalie G. Wells,Female,56,76,Theme park manager,Yes,No,United States,Minnesota,,
CUST-788593,Emma L. Fletcher,Female,36,49,Estate manager/land agent,Yes,No,United States,Minnesota,,
CUST-156452,Addison R. Hudson,Female,57,77,Systems analyst,Yes,No,United States,Minnesota,,
CUST-121377,Daniel A. Washington,Female,45,53,"Accountant, chartered",Yes,No,United States,Minnesota,,
CUST-860361,Charlotte R. Tucker,Female,43,64,"Loss adjuster, chartered",Yes,No,United States,Minnesota,,
CUST-599456,Caroline T. Steele,Female,43,51,Horticultural consultant,Yes,No,United States,Minnesota,,
CUST-242502,Grace W. Graham,Female,35,57,"Engineer, electrical",Yes,No,United States,Minnesota,,
CUST-888562,Nora C. Phillips,Female,31,55,Newspaper journalist,Yes,No,United States,Minnesota,,
CUST-832953,Caroline U. Henderson,Female,32,39,Writer,Yes,No,United States,Minnesota,,
CUST-319365,Amelia C. Jenkins,Female,27,41,"Programmer, systems",Yes,No,United States,Minnesota,,
CUST-855908,Evelyn L. Meyer,Female,43,59,"Librarian, public",Yes,No,United States,Minnesota,,
CUST-599722,Eleanor I. Holmes,Female,37,38,"Producer, television/film/video",Yes,No,United States,Minnesota,,
CUST-640067,Elizabeth T. Welch,Female,23,27,Applications developer,Yes,No,United States,Minnesota,,
CUST-942099,Charlotte S. Wallace,Female,21,31,Firefighter,Yes,No,United States,Minnesota,,
CUST-213563,Claire O. Ortiz,Female,52,56,Paediatric nurse,Yes,No,United States,Minnesota,,
CUST-624798,Madison V. Brewer,Female,35,49,Pension scheme manager,Yes,No,United States,Minnesota,,
CUST-712309,Savannah Q. Woods,Female,18,30,"Engineer, production",Yes,No,United States,Minnesota,,
CUST-710462,Madison U. Tucker,Female,52,62,"Teacher, primary school",Yes,No,United States,Minnesota,,
CUST-295717,Rachel D. Lynch,Female,55,67,Brewing technologist,Yes,No,United States,Minnesota,,
CUST-680572,Sophia Z. Osborne,Female,55,65,"Civil engineer, contracting",Yes,No,United States,Minnesota,,
CUST-873185,Grace X. Brooks,Female,51,64,Product/process development scientist,Yes,No,United States,Minnesota,,
CUST-490717,Lily S. Stewart,Female,23,27,Orthoptist,Yes,No,United States,Minnesota,,
CUST-201366,Sarah I. Rivera,Female,24,33,Hydrogeologist,Yes,No,United States,Minnesota,,
CUST-759259,Lucy W. Banks,Female,26,41,Podiatrist,Yes,No,United States,Minnesota,,
CUST-834693,Charlotte N. Pena,Female,40,45,Bonds trader,Yes,No,United States,Minnesota,,
CUST-108977,Lily A. Newton,Female,25,34,Television floor manager,Yes,No,United States,Minnesota,,
CUST-369682,Natalie M. Santiago,Female,43,52,Interpreter,Yes,No,United States,Minnesota,,
CUST-497922,Madison W. Chavez,Female,48,64,Retail merchandiser,Yes,No,United States,Minnesota,,
CUST-699223,Addison J. Porter,Female,55,58,Regulatory affairs officer,Yes,No,United States,Minnesota,,
CUST-913810,Natalie C. Tyler,Female,46,50,"Designer, furniture",Yes,No,United States,Minnesota,,
CUST-225010,Eleanor L. Bush,Female,56,61,Architect,Yes,No,United States,Minnesota,,
CUST-144191,Julia X. Grant,Female,21,37,Food technologist,Yes,No,United States,Minnesota,,
CUST-707005,Chloe A. Powers,Female,52,77,Fitness centre manager,Yes,No,United States,Minnesota,,
CUST-748070,Hannah Z. Alexander,Female,24,33,Microbiologist,Yes,No,United States,Minnesota,,
CUST-712891,Kennedy P. Morales,Female,53,65,"Designer, blown glass/stained glass",Yes,No,United States,Minnesota,,
CUST-469120,Claire H. Obrien,Female,54,65,Ship broker,Yes,No,United States,Minnesota,,
CUST-565825,Sophia J. Cole,Female,55,77,Herpetologist,Yes,No,United States,Minnesota,,
CUST-713789,Kennedy E. Holt,Female,40,59,Bookseller,Yes,No,United States,Minnesota,,
CUST-329694,Stella E. Dixon,Female,53,55,"Therapist, nutritional",Yes,No,United States,Minnesota,,
CUST-269561,Chloe C. Brewer,Female,29,37,Psychiatrist,Yes,No,United States,Minnesota,,
CUST-984171,Sarah L. Webster,Female,19,20,Camera operator,Yes,No,United States,Minnesota,,
CUST-977078,Isabella R. Carpenter,Female,60,80,Television production assistant,Yes,No,United States,Minnesota,,
CUST-585629,Hannah X. Woods,Female,32,42,Learning mentor,Yes,No,United States,Minnesota,,
CUST-734669,Victoria K. Arnold,Female,38,44,"Doctor, hospital",Yes,No,United States,Minnesota,,
CUST-768602,Savannah C. Graham,Female,46,67,Building surveyor,Yes,No,United States,Minnesota,,
CUST-334590,Elizabeth S. Morales,Female,23,36,English as a second language teacher,Yes,No,United States,Minnesota,,
CUST-485208,Nora V. Chapman,Female,53,67,Osteopath,Yes,No,United States,Minnesota,,
CUST-246813,Emma D. Malone,Female,39,40,Public relations officer,Yes,No,United States,Minnesota,,
CUST-974620,Emma J. Scott,Female,42,51,"Secretary, company",Yes,No,United States,Minnesota,,
CUST-411451,Anna I. Daniel,Female,38,44,Commercial art gallery manager,Yes,No,United States,Minnesota,,
CUST-461178,Nora X. Lane,Female,29,41,"Scientist, product/process development",Yes,No,United States,Minnesota,,
CUST-560126,Brooklyn A. Curtis,Female,45,65,Armed forces training and education officer,Yes,No,United States,Minnesota,,
CUST-985130,Isabella O. Cruz,Female,45,53,"Radiographer, therapeutic",Yes,No,United States,Minnesota,,
CUST-153886,Brooklyn E. Armstrong,Female,39,64,Games developer,Yes,No,United States,Minnesota,,
CUST-889376,Isabella H. Oliver,Female,18,33,"Research officer, political party",Yes,No,United States,Minnesota,,
CUST-358571,Rachel F. Perkins,Female,50,52,"Designer, textile",Yes,No,United States,Minnesota,,
CUST-435623,Abigail N. Hopkins,Female,46,51,Gaffer,Yes,No,United States,Minnesota,,
CUST-109048,Grace U. Webster,Female,44,66,Government social research officer,Yes,No,United States,Minnesota,,
CUST-354328,Natalie L. Cole,Female,22,26,Exhibition designer,Yes,No,United States,Minnesota,,
CUST-463361,Hailey P. Cook,Female,40,59,Freight forwarder,Yes,No,United States,Minnesota,,
CUST-354118,Abigail D. Montgomery,Female,34,52,"Nurse, children's",Yes,No,United States,Minnesota,,
CUST-498717,Emma G. Byrd,Female,23,26,"Engineer, technical sales",Yes,No,United States,Minnesota,,
CUST-140824,Savannah H. Graves,Female,38,56,Regulatory affairs officer,Yes,No,United States,Minnesota,,
CUST-808082,Natalie P. Tate,Female,37,60,Software engineer,Yes,No,United States,Minnesota,,
CUST-921718,Chloe C. Scott,Female,21,46,Press sub,Yes,No,United States,Minnesota,,
CUST-584955,Allison W. Castro,Female,33,42,Insurance claims handler,Yes,No,United States,Minnesota,,
CUST-221027,Allison M. Duncan,Female,44,47,Soil scientist,Yes,No,United States,Minnesota,,
CUST-924388,Eleanor R. Clark,Female,37,51,"Surveyor, land/geomatics",Yes,No,United States,Minnesota,,
CUST-254703,Caroline U. Wallace,Female,36,59,Environmental consultant,Yes,No,United States,Minnesota,,
CUST-866704,Leah K. Foster,Female,58,60,"Embryologist, clinical",Yes,No,United States,Minnesota,,
CUST-910252,Hailey U. Hughes,Female,25,41,Commissioning editor,Yes,No,United States,Minnesota,,
CUST-996106,Charlotte G. Rios,Female,47,61,Aid worker,Yes,No,United States,Minnesota,,
CUST-592655,Abigail F. Wilson,Female,18,39,Contractor,Yes,No,United States,Minnesota,,
CUST-944020,Lily T. George,Female,48,54,Software engineer,Yes,No,United States,Minnesota,,
CUST-747270,Amelia A. Cross,Female,18,24,"Administrator, charities/voluntary organisations",Yes,No,United States,Minnesota,,
CUST-989784,Natalie H. Caldwell,Female,25,30,"Engineer, broadcasting (operations)",Yes,No,United States,Minnesota,,
CUST-574302,Nora Q. Pierce,Female,26,44,Copy,Yes,No,United States,Minnesota,,
CUST-992001,Olivia B. Rice,Female,33,49,Hospital doctor,Yes,No,United States,Minnesota,,
CUST-950202,Lucy U. Waters,Female,21,45,Soil scientist,Yes,No,United States,Minnesota,,
CUST-673074,Sarah S. Webster,Female,49,60,"Editor, film/video",Yes,No,United States,Minnesota,,
CUST-808521,Sophia V. Francis,Female,35,49,Broadcast journalist,Yes,No,United States,Minnesota,,
CUST-750187,Emma E. Wade,Female,21,35,"Designer, textile",Yes,No,United States,Minnesota,,
CUST-662271,Lauren B. Kelly,Female,19,44,"Production assistant, television",Yes,No,United States,Minnesota,,
CUST-764397,Madison M. Allen,Female,52,55,Counselling psychologist,Yes,No,United States,Minnesota,,
CUST-903263,Sophia X. Fitzgerald,Female,34,58,Phytotherapist,Yes,No,United States,Minnesota,,
CUST-417587,Alice A. Gross,Female,22,30,"Lecturer, further education",Yes,No,United States,Minnesota,,
CUST-158822,Caroline A. Horton,Female,55,70,"Designer, jewellery",Yes,No,United States,Minnesota,,
CUST-251343,Addison Q. Patterson,Female,58,68,Adult nurse,Yes,No,United States,Minnesota,,
CUST-305005,Leah T. Garner,Female,24,43,Commercial horticulturist,Yes,No,United States,Minnesota,,
CUST-259958,Leah U. Freeman,Female,21,45,Meteorologist,Yes,No,United States,Minnesota,,
CUST-661409,Amelia E. Holmes,Female,32,52,Contractor,Yes,No,United States,Minnesota,,
CUST-805202,Eleanor M. White,Female,51,58,Plant breeder/geneticist,Yes,No,United States,Minnesota,,
CUST-884438,Natalie Q. Allen,Female,53,60,Archaeologist,Yes,No,United States,Minnesota,,
CUST-649019,Hannah U. Greer,Female,57,81,Museum/gallery curator,Yes,No,United States,Minnesota,,
CUST-559678,Julia R. Hanson,Female,56,79,Building surveyor,Yes,No,United States,Minnesota,,
CUST-144454,Audrey V. Tate,Female,35,37,Warehouse manager,Yes,No,United States,Minnesota,,
CUST-912138,Natalie Q. McKinney,Female,43,62,Systems analyst,Yes,Yes,United States,Minnesota,,
CUST-986808,Stella U. Burgess,Female,56,79,Financial manager,Yes,Yes,United States,Minnesota,,
CUST-226778,Rachel D. Becker,Female,32,41,Quantity surveyor,Yes,Yes,United States,Minnesota,,
CUST-425917,Hailey N. Taylor,Female,60,75,Public relations account executive,Yes,Yes,United States,Minnesota,,
CUST-757235,Lauren U. Newman,Female,36,55,"Doctor, hospital",Yes,Yes,United States,Minnesota,,
CUST-673752,Julia V. Benson,Female,18,22,Radiation protection practitioner,Yes,Yes,United States,Minnesota,,
CUST-890289,Nora Z. Hammond,Female,46,64,"Psychologist, prison and probation services",Yes,Yes,United States,Minnesota,,
CUST-424353,Caroline G. Murphy,Female,48,70,Tour manager,Yes,Yes,United States,Minnesota,,
CUST-929252,Sarah D. Craig,Female,29,44,Mining engineer,Yes,Yes,United States,Minnesota,,
CUST-695399,Hannah F. Freeman,Female,19,42,Fish farm manager,Yes,Yes,United States,Minnesota,,
CUST-511838,Victoria N. Stevenson,Female,45,63,"Designer, industrial/product",Yes,Yes,United States,Minnesota,,
CUST-315716,Hannah Z. Simmons,Female,49,55,"Engineer, civil (contracting)",Yes,Yes,United States,Minnesota,,
CUST-373310,Caroline E. Delgado,Female,60,73,Senior tax professional/tax inspector,Yes,Yes,United States,Minnesota,,
CUST-488289,Caroline X. Byrd,Female,42,44,"Therapist, speech and language",Yes,Yes,United States,Minnesota,,
CUST-672941,Elizabeth W. Barker,Female,38,41,Analytical chemist,Yes,Yes,United States,Minnesota,,
CUST-984564,Eleanor F. Hunter,Female,47,62,Structural engineer,Yes,Yes,United States,Minnesota,,
CUST-299404,Lauren B. Gonzales,Female,56,66,Estate agent,Yes,Yes,United States,Minnesota,,
CUST-753910,Alice U. Simmons,Female,18,23,"Programme researcher, broadcasting/film/video",Yes,Yes,United States,Minnesota,,
CUST-261065,Savannah O. Malone,Female,30,42,Press sub,Yes,Yes,United States,Minnesota,,
CUST-647516,Charlotte G. Franklin,Female,22,27,Garment/textile technologist,Yes,Yes,United States,Minnesota,,
CUST-886293,Addison V. Love,Female,18,23,Building control surveyor,Yes,Yes,United States,Minnesota,,
CUST-840321,Emma L. Gray,Female,21,35,"Engineer, maintenance",Yes,Yes,United States,Minnesota,,
CUST-553239,Brooklyn J. Fuller,Female,30,35,"Designer, textile",Yes,Yes,United States,Minnesota,,
CUST-899726,Olivia O. Jacobs,Female,38,41,Community arts worker,Yes,Yes,United States,Minnesota,,
CUST-530564,Hailey E. Hayes,Female,30,37,"Teacher, primary school",Yes,Yes,United States,Minnesota,,
CUST-338462,Violet J. Bishop,Female,18,31,Building control surveyor,Yes,Yes,United States,Minnesota,,
CUST-154686,Emma I. Allen,Female,54,64,Geochemist,Yes,Yes,United States,Minnesota,,
CUST-587883,Allison P. Carr,Female,26,49,Energy engineer,Yes,Yes,United States,Minnesota,,
CUST-533605,Julia F. Murphy,Female,36,58,"Designer, jewellery",Yes,Yes,United States,Minnesota,,
CUST-218812,Alice A. Allen,Female,48,72,Clinical research associate,Yes,Yes,United States,Minnesota,,
CUST-254010,Elizabeth D. Mills,Female,60,61,Management consultant,Yes,Yes,United States,Minnesota,,
CUST-677330,Alice U. Chandler,Female,39,46,Environmental education officer,Yes,Yes,United States,Minnesota,,
CUST-236763,Elizabeth A. Brewer,Female,45,46,Town planner,Yes,Yes,United States,Minnesota,,
CUST-729136,Anna X. Snyder,Female,31,42,Tour manager,Yes,Yes,United States,Minnesota,,
CUST-690160,Nora R. Adkins,Female,59,79,"Engineer, water",Yes,Yes,United States,Minnesota,,
CUST-716190,Stella Z. Powell,Female,57,63,"Lighting technician, broadcasting/film/video",Yes,Yes,United States,Minnesota,,
CUST-930555,Emma P. Newton,Female,58,65,"Librarian, academic",Yes,Yes,United States,Minnesota,,
CUST-695501,Allison C. McCarthy,Female,41,62,"Journalist, broadcasting",Yes,Yes,United States,Minnesota,,
CUST-437587,Hailey J. Soto,Female,28,35,Health service manager,Yes,Yes,United States,Minnesota,,
CUST-503650,Grace J. Dixon,Female,56,67,IT consultant,Yes,Yes,United States,Minnesota,,
CUST-766275,Lily D. Harvey,Female,31,53,Archivist,Yes,Yes,United States,Minnesota,,
CUST-777749,Anna X. Black,Female,35,55,Hydrogeologist,Yes,Yes,United States,Minnesota,,
CUST-286494,Madison L. Moore,Female,28,52,Passenger transport manager,Yes,Yes,United States,Minnesota,,
CUST-726164,Addison W. Thompson,Female,19,43,"Engineer, automotive",Yes,Yes,United States,Minnesota,,
CUST-927865,Abigail L. Bates,Female,57,73,Analytical chemist,Yes,Yes,United States,Minnesota,,
CUST-917933,Violet A. Fox,Female,42,61,General practice doctor,Yes,Yes,United States,Minnesota,,
CUST-918476,Kennedy L. Bowman,Female,27,31,"Scientist, clinical (histocompatibility and immunogenetics)",Yes,Yes,United States,Minnesota,,
CUST-515208,Eleanor I. Goodman,Female,44,63,Theatre director,Yes,Yes,United States,Minnesota,,
CUST-861977,Claire E. Hodges,Female,60,67,Multimedia programmer,Yes,Yes,United States,Minnesota,,
CUST-685991,Hailey K. Carr,Female,60,78,Museum/gallery conservator,Yes,Yes,United States,Minnesota,,
CUST-538413,Sarah Q. Bailey,Female,32,51,Careers information officer,Yes,Yes,United States,Minnesota,,
CUST-506089,Allison K. Ball,Female,38,48,"Scientist, product/process development",Yes,Yes,United States,Minnesota,,
CUST-762570,Audrey T. Griffin,Female,42,43,Theatre director,Yes,Yes,United States,Minnesota,,
CUST-337157,Claire N. Floyd,Female,36,51,"Designer, graphic",Yes,Yes,United States,Minnesota,,
CUST-970177,Brooklyn P. Harvey,Female,47,56,"Engineer, broadcasting (operations)",Yes,Yes,United States,Minnesota,,
CUST-811139,Allison W. Romero,Female,39,40,Product designer,Yes,Yes,United States,Minnesota,,
CUST-266751,Claire O. Yates,Female,48,66,Legal executive,Yes,Yes,United States,Minnesota,,
CUST-919309,Caroline Y. Vega,Female,48,62,Food technologist,Yes,Yes,United States,Minnesota,,
CUST-598797,Stella K. Curry,Female,39,43,Translator,Yes,Yes,United States,Minnesota,,
CUST-867018,Savannah J. Martin,Female,42,54,Company secretary,Yes,Yes,United States,Minnesota,,
CUST-427681,Chloe K. Norman,Female,38,61,Facilities manager,Yes,Yes,United States,Minnesota,,
CUST-958113,Nora X. Robbins,Female,60,78,Museum education officer,Yes,Yes,United States,Minnesota,,
CUST-738847,Sarah K. Crawford,Female,50,66,Television camera operator,Yes,Yes,United States,Minnesota,,
CUST-383781,Alice R. Medina,Female,50,70,Land,Yes,Yes,United States,Minnesota,,
CUST-705430,Savannah U. Morgan,Female,36,58,"Engineer, communications",Yes,Yes,United States,Minnesota,,
CUST-753476,Anna H. Cunningham,Female,38,39,Housing manager/officer,Yes,Yes,United States,Minnesota,,
CUST-254626,Elizabeth F. Lucas,Female,33,35,Land,Yes,Yes,United States,Minnesota,,
CUST-411726,Lauren X. Bell,Female,37,54,"Psychologist, educational",Yes,Yes,United States,Minnesota,,
CUST-463881,Sarah X. Long,Female,56,81,Operations geologist,Yes,Yes,United States,Minnesota,,
CUST-200064,Julia U. Waters,Female,42,52,Ergonomist,Yes,Yes,United States,Minnesota,,
CUST-483789,Charlotte L. Graham,Female,18,29,Theatre stage manager,Yes,Yes,United States,Minnesota,,
CUST-420759,Violet C. Russell,Female,18,23,"Teacher, adult education",Yes,Yes,United States,Minnesota,,
CUST-471508,Sophia W. Cole,Female,45,64,"Administrator, education",Yes,Yes,United States,Minnesota,,
CUST-835751,Natalie N. Gardner,Female,60,81,Petroleum engineer,Yes,Yes,United States,Minnesota,,
CUST-238784,Kennedy W. Sherman,Female,25,43,Warehouse manager,Yes,Yes,United States,Minnesota,,
CUST-723780,Natalie Y. Webster,Female,25,50,"Teacher, special educational needs",Yes,Yes,United States,Minnesota,,
CUST-895512,Amelia D. Osborne,Female,26,39,Insurance account manager,Yes,Yes,United States,Minnesota,,
CUST-310846,Emma X. Walsh,Female,50,68,Chief Operating Officer,Yes,Yes,United States,Minnesota,,
CUST-735198,Rachel Q. Miller,Female,32,38,Ergonomist,Yes,Yes,United States,Minnesota,,
CUST-173570,Savannah O. Douglas,Female,32,36,"Investment banker, operational",Yes,Yes,United States,Minnesota,,
CUST-838909,Leah G. Santiago,Female,53,73,"Scientist, research (physical sciences)",Yes,Yes,United States,Minnesota,,
CUST-380708,Rachel W. Dixon,Female,26,48,Higher education careers adviser,Yes,Yes,United States,Minnesota,,
CUST-453959,Audrey R. Gibbs,Female,58,74,Personal assistant,Yes,Yes,United States,Minnesota,,
CUST-699745,Claire Y. Watts,Female,38,52,Brewing technologist,Yes,Yes,United States,Minnesota,,
CUST-134712,Claire E. Montgomery,Female,50,57,Adult guidance worker,Yes,Yes,United States,Minnesota,,
CUST-959794,Natalie J. Fernandez,Female,24,40,"Producer, radio",Yes,Yes,United States,Minnesota,,
CUST-307657,Violet N. Cruz,Female,39,64,Chartered legal executive (England and Wales),Yes,Yes,United States,Minnesota,,
CUST-357608,Hailey G. Alvarez,Female,49,72,Advertising art director,Yes,Yes,United States,Minnesota,,
CUST-874891,Charlotte W. Reid,Female,38,41,Associate Professor,Yes,Yes,United States,Minnesota,,
CUST-368621,Stella S. Thomas,Female,47,60,Newspaper journalist,Yes,Yes,United States,Minnesota,,
CUST-878413,Madison A. Murphy,Female,34,44,Television production assistant,Yes,Yes,United States,Minnesota,,
CUST-846520,Amelia A. Watts,Female,36,52,English as a foreign language teacher,Yes,Yes,United States,Minnesota,,
CUST-232773,Eleanor N. Sims,Female,53,55,Environmental education officer,Yes,Yes,United States,Minnesota,,
CUST-270986,Natalie D. Howard,Female,21,32,Chief Financial Officer,Yes,Yes,United States,Minnesota,,
CUST-631464,Olivia I. Dixon,Female,51,65,"Research officer, government",Yes,Yes,United States,Minnesota,,
CUST-530262,Charlotte O. Sherman,Female,57,68,Logistics and distribution manager,Yes,Yes,United States,Minnesota,,
CUST-916820,Isabella W. Carroll,Female,33,48,Landscape architect,Yes,Yes,United States,Minnesota,,
CUST-563008,Caroline Q. Diaz,Female,38,48,Furniture designer,Yes,Yes,United States,Minnesota,,
CUST-483430,Julia I. Hunter,Female,50,74,Sub,Yes,Yes,United States,Minnesota,,
CUST-996817,Allison J. Sharp,Female,54,78,Environmental consultant,Yes,Yes,United States,Minnesota,,
CUST-329280,Grace L. Hunt,Female,19,29,Conference centre manager,Yes,Yes,United States,Minnesota,,
CUST-531888,Claire U. Burgess,Female,36,43,"Scientist, research (maths)",Yes,Yes,United States,Minnesota,,
CUST-825405,Amelia V. Clark,Female,34,50,"Education officer, environmental",Yes,Yes,United States,Minnesota,,
CUST-471665,Addison O. Leonard,Female,25,34,"Engineer, water",Yes,Yes,United States,Minnesota,,
CUST-157594,Nora N. Rodgers,Female,37,49,Community education officer,Yes,Yes,United States,Minnesota,,
CUST-610800,Alice V. Castro,Female,41,48,"Civil engineer, contracting",Yes,Yes,United States,Minnesota,,
CUST-523511,Violet X. Harrison,Female,52,67,Horticultural therapist,Yes,Yes,United States,Minnesota,,
CUST-607321,Sarah K. Greer,Female,49,50,Medical technical officer,Yes,Yes,United States,Minnesota,,
CUST-813672,Rachel X. Reyes,Female,30,41,"Teacher, special educational needs",Yes,Yes,United States,Minnesota,,
CUST-700280,Evelyn J. Farmer,Female,20,44,Nutritional therapist,Yes,No,United States,Wisconsin,,
CUST-401544,Allison U. King,Female,18,34,Chartered legal executive (England and Wales),Yes,No,United States,Wisconsin,,
CUST-621241,Audrey J. Miller,Female,45,63,Environmental consultant,Yes,No,United States,Wisconsin,,
CUST-290237,Julia W. Tate,Female,47,48,Dealer,Yes,No,United States,Wisconsin,,
CUST-128915,Isabella L. Moss,Female,24,45,Radio producer,Yes,No,United States,Wisconsin,,
CUST-591169,Leah M. Barker,Female,37,38,"Engineer, manufacturing systems",Yes,No,United States,Wisconsin,,
CUST-495266,Rachel W. Strickland,Female,40,59,Consulting civil engineer,Yes,No,United States,Wisconsin,,
CUST-749216,Julia E. Ball,Female,53,61,"Restaurant manager, fast food",Yes,No,United States,Wisconsin,,
CUST-443020,Isabella L. Murray,Female,30,54,Claims inspector/assessor,Yes,No,United States,Wisconsin,,
CUST-655754,Julia T. Moreno,Female,30,52,Risk analyst,Yes,No,United States,Wisconsin,,
CUST-742769,Addison Q. Little,Female,51,70,Hydrographic surveyor,Yes,No,United States,Wisconsin,,
CUST-872508,Audrey U. Hughes,Female,28,38,Operational investment banker,Yes,No,United States,Wisconsin,,
CUST-449741,Grace Q. Richards,Female,39,61,Environmental health practitioner,Yes,No,United States,Wisconsin,,
CUST-537595,Natalie U. Haynes,Female,36,52,Interior and spatial designer,Yes,No,United States,Wisconsin,,
CUST-435477,Chloe T. Webb,Female,33,41,Chiropractor,Yes,No,United States,Wisconsin,,
CUST-297033,Madison I. Page,Female,59,81,"Surveyor, insurance",Yes,No,United States,Wisconsin,,
CUST-289492,Rachel V. Greene,Female,31,38,Hotel manager,Yes,No,United States,Wisconsin,,
CUST-742176,Charlotte A. Warren,Female,32,34,Hydrogeologist,Yes,No,United States,Wisconsin,,
CUST-260576,Brooklyn P. Todd,Female,24,47,Ceramics designer,Yes,No,United States,Wisconsin,,
CUST-950975,Lauren Y. White,Female,47,58,Animal nutritionist,Yes,No,United States,Wisconsin,,
CUST-347715,Charlotte A. Murray,Female,21,28,"Investment banker, operational",Yes,No,United States,Wisconsin,,
CUST-601318,Kennedy U. Graves,Female,33,53,Glass blower/designer,Yes,No,United States,Wisconsin,,
CUST-603312,Allison K. Wolfe,Female,58,65,Public house manager,Yes,No,United States,Wisconsin,,
CUST-536766,Natalie F. Saunders,Female,41,52,"Sound technician, broadcasting/film/video",Yes,No,United States,Wisconsin,,
CUST-680459,Stella P. Hampton,Female,38,57,Dispensing optician,Yes,No,United States,Wisconsin,,
CUST-455408,Lauren B. Silva,Female,42,62,"Radiographer, therapeutic",Yes,No,United States,Wisconsin,,
CUST-670227,Abigail G. Bryant,Female,20,27,Forensic psychologist,Yes,No,United States,Wisconsin,,
CUST-467430,Allison T. Jacobs,Female,42,50,Hotel manager,Yes,No,United States,Wisconsin,,
CUST-924039,Rachel R. Haynes,Female,40,60,"Designer, multimedia",Yes,No,United States,Wisconsin,,
CUST-902408,Kennedy N. Vasquez,Female,52,74,"Sound technician, broadcasting/film/video",Yes,No,United States,Wisconsin,,
CUST-102716,Hannah X. Butler,Female,45,54,Corporate treasurer,Yes,No,United States,Wisconsin,,
CUST-332350,Grace C. Reynolds,Female,18,20,Logistics and distribution manager,Yes,No,United States,Wisconsin,,
CUST-672500,Allison C. Franklin,Female,49,51,Estate manager/land agent,Yes,No,United States,Wisconsin,,
CUST-621419,Abigail D. Oliver,Female,48,49,"Programmer, applications",Yes,No,United States,Wisconsin,,
CUST-340897,Leah M. Dean,Female,43,65,Paediatric nurse,Yes,No,United States,Wisconsin,,
CUST-603080,Charlotte I. Nelson,Female,46,71,Writer,Yes,No,United States,Wisconsin,,
CUST-265984,Sarah L. Fox,Female,41,63,Records manager,Yes,No,United States,Wisconsin,,
CUST-129592,Rachel O. Aguilar,Female,19,36,"Designer, ceramics/pottery",Yes,No,United States,Wisconsin,,
CUST-725132,Olivia N. Walters,Female,24,28,Applications developer,Yes,No,United States,Wisconsin,,
CUST-651622,Isabella E. Fox,Female,60,84,Insurance account manager,Yes,No,United States,Wisconsin,,
CUST-454804,Savannah Y. Morrison,Female,18,21,Commercial horticulturist,Yes,No,United States,Wisconsin,,
CUST-640188,Julia U. Griffith,Female,47,72,Town planner,Yes,No,United States,Wisconsin,,
CUST-148743,Claire W. Hawkins,Female,58,63,Academic librarian,Yes,No,United States,Wisconsin,,
CUST-942408,Leah P. Page,Female,58,76,Osteopath,Yes,No,United States,Wisconsin,,
CUST-418254,Kennedy K. Dean,Female,22,41,Podiatrist,Yes,No,United States,Wisconsin,,
CUST-897104,Nora Q. Fields,Female,27,41,Visual merchandiser,Yes,No,United States,Wisconsin,,
CUST-194858,Rachel Z. Moody,Female,35,38,Chief Technology Officer,Yes,No,United States,Wisconsin,,
CUST-840941,Lucy S. Olson,Female,40,57,Electrical engineer,Yes,No,United States,Wisconsin,,
CUST-820352,Nora R. Fisher,Female,33,41,Speech and language therapist,Yes,No,United States,Wisconsin,,
CUST-414273,Natalie Z. James,Female,54,71,"Pilot, airline",Yes,No,United States,Wisconsin,,
CUST-547241,Alice K. Fuller,Female,53,61,Clinical embryologist,Yes,No,United States,Wisconsin,,
CUST-723190,Eleanor M. Collins,Female,32,42,"Exhibitions officer, museum/gallery",Yes,No,United States,Wisconsin,,
CUST-460773,Isabella L. Daniel,Female,36,37,Personal assistant,Yes,No,United States,Wisconsin,,
CUST-442109,Stella G. Bowen,Female,30,50,Horticultural therapist,Yes,No,United States,Wisconsin,,
CUST-522284,Violet E. Thompson,Female,39,48,"Editor, magazine features",Yes,No,United States,Wisconsin,,
CUST-365889,Grace L. Nguyen,Female,21,28,Clothing/textile technologist,Yes,No,United States,Wisconsin,,
CUST-885820,Violet H. Rodgers,Female,48,72,Psychotherapist,Yes,No,United States,Wisconsin,,
CUST-920222,Sarah C. Harper,Female,44,58,Social researcher,Yes,No,United States,Wisconsin,,
CUST-462427,Chloe R. Armstrong,Female,40,43,Chartered loss adjuster,Yes,No,United States,Wisconsin,,
CUST-670927,Emma B. Baldwin,Female,54,70,Financial manager,Yes,No,United States,Wisconsin,,
CUST-526141,Violet K. Carter,Female,55,75,Technical brewer,Yes,No,United States,Wisconsin,,
CUST-966768,Elizabeth C. Wilson,Female,23,39,"Designer, exhibition/display",Yes,No,United States,Wisconsin,,
CUST-456044,Grace U. Nunez,Female,39,64,Make,Yes,No,United States,Wisconsin,,
CUST-674185,Audrey K. Warren,Female,56,61,Translator,Yes,No,United States,Wisconsin,,
CUST-489892,Sarah O. Myers,Female,53,76,"Development worker, international aid",Yes,No,United States,Wisconsin,,
CUST-864936,Sarah Y. Sutton,Female,34,41,"Lighting technician, broadcasting/film/video",Yes,No,United States,Wisconsin,,
CUST-310691,Stella U. Hunter,Female,30,41,Forest/woodland manager,Yes,No,United States,Wisconsin,,
CUST-356569,Hailey S. Moreno,Female,27,38,Catering manager,Yes,No,United States,Wisconsin,,
CUST-989614,Emma T. Baldwin,Female,25,42,"Designer, interior/spatial",Yes,No,United States,Wisconsin,,
CUST-357782,Violet I. Vaughn,Female,54,64,Trading standards officer,Yes,No,United States,Wisconsin,,
CUST-234574,Lauren T. Floyd,Female,58,59,Corporate investment banker,Yes,No,United States,Wisconsin,,
CUST-188304,Lily Y. Ramos,Female,51,54,Maintenance engineer,Yes,No,United States,Wisconsin,,
CUST-475329,Audrey G. Hines,Female,38,63,"Designer, fashion/clothing",Yes,No,United States,Wisconsin,,
CUST-892488,Nora V. Burton,Female,45,63,"Psychologist, clinical",Yes,No,United States,Wisconsin,,
CUST-798929,Audrey N. Davis,Female,34,54,"Accountant, chartered management",Yes,No,United States,Wisconsin,,
CUST-869879,Kennedy I. Butler,Female,56,61,Government social research officer,Yes,No,United States,Wisconsin,,
CUST-740347,Elizabeth Y. Hammond,Female,47,50,"Scientist, forensic",Yes,No,United States,Wisconsin,,
CUST-272894,Isabella U. Ferguson,Female,46,52,Forensic psychologist,Yes,No,United States,Wisconsin,,
CUST-435780,Victoria N. Price,Female,19,24,"Designer, furniture",Yes,No,United States,Wisconsin,,
CUST-238348,Eleanor U. Ingram,Female,19,24,Multimedia specialist,Yes,No,United States,Wisconsin,,
CUST-153261,Caroline Y. Jenkins,Female,25,31,Environmental manager,Yes,No,United States,Wisconsin,,
CUST-904044,Sophia B. Holt,Female,46,56,Meteorologist,Yes,No,United States,Wisconsin,,
CUST-523881,Caroline O. Day,Female,60,75,Tour manager,Yes,No,United States,Wisconsin,,
CUST-800509,Chloe E. Griffith,Female,44,49,"Designer, furniture",Yes,No,United States,Wisconsin,,
CUST-351404,Chloe E. Reeves,Female,42,66,Fine artist,Yes,No,United States,Wisconsin,,
CUST-328436,Kennedy M. Beck,Female,37,54,Adult nurse,Yes,No,United States,Wisconsin,,
CUST-645516,Madison V. Fox,Female,57,78,Telecommunications researcher,Yes,No,United States,Wisconsin,,
CUST-749387,Sarah U. Brown,Female,24,39,Adult guidance worker,Yes,No,United States,Wisconsin,,
CUST-525089,Chloe A. Murray,Female,57,72,Banker,Yes,No,United States,Wisconsin,,
CUST-708682,Julia E. Vaughn,Female,21,23,"Sound technician, broadcasting/film/video",Yes,No,United States,Wisconsin,,
CUST-531687,Claire Z. Turner,Female,47,58,Immunologist,Yes,No,United States,Wisconsin,,
CUST-674024,Chloe D. Jennings,Female,38,48,Dramatherapist,Yes,No,United States,Wisconsin,,
CUST-783899,Victoria V. Tate,Female,36,55,Regulatory affairs officer,Yes,No,United States,Wisconsin,,
CUST-135889,Grace A. White,Female,33,45,"Administrator, sports",Yes,No,United States,Wisconsin,,
CUST-932721,Lucy C. Reed,Female,31,46,Government social research officer,Yes,No,United States,Wisconsin,,
CUST-101730,Julia A. Powell,Female,29,44,"Engineer, water",Yes,No,United States,Wisconsin,,
CUST-165138,Caroline X. Mason,Female,47,61,Interior and spatial designer,Yes,No,United States,Wisconsin,,
CUST-678695,Natalie D. Edwards,Female,18,28,International aid/development worker,Yes,No,United States,Wisconsin,,
CUST-428578,Sarah Y. Nguyen,Female,37,42,Financial adviser,Yes,No,United States,Wisconsin,,
CUST-982847,Olivia B. Watkins,Female,45,57,Legal secretary,Yes,No,United States,Wisconsin,,
CUST-930613,Allison J. Cohen,Female,28,45,Sales promotion account executive,Yes,No,United States,Wisconsin,,
CUST-623598,Kennedy B. Martin,Female,47,52,Set designer,No,No,United States,Wisconsin,,
CUST-520217,Alice Z. Daniel,Female,45,68,Cytogeneticist,No,No,United States,Wisconsin,,
CUST-627151,Brooklyn L. Black,Female,37,43,"Loss adjuster, chartered",No,No,United States,Wisconsin,,
CUST-564678,Savannah E. Hayes,Female,52,77,Research scientist (physical sciences),No,No,United States,Wisconsin,,
CUST-133988,Nora P. Blake,Female,32,55,Animal nutritionist,No,No,United States,Wisconsin,,
CUST-289836,Violet L. Wade,Female,48,63,Pension scheme manager,No,No,United States,Wisconsin,,
CUST-165078,Chloe U. Wagner,Female,23,37,"Scientist, biomedical",No,No,United States,Wisconsin,,
CUST-113525,Isabella M. Lynch,Female,19,42,Mining engineer,No,No,United States,Wisconsin,,
CUST-482333,Chloe F. Barker,Female,21,44,Audiological scientist,No,No,United States,Wisconsin,,
CUST-207248,Lily W. Bradley,Female,25,46,Dealer,No,No,United States,Wisconsin,,
CUST-677776,Chloe P. McGee,Female,31,36,Armed forces logistics/support/administrative officer,No,No,United States,Wisconsin,,
CUST-661213,Anthony I. Morales,Female,48,54,"Surveyor, rural practice",No,No,United States,Wisconsin,,
CUST-660854,Allison M. Newton,Female,46,67,Industrial buyer,No,No,United States,Wisconsin,,
CUST-756211,Kennedy Q. Long,Female,59,81,Passenger transport manager,No,No,United States,Wisconsin,,
CUST-999119,Leah R. Cruz,Female,46,57,Psychotherapist,No,No,United States,Wisconsin,,
CUST-654751,Olivia G. May,Female,60,61,Estate manager/land agent,No,No,United States,Wisconsin,,
CUST-247540,Alice J. West,Female,24,47,Advertising copywriter,No,No,United States,Wisconsin,,
CUST-818360,Amelia F. Harper,Female,45,70,Pension scheme manager,No,No,United States,Wisconsin,,
CUST-959260,Claire I. Keller,Female,33,54,Pensions consultant,No,No,United States,Wisconsin,,
CUST-295364,Anna K. Ferguson,Female,20,40,Medical technical officer,No,No,United States,Wisconsin,,
CUST-553667,Isabella H. Love,Female,25,44,Ecologist,No,No,United States,Wisconsin,,
CUST-430187,Stella O. Adams,Female,25,30,Freight forwarder,No,No,United States,Wisconsin,,
CUST-312186,Stella Y. Greer,Female,37,48,Theatre stage manager,No,No,United States,Wisconsin,,
CUST-416247,Allison I. Romero,Female,52,67,Medical physicist,No,No,United States,Wisconsin,,
CUST-987086,Amelia I. Cook,Female,42,63,Social worker,No,No,United States,Wisconsin,,
CUST-643755,Anna K. Mendoza,Female,37,43,"Surveyor, minerals",No,No,United States,Wisconsin,,
CUST-995964,Lily D. Gregory,Female,33,55,Museum/gallery conservator,No,No,United States,Wisconsin,,
CUST-404998,Lily X. Warner,Female,55,68,Industrial buyer,No,No,United States,Wisconsin,,
CUST-271907,Caroline K. Mack,Female,60,64,"Embryologist, clinical",No,No,United States,Wisconsin,,
CUST-236664,Olivia L. Watson,Female,31,50,Licensed conveyancer,No,No,United States,Wisconsin,,
CUST-309368,Emma J. Lewis,Female,23,47,Logistics and distribution manager,No,No,United States,Wisconsin,,
CUST-762756,Charlotte C. Shelton,Female,33,39,"Surveyor, building control",No,No,United States,Wisconsin,,
CUST-647177,Allison M. Beck,Female,47,59,Insurance risk surveyor,No,No,United States,Wisconsin,,
CUST-879542,Lauren X. George,Female,32,53,Solicitor,No,No,United States,Wisconsin,,
CUST-992520,Lucy S. Castro,Female,22,30,"Civil engineer, consulting",No,No,United States,Wisconsin,,
CUST-306092,Emma N. Rice,Female,35,45,Operational researcher,No,No,United States,Wisconsin,,
CUST-527297,Chloe Y. Moody,Female,33,55,Building services engineer,No,No,United States,Wisconsin,,
CUST-509042,Brooklyn F. Cooper,Female,31,33,"Surveyor, planning and development",No,No,United States,Wisconsin,,
CUST-181912,Grace Y. Knight,Female,25,46,Insurance broker,No,No,United States,Wisconsin,,
CUST-446393,Amelia J. Strickland,Female,42,48,Information officer,No,No,United States,Wisconsin,,
CUST-689282,Madison V. Moody,Female,51,62,"Therapist, drama",No,No,United States,Wisconsin,,
CUST-835688,Lucy R. Higgins,Female,45,60,Theatre director,No,No,United States,Wisconsin,,
CUST-972832,Emma Q. Baker,Female,52,76,Pathologist,No,No,United States,Wisconsin,,
CUST-683702,Stella M. Morales,Female,33,38,IT trainer,No,No,United States,Wisconsin,,
CUST-294022,Abigail M. Reynolds,Female,35,47,Retail merchandiser,No,No,United States,Wisconsin,,
CUST-268480,Madison D. Porter,Female,47,51,Systems analyst,No,No,United States,Wisconsin,,
CUST-359336,Lucy F. McDonald,Female,43,58,Sub,No,No,United States,Wisconsin,,
CUST-179924,Nora O. Hicks,Female,31,49,"Administrator, local government",No,No,United States,Wisconsin,,
CUST-547292,Alice T. McDaniel,Female,32,37,Insurance claims handler,No,No,United States,Wisconsin,,
CUST-243796,Audrey W. Brooks,Female,22,32,Petroleum engineer,No,No,United States,Wisconsin,,
CUST-727726,Sophia T. Schultz,Female,30,34,"Investment banker, operational",No,No,United States,Wisconsin,,
CUST-434543,Joshua W. Parks,Female,36,50,Ceramics designer,No,No,United States,Wisconsin,,
CUST-864165,Julia V. Hughes,Female,28,34,Holiday representative,No,No,United States,Wisconsin,,
CUST-289725,Allison S. Meyer,Female,32,50,Nutritional therapist,No,No,United States,Wisconsin,,
CUST-119010,Matthew T. Wright,Female,19,37,"Accountant, chartered",No,No,United States,Wisconsin,,
CUST-890245,Eleanor B. Lambert,Female,25,32,"Psychotherapist, child",No,No,United States,Wisconsin,,
CUST-406194,Claire W. Weber,Female,57,59,Special educational needs teacher,No,No,United States,Wisconsin,,
CUST-464331,Eleanor P. Fisher,Female,59,78,Plant breeder/geneticist,No,No,United States,Wisconsin,,
CUST-463200,Emma A. Rhodes,Female,31,43,Risk manager,No,No,United States,Wisconsin,,
CUST-781905,Amelia E. Davidson,Female,22,28,Control and instrumentation engineer,No,No,United States,Wisconsin,,
CUST-498398,Eleanor P. Padilla,Female,29,35,Outdoor activities/education manager,No,No,United States,Wisconsin,,
CUST-145396,Allison L. Chavez,Female,38,61,"Engineer, biomedical",No,No,United States,Wisconsin,,
CUST-372707,Natalie Z. Becker,Female,36,56,"Development worker, international aid",No,No,United States,Wisconsin,,
CUST-509482,Addison O. Davis,Female,39,54,Drilling engineer,No,No,United States,Wisconsin,,
CUST-591728,Julia E. Lindsey,Female,60,81,"Research officer, trade union",No,No,United States,Wisconsin,,
CUST-234547,Victoria Y. Taylor,Female,22,41,"Designer, fashion/clothing",No,No,United States,Wisconsin,,
CUST-861844,Kennedy N. Barnes,Female,46,59,Communications engineer,No,No,United States,Wisconsin,,
CUST-152793,Chloe V. Price,Female,48,66,Proofreader,No,No,United States,Wisconsin,,
CUST-647179,Brooklyn I. Aguilar,Female,32,57,Community arts worker,No,No,United States,Wisconsin,,
CUST-903393,Amelia Q. Hicks,Female,20,45,"Administrator, arts",No,No,United States,Wisconsin,,
CUST-509346,Lily R. Griffin,Female,28,43,Pension scheme manager,No,No,United States,Wisconsin,,
CUST-542891,Julia J. Burke,Female,47,49,Graphic designer,Yes,Yes,United States,Wisconsin,,
CUST-534726,Abigail K. Crawford,Female,21,29,Sales executive,Yes,Yes,United States,Wisconsin,,
CUST-481724,Owen Y. Newman,Female,33,55,"Engineer, civil (contracting)",Yes,Yes,United States,Wisconsin,,
CUST-504832,Brooklyn L. Patton,Female,59,72,Higher education careers adviser,Yes,Yes,United States,Wisconsin,,
CUST-707453,Stella R. Lindsey,Female,25,48,"Lecturer, higher education",Yes,Yes,United States,Wisconsin,,
CUST-648987,Julia X. Maldonado,Female,22,35,Commercial horticulturist,Yes,Yes,United States,Wisconsin,,
CUST-930993,Rachel G. Williams,Female,49,55,"Civil engineer, consulting",Yes,Yes,United States,Wisconsin,,
CUST-645620,Julia C. Gross,Female,27,39,Community education officer,Yes,Yes,United States,Wisconsin,,
CUST-540943,Julia A. Maxwell,Female,44,51,"Psychologist, occupational",Yes,Yes,United States,Wisconsin,,
CUST-638968,Lauren P. Flores,Female,39,60,Ergonomist,Yes,Yes,United States,Wisconsin,,
CUST-320606,Chloe X. Patterson,Female,26,49,"Accountant, chartered management",Yes,Yes,United States,Wisconsin,,
CUST-974822,Olivia H. Morales,Female,40,54,Herbalist,Yes,Yes,United States,Wisconsin,,
CUST-657168,Lauren F. Goodwin,Female,58,70,Child psychotherapist,Yes,Yes,United States,Wisconsin,,
CUST-454596,Rachel D. Thomas,Female,22,36,"Psychotherapist, dance movement",Yes,Yes,United States,Wisconsin,,
CUST-677415,Isabella X. Johnston,Female,35,41,Medical sales representative,Yes,Yes,United States,Wisconsin,,
CUST-140029,Madison P. Harmon,Female,35,37,Sales promotion account executive,Yes,Yes,United States,Wisconsin,,
CUST-289464,Lauren X. Hughes,Female,43,49,Academic librarian,Yes,Yes,United States,Wisconsin,,
CUST-849225,Victoria H. Snyder,Female,26,42,Risk manager,Yes,Yes,United States,Wisconsin,,
CUST-813387,Madison O. Wood,Female,21,28,"Engineer, land",Yes,Yes,United States,Wisconsin,,
CUST-216512,Sarah O. Pena,Female,51,63,"Lecturer, further education",Yes,Yes,United States,Wisconsin,,
CUST-136839,Leah B. Thornton,Female,49,52,"Exhibitions officer, museum/gallery",Yes,Yes,United States,Wisconsin,,
CUST-456492,Violet U. Roberts,Female,38,39,"Research officer, trade union",Yes,Yes,United States,Wisconsin,,
CUST-626520,Hailey R. Vargas,Female,25,50,Diagnostic radiographer,Yes,Yes,United States,Wisconsin,,
CUST-331936,Caroline Y. Owens,Female,55,66,Financial risk analyst,Yes,Yes,United States,Wisconsin,,
CUST-577462,Madison I. Duncan,Female,50,72,Theatre stage manager,Yes,Yes,United States,Wisconsin,,
CUST-389283,Lauren L. Gardner,Female,28,47,"Surveyor, hydrographic",Yes,Yes,United States,Wisconsin,,
CUST-946843,Natalie O. Spencer,Female,32,38,Warehouse manager,Yes,Yes,United States,Wisconsin,,
CUST-654732,Elizabeth Y. Castillo,Female,22,46,Food technologist,Yes,Yes,United States,Wisconsin,,
CUST-905795,Sophia E. Byrd,Female,54,67,Oceanographer,Yes,Yes,United States,Wisconsin,,
CUST-644021,Evelyn F. Gomez,Female,53,71,Advertising copywriter,Yes,Yes,United States,Wisconsin,,
CUST-864505,Savannah K. Sims,Female,23,26,Waste management officer,Yes,Yes,United States,Wisconsin,,
CUST-884955,Kennedy I. Carpenter,Female,49,56,Herbalist,Yes,Yes,United States,Wisconsin,,
CUST-137726,Stella I. Baldwin,Female,37,44,"Engineer, agricultural",Yes,Yes,United States,Wisconsin,,
CUST-594557,Victoria C. White,Female,19,29,Sales promotion account executive,Yes,Yes,United States,Wisconsin,,
CUST-249370,Sophia T. Barnett,Female,26,51,Academic librarian,Yes,Yes,United States,Wisconsin,,
CUST-234330,Anna A. Bennett,Female,51,73,Legal executive,Yes,Yes,United States,Wisconsin,,
CUST-841868,Hailey U. Romero,Female,54,58,Civil Service fast streamer,Yes,Yes,United States,Wisconsin,,
CUST-216418,Isabella P. Owens,Female,55,56,"Engineer, petroleum",Yes,Yes,United States,Wisconsin,,
CUST-408120,Anna Y. Schultz,Female,28,48,"Sound technician, broadcasting/film/video",Yes,Yes,United States,Wisconsin,,
CUST-204836,Alice W. Scott,Female,50,56,Diagnostic radiographer,Yes,Yes,United States,Wisconsin,,
CUST-170592,Eleanor V. Barnes,Female,34,48,Chief Marketing Officer,Yes,Yes,United States,Wisconsin,,
CUST-710959,Hailey P. Thomas,Female,28,50,Biomedical scientist,Yes,Yes,United States,Wisconsin,,
CUST-254963,Lauren Y. Fox,Female,33,46,"Engineer, aeronautical",Yes,Yes,United States,Wisconsin,,
CUST-976901,Anna U. Little,Female,39,49,Restaurant manager,Yes,Yes,United States,Wisconsin,,
CUST-360795,Eleanor F. McGee,Female,45,64,"Teacher, secondary school",Yes,Yes,United States,Wisconsin,,
CUST-502478,Claire K. Leonard,Female,56,70,Water quality scientist,Yes,Yes,United States,Wisconsin,,
CUST-857348,Anna P. Greene,Female,33,48,"Engineer, communications",Yes,Yes,United States,Wisconsin,,
CUST-771349,Charlotte U. Patterson,Female,21,42,Magazine journalist,Yes,Yes,United States,Wisconsin,,
CUST-168479,Isabella Z. Webb,Female,48,56,Advertising copywriter,Yes,Yes,United States,Wisconsin,,
CUST-307176,Stella T. Nunez,Female,20,43,Police officer,Yes,Yes,United States,Wisconsin,,
CUST-786502,Emma Q. Hudson,Female,52,55,Product/process development scientist,Yes,Yes,United States,Wisconsin,,
CUST-590128,Lily G. Rivera,Female,57,81,Fashion designer,Yes,Yes,United States,Wisconsin,,
CUST-787472,Alice X. Parker,Female,37,58,"Conservation officer, nature",Yes,Yes,United States,Wisconsin,,
CUST-946742,Amelia P. Bell,Female,44,59,Sports development officer,Yes,Yes,United States,Wisconsin,,
CUST-307235,Julia Q. Powell,Female,24,29,Structural engineer,Yes,Yes,United States,Wisconsin,,
CUST-616616,Alice V. Hale,Female,44,67,"Research officer, government",Yes,Yes,United States,Wisconsin,,
CUST-382072,Hailey M. Reynolds,Female,42,56,Multimedia programmer,Yes,Yes,United States,Wisconsin,,
CUST-914900,Rachel A. Carter,Female,51,52,Sports administrator,Yes,Yes,United States,Wisconsin,,
CUST-327709,Lucy L. Chambers,Female,56,71,"Development worker, community",Yes,Yes,United States,Wisconsin,,
CUST-770436,Olivia B. Craig,Female,37,55,"Investment banker, operational",Yes,Yes,United States,Wisconsin,,
CUST-890771,Grace T. Newton,Female,32,43,Systems developer,Yes,Yes,United States,Wisconsin,,
CUST-644767,Natalie K. Richardson,Female,20,37,Public house manager,Yes,Yes,United States,Wisconsin,,
CUST-339575,Hannah O. Ford,Female,28,34,Aid worker,Yes,Yes,United States,Wisconsin,,
CUST-109520,Abigail O. Wilson,Female,20,35,"Civil engineer, contracting",Yes,Yes,United States,Wisconsin,,
CUST-727521,Audrey W. Nichols,Female,24,48,Financial planner,Yes,Yes,United States,Wisconsin,,
CUST-103688,Daniel Y. Cruz,Female,24,49,Probation officer,Yes,Yes,United States,Wisconsin,,
CUST-288524,Hannah L. Fowler,Female,36,53,Diplomatic Services operational officer,Yes,Yes,United States,Wisconsin,,
CUST-866544,Savannah P. Cunningham,Female,40,50,Pension scheme manager,Yes,Yes,United States,Wisconsin,,
CUST-117557,Rachel B. Stevenson,Female,47,68,Financial controller,Yes,Yes,United States,Wisconsin,,
CUST-368725,Eleanor K. Richards,Female,19,40,Fashion designer,Yes,Yes,United States,Wisconsin,,
CUST-221747,Olivia D. Burke,Female,31,46,"Engineer, energy",Yes,Yes,United States,Wisconsin,,
CUST-242761,Savannah J. Mendez,Female,48,56,Insurance underwriter,Yes,Yes,United States,Wisconsin,,
CUST-102639,Kennedy N. Willis,Female,56,60,Rural practice surveyor,Yes,Yes,United States,Wisconsin,,
CUST-106685,Emma Q. Shelton,Female,33,36,"Production designer, theatre/television/film",Yes,Yes,United States,Wisconsin,,
CUST-673641,Evelyn R. Cole,Female,20,31,"Therapist, nutritional",Yes,Yes,United States,Wisconsin,,
CUST-738946,Elizabeth G. Burke,Female,29,40,Armed forces training and education officer,Yes,Yes,United States,Wisconsin,,
CUST-122737,Lucy R. Flores,Female,28,31,Geographical information systems officer,Yes,Yes,United States,Wisconsin,,
CUST-832981,Hannah B. Wheeler,Female,31,50,Garment/textile technologist,Yes,Yes,United States,Wisconsin,,
CUST-644766,Olivia X. Wade,Female,41,44,Outdoor activities/education manager,Yes,Yes,United States,Wisconsin,,
CUST-797712,Isabella E. Stewart,Female,60,62,Soil scientist,Yes,Yes,United States,Wisconsin,,
CUST-652009,Alice I. Kelley,Female,31,39,Printmaker,Yes,Yes,United States,Wisconsin,,
CUST-378690,Alice W. Ellis,Female,54,55,Musician,Yes,Yes,United States,Wisconsin,,
CUST-347220,Isabella Q. Wolfe,Female,50,73,"Engineer, energy",Yes,Yes,United States,Wisconsin,,
CUST-420188,Natalie T. Lawson,Female,42,57,Chiropodist,Yes,Yes,United States,Wisconsin,,
CUST-153039,Violet C. Lucas,Female,32,51,Software engineer,Yes,Yes,United States,Wisconsin,,
CUST-278478,Sarah C. Fox,Female,51,53,"Engineer, technical sales",Yes,Yes,United States,Wisconsin,,
CUST-311234,Julia N. Osborne,Female,56,79,"Surveyor, rural practice",Yes,Yes,United States,Wisconsin,,
CUST-483556,Victoria W. Hale,Female,39,53,Secretary/administrator,Yes,Yes,United States,Wisconsin,,
CUST-755646,Rachel D. Berry,Female,18,38,"Production designer, theatre/television/film",Yes,Yes,United States,Wisconsin,,
CUST-843052,Sarah E. Richards,Female,54,65,Trade union research officer,Yes,Yes,United States,Wisconsin,,
CUST-746499,Madison W. Gray,Female,47,58,"Geneticist, molecular",Yes,Yes,United States,Wisconsin,,
CUST-247573,Rachel C. Little,Female,32,47,Chief of Staff,Yes,Yes,United States,Wisconsin,,
CUST-559659,Abigail G. Wade,Female,21,44,Health and safety adviser,Yes,Yes,United States,Wisconsin,,
CUST-607553,Violet I. Barnett,Female,20,30,Lobbyist,Yes,Yes,United States,Wisconsin,,
CUST-757624,Kennedy F. Rios,Female,31,39,Lobbyist,Yes,Yes,United States,Wisconsin,,
CUST-192741,Natalie Y. Lane,Female,45,65,"Chemist, analytical",Yes,Yes,United States,Wisconsin,,
CUST-886682,Claire O. Williamson,Female,28,39,Animal nutritionist,Yes,Yes,United States,Wisconsin,,
CUST-604486,Savannah X. Jones,Female,42,59,"Designer, furniture",Yes,Yes,United States,Wisconsin,,
CUST-411692,Amelia O. Hines,Female,35,59,Electronics engineer,Yes,Yes,United States,Wisconsin,,
CUST-751931,Emma S. Page,Female,51,73,Personnel officer,Yes,Yes,United States,Wisconsin,,
CUST-995214,Sophia N. Cook,Female,55,70,"Teacher, early years/pre",Yes,Yes,United States,Wisconsin,,
CUST-992358,Alice S. Mendez,Female,21,37,Financial planner,Yes,Yes,United States,Wisconsin,,
CUST-353076,Chloe W. Jimenez,Female,58,61,Mudlogger,Yes,Yes,United States,Wisconsin,,
CUST-364678,Sarah X. Elliott,Female,50,56,Amenity horticulturist,Yes,Yes,United States,Wisconsin,,
CUST-572948,Violet J. Olson,Female,27,35,Media buyer,Yes,Yes,United States,Wisconsin,,
CUST-881907,Lucy S. Roberts,Female,59,77,Sub,Yes,Yes,United States,Wisconsin,,
CUST-418530,Audrey Z. Ross,Female,57,79,Cartographer,Yes,Yes,United States,Wisconsin,,
CUST-318239,James W. Alvarez,Female,43,63,"Engineer, aeronautical",No,Yes,United States,Wisconsin,,
CUST-502830,Lauren Y. Ball,Female,25,49,Land/geomatics surveyor,No,Yes,United States,Wisconsin,,
CUST-564979,Sophia L. Hampton,Female,43,60,Neurosurgeon,No,Yes,United States,Wisconsin,,
CUST-270399,Victoria T. Burgess,Female,22,35,Adult nurse,No,Yes,United States,Wisconsin,,
CUST-961475,Julia C. Myers,Female,51,67,Land/geomatics surveyor,No,Yes,United States,Wisconsin,,
CUST-862086,Lily J. Phillips,Female,37,59,Production engineer,No,Yes,United States,Wisconsin,,
CUST-510667,Lily L. Lane,Female,32,45,Product designer,No,Yes,United States,Wisconsin,,
CUST-284043,Savannah V. Strickland,Female,21,38,Publishing copy,No,Yes,United States,Wisconsin,,
CUST-702338,Hailey J. Long,Female,24,43,Metallurgist,No,Yes,United States,Wisconsin,,
CUST-498237,Claire U. Frazier,Female,19,39,Hospital pharmacist,No,Yes,United States,Wisconsin,,
CUST-952195,Julia J. Bell,Female,45,57,Equality and diversity officer,No,Yes,United States,Wisconsin,,
CUST-357828,Olivia J. Kim,Female,55,60,"Radiographer, therapeutic",No,Yes,United States,Wisconsin,,
CUST-435682,Isabella R. Parker,Female,22,33,"Engineer, manufacturing systems",No,Yes,United States,Wisconsin,,
CUST-720419,Stella N. Haynes,Female,55,74,"Teacher, adult education",No,Yes,United States,Wisconsin,,
CUST-412210,Leah D. Bell,Female,46,59,"Horticulturist, commercial",No,Yes,United States,Wisconsin,,
CUST-710400,Nora A. Myers,Female,46,57,Careers information officer,No,Yes,United States,Wisconsin,,
CUST-738297,Anna B. Powell,Female,54,70,"Engineer, structural",No,Yes,United States,Wisconsin,,
CUST-535502,Dylan G. Obrien,Female,47,54,"Engineer, petroleum",No,Yes,United States,Wisconsin,,
CUST-728503,Olivia W. Jones,Female,46,71,"Copywriter, advertising",No,Yes,United States,Wisconsin,,
CUST-828976,Natalie K. Wise,Female,25,35,"Engineer, drilling",No,Yes,United States,Wisconsin,,
CUST-158113,Eleanor C. Maxwell,Female,30,35,Chief Operating Officer,No,Yes,United States,Wisconsin,,
CUST-509853,Madison I. Love,Female,48,62,Private music teacher,No,Yes,United States,Wisconsin,,
CUST-631995,Savannah M. Wade,Female,52,68,"Librarian, academic",No,Yes,United States,Wisconsin,,
CUST-580611,Sophia L. McCoy,Female,46,69,Occupational psychologist,No,Yes,United States,Wisconsin,,
CUST-204179,Rachel N. Wright,Female,56,75,Freight forwarder,No,Yes,United States,Wisconsin,,
CUST-280798,Emma K. Saunders,Female,26,44,Personal assistant,No,Yes,United States,Wisconsin,,
CUST-352033,Rachel G. Edwards,Female,24,32,"Engineer, materials",No,Yes,United States,Wisconsin,,
CUST-695107,Lily A. Erickson,Female,49,65,Newspaper journalist,No,Yes,United States,Wisconsin,,
CUST-167514,Julia U. Romero,Female,36,61,Agricultural consultant,No,Yes,United States,Wisconsin,,
CUST-443493,Chloe L. Arnold,Female,32,37,"Civil engineer, contracting",No,Yes,United States,Wisconsin,,
CUST-932049,Sarah Z. Rhodes,Female,60,70,Podiatrist,No,Yes,United States,Wisconsin,,
CUST-317717,Caroline G. Moss,Female,48,62,Personnel officer,No,Yes,United States,Wisconsin,,
CUST-406648,Leah R. Horton,Female,52,55,"Teacher, adult education",No,Yes,United States,Wisconsin,,
CUST-290431,Allison C. Long,Female,26,34,Retail manager,No,Yes,United States,Wisconsin,,
CUST-586616,Leah R. Roberts,Female,55,75,Marketing executive,No,Yes,United States,Wisconsin,,
CUST-611049,Violet T. Hampton,Female,18,38,Pharmacologist,No,Yes,United States,Wisconsin,,
CUST-529322,Savannah E. Burns,Female,33,47,Commissioning editor,No,Yes,United States,Wisconsin,,
CUST-844214,Lauren N. Curry,Female,32,38,Broadcast journalist,No,Yes,United States,Wisconsin,,
CUST-883887,Victoria T. Williamson,Female,18,35,Ecologist,No,Yes,United States,Wisconsin,,
CUST-240716,Lauren M. Miles,Female,22,40,Emergency planning/management officer,No,Yes,United States,Wisconsin,,
CUST-542738,Elizabeth N. Erickson,Female,43,53,Visual merchandiser,No,Yes,United States,Wisconsin,,
CUST-622160,Abigail H. Aguilar,Female,47,56,"Radiographer, diagnostic",No,Yes,United States,Wisconsin,,
CUST-200907,Elizabeth I. Davidson,Female,27,35,Data processing manager,No,Yes,United States,Wisconsin,,
CUST-335566,Eleanor K. Colon,Female,40,46,Translator,No,Yes,United States,Wisconsin,,
CUST-433699,Eleanor G. Harper,Female,57,67,Quantity surveyor,No,Yes,United States,Wisconsin,,
CUST-878255,Natalie H. Farmer,Female,21,27,"Engineer, water",No,Yes,United States,Wisconsin,,
CUST-594164,Victoria I. Stephens,Female,18,24,Dentist,No,Yes,United States,Wisconsin,,
CUST-504105,Anthony N. Sims,Female,22,27,Quality manager,No,Yes,United States,Wisconsin,,
CUST-606504,Victoria E. Kennedy,Female,32,42,"Scientist, biomedical",No,Yes,United States,Wisconsin,,
CUST-598499,Alice N. Clark,Female,60,81,Ceramics designer,No,Yes,United States,Wisconsin,,
CUST-925244,Violet N. Webster,Female,57,72,Film/video editor,No,Yes,United States,Wisconsin,,
CUST-122770,Eleanor V. Jenkins,Female,51,52,Archaeologist,No,Yes,United States,Wisconsin,,
CUST-127453,Victoria F. Tucker,Female,31,36,Marketing executive,No,Yes,United States,Wisconsin,,
CUST-232616,Allison Q. Johnston,Female,27,31,"Surveyor, minerals",No,Yes,United States,Wisconsin,,
CUST-872961,Madison U. Martin,Female,43,62,Legal executive,No,Yes,United States,Wisconsin,,
CUST-182733,Abigail K. Medina,Female,30,50,Product/process development scientist,No,Yes,United States,Wisconsin,,
CUST-919303,Sarah G. Santos,Female,23,48,Quarry manager,No,Yes,United States,Wisconsin,,
CUST-360351,Isabella Q. Stevenson,Female,46,62,Personnel officer,No,Yes,United States,Wisconsin,,
CUST-904932,Emma T. Hart,Female,55,78,Chief Technology Officer,No,Yes,United States,Wisconsin,,
CUST-829524,Hailey P. Simon,Female,53,71,Armed forces technical officer,No,Yes,United States,Wisconsin,,
CUST-617331,Kennedy Y. Daniels,Female,30,51,Retail buyer,No,Yes,United States,Wisconsin,,
CUST-360807,Anna W. Diaz,Female,54,73,Oncologist,No,Yes,United States,Wisconsin,,
CUST-418660,Lily A. Estrada,Female,49,67,"Surveyor, land/geomatics",No,Yes,United States,Wisconsin,,
CUST-731555,Sophia W. Warner,Female,28,35,Armed forces training and education officer,No,Yes,United States,Wisconsin,,
CUST-765368,Alice J. Austin,Female,43,52,"Scientist, water quality",No,Yes,United States,Wisconsin,,
CUST-369679,Emma T. Bailey,Female,18,35,Editorial assistant,No,Yes,United States,Wisconsin,,
CUST-151602,Sarah Z. Maldonado,Female,52,59,TEFL teacher,No,Yes,United States,Wisconsin,,
CUST-586279,Chloe E. Curtis,Female,53,72,Statistician,No,Yes,United States,Wisconsin,,
CUST-548664,Lily E. Colon,Female,53,73,Agricultural engineer,No,Yes,United States,Wisconsin,,
CUST-848684,Savannah P. Harrison,Female,35,39,"Administrator, Civil Service",No,Yes,United States,Wisconsin,,
CUST-742994,Natalie X. Yates,Female,55,58,Art therapist,No,Yes,United States,Wisconsin,,
CUST-168503,Savannah B. Leonard,Female,30,44,Chiropodist,No,Yes,United States,Wisconsin,,
CUST-774239,Violet H. Higgins,Female,47,63,"Engineer, maintenance (IT)",No,Yes,United States,Wisconsin,,
CUST-872288,Abigail U. Smith,Female,34,35,"Engineer, materials",No,Yes,United States,Wisconsin,,
CUST-759186,Abigail I. Carlson,Female,49,70,"Scientist, research (maths)",No,Yes,United States,Wisconsin,,
CUST-119576,Hannah I. Turner,Female,24,30,"Engineer, broadcasting (operations)",No,Yes,United States,Wisconsin,,
CUST-713035,Grace S. Bush,Female,43,60,Private music teacher,No,Yes,United States,Wisconsin,,
CUST-972184,Julia I. Watson,Female,36,44,"Conservation officer, historic buildings",No,Yes,United States,Wisconsin,,
CUST-671202,Julia H. Gordon,Female,30,43,Higher education lecturer,No,Yes,United States,Wisconsin,,
CUST-460847,Hannah T. Benson,Female,20,31,"Programmer, applications",No,Yes,United States,Wisconsin,,
CUST-179411,Evelyn I. Thomas,Female,38,51,Patent examiner,No,Yes,United States,Wisconsin,,
CUST-219382,Madison L. Griffith,Female,42,57,Information systems manager,No,Yes,United States,Wisconsin,,
CUST-131739,Evelyn H. Gomez,Female,45,52,Health and safety adviser,No,Yes,United States,Wisconsin,,
CUST-637396,Hailey N. Harper,Female,50,69,Call centre manager,No,Yes,United States,Wisconsin,,
CUST-891227,Nora P. Nunez,Female,30,45,Chief Operating Officer,No,Yes,United States,Wisconsin,,
CUST-608262,Lauren T. Baldwin,Female,37,40,Translator,No,Yes,United States,Wisconsin,,
CUST-680812,Nora X. Griffin,Female,58,70,"Psychologist, forensic",No,Yes,United States,Wisconsin,,
CUST-165923,Madison U. Warren,Female,60,62,Tourist information centre manager,No,Yes,United States,Wisconsin,,
CUST-553805,Stella C. Curtis,Female,42,48,Building services engineer,No,Yes,United States,Wisconsin,,
CUST-244435,Grace I. Hill,Female,24,42,Town planner,No,Yes,United States,Wisconsin,,
CUST-598003,Chloe B. Miller,Female,28,37,Engineering geologist,No,Yes,United States,Wisconsin,,
CUST-330031,Chloe G. Rose,Female,23,31,Trade mark attorney,No,Yes,United States,Wisconsin,,
CUST-175696,Lily K. King,Female,30,49,Artist,No,Yes,United States,Wisconsin,,
CUST-199428,Olivia P. Yates,Female,20,25,Planning and development surveyor,No,Yes,United States,Wisconsin,,
CUST-834452,Chloe Q. Jordan,Female,34,59,Insurance account manager,No,Yes,United States,Wisconsin,,
CUST-818516,Victoria L. Lynch,Female,53,56,"Education officer, community",No,Yes,United States,Wisconsin,,
CUST-277081,Stella K. Day,Female,57,73,Government social research officer,No,Yes,United States,Wisconsin,,
CUST-162620,Abigail Q. Gilbert,Female,50,61,"Physicist, medical",No,Yes,United States,Wisconsin,,
CUST-689738,Victoria G. Vargas,Female,38,54,Curator,No,Yes,United States,Wisconsin,,
CUST-842057,Brooklyn F. Erickson,Female,50,56,Database administrator,No,Yes,United States,Wisconsin,,
CUST-344063,Alice V. Williams,Female,57,82,Learning disability nurse,No,Yes,United States,Wisconsin,,
CUST-877382,Victoria B. Warren,Female,51,69,Toxicologist,No,Yes,United States,Wisconsin,,
CUST-697859,Allison D. Myers,Female,56,59,Television production assistant,No,Yes,United States,Wisconsin,,
CUST-559342,Grace L. Warren,Female,27,31,Manufacturing engineer,No,Yes,United States,Wisconsin,,
CUST-895721,Hannah U. Long,Female,49,74,Printmaker,No,Yes,United States,Wisconsin,,
CUST-790269,Violet Q. Sullivan,Female,52,75,Outdoor activities/education manager,No,Yes,United States,Wisconsin,,
CUST-770395,Leah H. Rice,Female,56,65,Landscape architect,No,Yes,United States,Wisconsin,,
CUST-168213,Stella F. Greer,Female,38,44,Warehouse manager,No,Yes,United States,Wisconsin,,
CUST-934035,Kennedy Q. Howard,Female,38,50,Contractor,No,Yes,United States,Wisconsin,,
CUST-516182,Nora V. Moody,Female,24,28,Diagnostic radiographer,No,Yes,United States,Wisconsin,,
CUST-979049,Anna F. Greer,Female,25,26,"Psychotherapist, dance movement",No,Yes,United States,Wisconsin,,
CUST-918805,Nora D. Alexander,Female,55,78,Travel agency manager,No,Yes,United States,Wisconsin,,
CUST-329526,Theodore N. Newman,Other,35,49,Child psychotherapist,Yes,No,United States,Minnesota,,
CUST-285115,Adam F. Quinn,Other,60,72,Veterinary surgeon,Yes,No,United States,Minnesota,,
CUST-429891,Hunter W. Pierce,Other,19,24,Fashion designer,Yes,No,United States,Minnesota,,
CUST-483592,Savannah W. Curtis,Other,32,45,Energy manager,Yes,No,United States,Minnesota,,
CUST-258306,Stella Z. Townsend,Other,27,40,"Engineer, automotive",Yes,No,United States,Minnesota,,
CUST-646026,William J. Gibson,Other,59,62,Brewing technologist,Yes,No,United States,Minnesota,,
CUST-651473,Austin F. Myers,Other,29,35,Cytogeneticist,Yes,No,United States,Minnesota,,
CUST-563155,Cameron P. Willis,Other,19,40,Research scientist (maths),Yes,No,United States,Minnesota,,
CUST-331025,Owen D. Fields,Other,30,54,Dance movement psychotherapist,Yes,No,United States,Minnesota,,
CUST-822845,Joshua I. Peterson,Other,20,29,Health visitor,Yes,No,United States,Minnesota,,
CUST-398154,Carter D. Young,Other,52,77,"Editor, magazine features",Yes,No,United States,Minnesota,,
CUST-173073,Jackson S. Malone,Other,33,48,Financial adviser,Yes,No,United States,Minnesota,,
CUST-215637,Joshua X. Williamson,Other,19,25,Personal assistant,Yes,No,United States,Minnesota,,
CUST-420783,Henry H. Hamilton,Other,53,56,Hospital doctor,Yes,No,United States,Minnesota,,
CUST-243562,Nathan S. Freeman,Other,49,71,Museum/gallery exhibitions officer,Yes,No,United States,Minnesota,,
CUST-898923,Anthony F. Fields,Other,28,37,Patent examiner,Yes,No,United States,Minnesota,,
CUST-879074,Connor I. Hopkins,Other,57,74,"Social research officer, government",Yes,No,United States,Minnesota,,
CUST-131116,Adam Y. Becker,Other,27,41,Plant breeder/geneticist,Yes,No,United States,Minnesota,,
CUST-242681,Hunter V. Little,Other,29,50,Clinical research associate,Yes,No,United States,Minnesota,,
CUST-628791,Connor N. Smith,Other,34,36,Civil Service fast streamer,Yes,No,United States,Minnesota,,
CUST-396156,Zachary V. Mitchell,Other,24,45,Merchant navy officer,Yes,No,United States,Minnesota,,
CUST-354626,Caleb R. Barnett,Other,20,43,Cartographer,Yes,No,United States,Minnesota,,
CUST-563134,William Z. Mills,Other,28,52,Nutritional therapist,Yes,No,United States,Minnesota,,
CUST-602276,Isaac H. Walters,Other,22,45,Secretary/administrator,Yes,No,United States,Minnesota,,
CUST-270284,Daniel D. Mack,Other,54,69,"Engineer, maintenance",Yes,No,United States,Minnesota,,
CUST-526380,Sebastian F. Allen,Other,45,65,"Restaurant manager, fast food",Yes,No,United States,Minnesota,,
CUST-147473,Cameron K. Estrada,Other,32,54,Writer,Yes,No,United States,Minnesota,,
CUST-496071,Sebastian K. Davis,Other,30,32,Medical illustrator,Yes,No,United States,Minnesota,,
CUST-161547,Alexander F. Hart,Other,51,53,Colour technologist,Yes,No,United States,Minnesota,,
CUST-976628,Matthew N. Boyd,Other,55,67,Colour technologist,Yes,No,United States,Minnesota,,
CUST-788831,Sebastian W. Garza,Other,42,45,Ophthalmologist,Yes,No,United States,Minnesota,,
CUST-737191,Austin J. Thompson,Other,20,28,Exercise physiologist,Yes,No,United States,Minnesota,,
CUST-249316,Nicholas W. Manning,Other,43,44,Games developer,Yes,No,United States,Minnesota,,
CUST-976557,James L. Harrison,Other,44,60,Music therapist,Yes,No,United States,Minnesota,,
CUST-943985,Thomas F. Gutierrez,Other,44,47,"Designer, television/film set",Yes,No,United States,Minnesota,,
CUST-577481,Aaron Y. Nguyen,Other,31,54,Photographer,Yes,No,United States,Minnesota,,
CUST-309069,Oliver D. Waters,Other,28,40,Theme park manager,Yes,No,United States,Minnesota,,
CUST-645284,Caleb I. Steele,Other,18,19,Multimedia programmer,Yes,No,United States,Minnesota,,
CUST-280735,David X. Jennings,Other,18,31,Advice worker,Yes,No,United States,Minnesota,,
CUST-552147,Nicholas V. Stewart,Other,42,45,Multimedia programmer,Yes,No,United States,Minnesota,,
CUST-107209,Theodore R. Richardson,Other,47,59,"Loss adjuster, chartered",Yes,No,United States,Minnesota,,
CUST-331877,William R. Townsend,Other,23,44,Hospital doctor,Yes,No,United States,Minnesota,,
CUST-952343,Oliver X. Price,Other,42,64,Colour technologist,Yes,No,United States,Minnesota,,
CUST-196765,Connor L. Estrada,Other,47,53,Press photographer,Yes,No,United States,Minnesota,,
CUST-393734,Nathan P. Douglas,Other,46,49,Press photographer,Yes,No,United States,Minnesota,,
CUST-914846,Hunter G. Chapman,Other,23,39,Magazine journalist,Yes,No,United States,Minnesota,,
CUST-152356,Zachary J. Webb,Other,46,66,"Teacher, music",Yes,No,United States,Minnesota,,
CUST-601528,Daniel B. Soto,Other,41,51,Human resources officer,Yes,No,United States,Minnesota,,
CUST-976600,Daniel T. Thomas,Other,40,61,Visual merchandiser,Yes,No,United States,Minnesota,,
CUST-811612,Jackson Z. Campbell,Other,50,73,"Chemist, analytical",Yes,No,United States,Minnesota,,
CUST-259660,Daniel Z. Romero,Other,36,49,Horticultural therapist,Yes,No,United States,Minnesota,,
CUST-865403,Nicholas C. Bowen,Other,27,33,"Scientist, forensic",Yes,No,United States,Minnesota,,
CUST-296002,Andrew U. Watson,Other,60,78,Emergency planning/management officer,Yes,No,United States,Minnesota,,
CUST-514980,James K. Tucker,Other,33,40,"Lecturer, further education",Yes,No,United States,Minnesota,,
CUST-841614,Connor N. Chavez,Other,36,57,Financial manager,Yes,No,United States,Minnesota,,
CUST-300242,Thomas O. Davidson,Other,35,41,"Engineer, maintenance",Yes,No,United States,Minnesota,,
CUST-887493,Owen T. Johnston,Other,22,42,Occupational hygienist,Yes,No,United States,Minnesota,,
CUST-712888,James U. Tate,Other,31,50,Theme park manager,Yes,No,United States,Minnesota,,
CUST-564727,Isaac T. Grant,Other,54,77,Geoscientist,Yes,No,United States,Minnesota,,
CUST-707488,Oliver C. Osborne,Other,58,69,Copy,Yes,No,United States,Minnesota,,
CUST-861771,Joshua C. Ingram,Other,60,76,Web designer,Yes,No,United States,Minnesota,,
CUST-321812,Henry Z. Morales,Other,58,74,Teaching laboratory technician,Yes,No,United States,Minnesota,,
CUST-404132,Isaac Q. Phillips,Other,18,42,Event organiser,Yes,No,United States,Minnesota,,
CUST-219961,Connor Y. Smith,Other,33,56,Diplomatic Services operational officer,Yes,No,United States,Minnesota,,
CUST-292949,Caleb I. Sullivan,Other,60,72,"Lecturer, further education",Yes,No,United States,Minnesota,,
CUST-813575,Carter H. Tate,Other,41,55,Pharmacologist,Yes,No,United States,Minnesota,,
CUST-923797,Nicholas H. Hines,Other,21,40,Clinical biochemist,Yes,No,United States,Minnesota,,
CUST-642808,Aaron H. Gardner,Other,28,50,"Administrator, local government",Yes,No,United States,Minnesota,,
CUST-248873,Benjamin P. Miller,Other,30,37,"Journalist, newspaper",Yes,No,United States,Minnesota,,
CUST-979405,Dylan S. Gilbert,Other,60,71,Agricultural engineer,Yes,No,United States,Minnesota,,
CUST-379507,Nathan T. Lyons,Other,59,71,Technical brewer,Yes,No,United States,Minnesota,,
CUST-749406,Christopher M. Fernandez,Other,19,25,Music tutor,Yes,No,United States,Minnesota,,
CUST-891928,Daniel V. Rhodes,Other,26,38,"Therapist, horticultural",Yes,No,United States,Minnesota,,
CUST-367834,Hunter H. Pena,Other,25,49,Police officer,Yes,No,United States,Minnesota,,
CUST-115479,Sebastian B. Collins,Other,56,57,Patent attorney,Yes,No,United States,Minnesota,,
CUST-511064,Benjamin Q. Banks,Other,53,75,Chief Strategy Officer,Yes,No,United States,Minnesota,,
CUST-563885,Dylan I. Barnett,Other,29,33,Investment analyst,Yes,No,United States,Minnesota,,
CUST-162538,Nathan Z. Garza,Other,58,64,Oncologist,Yes,No,United States,Minnesota,,
CUST-692921,Gabriel U. Brewer,Other,30,38,Private music teacher,Yes,No,United States,Minnesota,,
CUST-921828,Austin L. Lane,Other,53,63,Occupational therapist,Yes,No,United States,Minnesota,,
CUST-371167,Wyatt Y. Gilbert,Other,18,30,Radio broadcast assistant,Yes,No,United States,Minnesota,,
CUST-167515,Theodore I. Green,Other,34,40,Airline pilot,Yes,No,United States,Minnesota,,
CUST-388315,Henry X. Salazar,Other,20,22,Science writer,Yes,No,United States,Minnesota,,
CUST-841756,Henry G. Wells,Other,37,46,Town planner,Yes,No,United States,Minnesota,,
CUST-419650,Owen F. Diaz,Other,45,66,Holiday representative,Yes,No,United States,Minnesota,,
CUST-994678,Jackson V. Peters,Other,22,35,"Engineer, automotive",Yes,No,United States,Minnesota,,
CUST-250865,Alexander Z. Santos,Other,54,72,Gaffer,Yes,No,United States,Minnesota,,
CUST-396486,Connor R. Lowe,Other,52,53,Chartered legal executive (England and Wales),Yes,No,United States,Minnesota,,
CUST-742492,Lucas D. Aguilar,Other,48,67,Equities trader,Yes,No,United States,Minnesota,,
CUST-908777,Luke P. Johnston,Other,39,57,"Designer, fashion/clothing",Yes,No,United States,Minnesota,,
CUST-362465,Oliver L. Turner,Other,41,65,"Administrator, local government",Yes,No,United States,Minnesota,,
CUST-913107,Daniel D. Morrison,Other,47,60,Community education officer,Yes,No,United States,Minnesota,,
CUST-120567,Lucas F. Simon,Other,46,48,Special educational needs teacher,Yes,No,United States,Minnesota,,
CUST-317369,Aaron N. Chapman,Other,23,43,"Nurse, children's",Yes,No,United States,Minnesota,,
CUST-982341,Benjamin F. Bryant,Other,36,56,Set designer,Yes,No,United States,Minnesota,,
CUST-853074,Connor T. Griffin,Other,21,27,Call centre manager,Yes,No,United States,Minnesota,,
CUST-542565,Caleb A. Ramos,Other,47,55,Medical secretary,Yes,No,United States,Minnesota,,
CUST-360571,Anthony L. Moreno,Other,23,37,"Education officer, community",Yes,No,United States,Minnesota,,
CUST-901115,William B. McGee,Other,50,54,Senior tax professional/tax inspector,Yes,No,United States,Minnesota,,
CUST-900551,Luke C. Walton,Other,33,40,Risk manager,Yes,No,United States,Minnesota,,
CUST-622273,Theodore Y. Ingram,Other,38,54,Technical sales engineer,Yes,No,United States,Minnesota,,
CUST-125768,Wyatt Z. Ruiz,Other,51,59,"Engineer, production",Yes,Yes,United States,Minnesota,,
CUST-676760,Luke T. Hart,Other,19,39,Psychotherapist,Yes,Yes,United States,Minnesota,,
CUST-772892,Gabriel Y. Young,Other,44,57,Educational psychologist,Yes,Yes,United States,Minnesota,,
CUST-172099,Luke Q. Bowen,Other,34,47,"Producer, radio",Yes,Yes,United States,Minnesota,,
CUST-418683,Luke U. Tucker,Other,35,57,Dance movement psychotherapist,Yes,Yes,United States,Minnesota,,
CUST-625715,Nicholas O. Harmon,Other,23,29,Field trials officer,Yes,Yes,United States,Minnesota,,
CUST-602468,Henry D. Hart,Other,38,47,Architectural technologist,Yes,Yes,United States,Minnesota,,
CUST-275402,Alexander N. Obrien,Other,52,76,Ceramics designer,Yes,Yes,United States,Minnesota,,
CUST-644678,Nathan B. Horton,Other,25,29,Contracting civil engineer,Yes,Yes,United States,Minnesota,,
CUST-110706,Andrew E. Stanley,Other,53,72,"Psychologist, clinical",Yes,Yes,United States,Minnesota,,
CUST-884846,Joseph R. Reynolds,Other,36,43,Energy manager,Yes,Yes,United States,Minnesota,,
CUST-955216,Carter T. Keller,Other,44,49,Community education officer,Yes,Yes,United States,Minnesota,,
CUST-600474,Anthony N. Waters,Other,32,34,Ophthalmologist,Yes,Yes,United States,Minnesota,,
CUST-322262,Andrew D. Snyder,Other,58,76,Sports development officer,Yes,Yes,United States,Minnesota,,
CUST-198594,Matthew Q. Edwards,Other,39,42,Pharmacologist,Yes,Yes,United States,Minnesota,,
CUST-384531,Henry B. Terry,Other,42,65,Contractor,Yes,Yes,United States,Minnesota,,
CUST-594343,Dylan S. Sharp,Other,32,33,Geophysicist/field seismologist,Yes,Yes,United States,Minnesota,,
CUST-882015,Hunter O. Reed,Other,58,78,"Engineer, materials",Yes,Yes,United States,Minnesota,,
CUST-495441,Hunter J. Saunders,Other,57,60,Nutritional therapist,Yes,Yes,United States,Minnesota,,
CUST-427463,Oliver C. Ruiz,Other,54,61,Site engineer,Yes,Yes,United States,Minnesota,,
CUST-603716,Jackson T. James,Other,45,69,Analytical chemist,Yes,Yes,United States,Minnesota,,
CUST-669131,Matthew B. Hanson,Other,21,25,"Psychologist, counselling",Yes,Yes,United States,Minnesota,,
CUST-332738,Christopher B. Knight,Other,52,59,Social worker,Yes,Yes,United States,Minnesota,,
CUST-845839,Connor I. Horton,Other,47,50,Operations geologist,Yes,Yes,United States,Minnesota,,
CUST-545589,William Y. Bowman,Other,50,57,Chartered certified accountant,Yes,Yes,United States,Minnesota,,
CUST-320789,Charles Z. Goodwin,Other,25,40,Professor Emeritus,Yes,Yes,United States,Minnesota,,
CUST-170653,Jackson X. Wood,Other,49,57,Editorial assistant,Yes,Yes,United States,Minnesota,,
CUST-608791,Matthew V. Morris,Other,33,52,Health physicist,Yes,Yes,United States,Minnesota,,
CUST-540351,Jack V. Pierce,Other,59,63,"Doctor, hospital",Yes,Yes,United States,Minnesota,,
CUST-201130,Thomas C. Cunningham,Other,38,53,Chartered management accountant,Yes,Yes,United States,Minnesota,,
CUST-599405,Oliver P. Richards,Other,30,43,Cytogeneticist,Yes,Yes,United States,Minnesota,,
CUST-907342,Oliver H. Martin,Other,42,67,Multimedia specialist,Yes,Yes,United States,Minnesota,,
CUST-780415,Adam K. Graham,Other,19,32,"Engineer, biomedical",Yes,Yes,United States,Minnesota,,
CUST-294907,Adam F. Craig,Other,35,51,"Engineer, biomedical",Yes,Yes,United States,Minnesota,,
CUST-962453,Caleb F. Fitzgerald,Other,26,50,"Engineer, chemical",Yes,Yes,United States,Minnesota,,
CUST-754457,Benjamin H. Hayes,Other,28,34,Dancer,Yes,Yes,United States,Minnesota,,
CUST-969012,Thomas F. Reese,Other,53,65,Bonds trader,Yes,Yes,United States,Minnesota,,
CUST-774377,Joshua J. Murphy,Other,57,70,Exhibition designer,Yes,Yes,United States,Minnesota,,
CUST-572249,Owen C. Nichols,Other,32,56,Operational investment banker,Yes,Yes,United States,Minnesota,,
CUST-909114,Alexander S. Valdez,Other,51,58,Phytotherapist,Yes,Yes,United States,Minnesota,,
CUST-425855,Connor L. Wright,Other,43,51,"Engineer, maintenance",Yes,Yes,United States,Minnesota,,
CUST-978841,Henry M. Blair,Other,40,61,Management consultant,Yes,Yes,United States,Minnesota,,
CUST-798733,Charles N. Ingram,Other,22,45,Water engineer,Yes,Yes,United States,Minnesota,,
CUST-393825,Andrew V. Fernandez,Other,37,53,"Therapist, drama",Yes,Yes,United States,Minnesota,,
CUST-974668,Anthony T. Hamilton,Other,44,56,"Engineer, site",Yes,Yes,United States,Minnesota,,
CUST-328041,Alexander A. Hopkins,Other,55,74,Translator,Yes,Yes,United States,Minnesota,,
CUST-462079,Henry P. Tucker,Other,60,79,"Development worker, international aid",Yes,Yes,United States,Minnesota,,
CUST-784048,Caleb N. Tucker,Other,50,60,"Production assistant, radio",Yes,Yes,United States,Minnesota,,
CUST-583190,Nicholas X. Hanson,Other,49,60,"Merchandiser, retail",Yes,Yes,United States,Minnesota,,
CUST-285386,Nathan N. Fox,Other,53,67,Environmental health practitioner,Yes,Yes,United States,Minnesota,,
CUST-538837,Connor N. Simpson,Other,39,47,Chief of Staff,Yes,Yes,United States,Minnesota,,
CUST-376426,Dylan A. Burton,Other,23,42,Financial manager,Yes,Yes,United States,Minnesota,,
CUST-260965,James G. Munoz,Other,47,60,Newspaper journalist,Yes,Yes,United States,Minnesota,,
CUST-837936,David G. Murphy,Other,27,42,"Accountant, chartered public finance",Yes,Yes,United States,Minnesota,,
CUST-115814,Henry Q. Alexander,Other,18,40,Town planner,Yes,Yes,United States,Minnesota,,
CUST-225811,Caleb B. Chambers,Other,53,73,"Programmer, applications",Yes,Yes,United States,Minnesota,,
CUST-963070,Wyatt N. Robbins,Other,28,31,Airline pilot,Yes,Yes,United States,Minnesota,,
CUST-603469,Joshua U. Green,Other,50,63,Health and safety inspector,Yes,Yes,United States,Minnesota,,
CUST-969609,Adam V. Hunt,Other,36,41,Automotive engineer,Yes,Yes,United States,Minnesota,,
CUST-676983,Wyatt T. Davis,Other,35,51,Town planner,Yes,Yes,United States,Minnesota,,
CUST-874871,Zachary N. Harrison,Other,20,37,"Nurse, children's",Yes,Yes,United States,Minnesota,,
CUST-817948,Joshua E. Watson,Other,54,55,Sports therapist,Yes,Yes,United States,Minnesota,,
CUST-822183,Cameron Z. George,Other,29,52,Medical laboratory scientific officer,Yes,Yes,United States,Minnesota,,
CUST-378226,Luke O. Padilla,Other,55,75,Insurance account manager,Yes,Yes,United States,Minnesota,,
CUST-199706,Caleb N. Schmidt,Other,48,66,Haematologist,Yes,Yes,United States,Minnesota,,
CUST-645010,Luke R. Chapman,Other,22,41,Medical laboratory scientific officer,Yes,Yes,United States,Minnesota,,
CUST-938764,Joseph J. Santos,Other,21,23,Information officer,Yes,Yes,United States,Minnesota,,
CUST-229547,Zachary V. Lucas,Other,29,49,Mental health nurse,Yes,Yes,United States,Minnesota,,
CUST-608630,Jackson D. Elliott,Other,57,67,Volunteer coordinator,Yes,Yes,United States,Minnesota,,
CUST-605803,James F. Grant,Other,31,49,Sub,Yes,Yes,United States,Minnesota,,
CUST-511206,Adam A. Thornton,Other,46,62,"Conservation officer, nature",Yes,Yes,United States,Minnesota,,
CUST-336195,Dylan I. Munoz,Other,20,37,"Restaurant manager, fast food",Yes,Yes,United States,Minnesota,,
CUST-535827,Carter B. Bailey,Other,56,72,Writer,Yes,Yes,United States,Minnesota,,
CUST-202525,Caleb P. Pierce,Other,23,24,Further education lecturer,Yes,Yes,United States,Minnesota,,
CUST-839910,Andrew C. Byrd,Other,39,51,"Administrator, sports",Yes,Yes,United States,Minnesota,,
CUST-864513,Anthony H. Bowman,Other,47,56,Trade mark attorney,Yes,Yes,United States,Minnesota,,
CUST-115353,Henry P. Cooper,Other,28,50,"Education officer, community",Yes,Yes,United States,Minnesota,,
CUST-470087,Allison W. Norris,Other,23,30,Drilling engineer,Yes,Yes,United States,Minnesota,,
CUST-155618,William R. Reynolds,Other,55,64,Dancer,Yes,Yes,United States,Minnesota,,
CUST-253013,Henry M. Brooks,Other,56,58,"Engineer, mining",Yes,Yes,United States,Minnesota,,
CUST-692016,Nathan X. Cruz,Other,35,50,Communications engineer,Yes,Yes,United States,Minnesota,,
CUST-412370,Brooklyn Q. Moss,Other,27,35,Make,Yes,Yes,United States,Minnesota,,
CUST-993234,Daniel G. Anderson,Other,39,57,Mechanical engineer,Yes,Yes,United States,Minnesota,,
CUST-441522,Adam U. May,Other,33,40,"Designer, ceramics/pottery",Yes,Yes,United States,Minnesota,,
CUST-458737,Alexander E. Butler,Other,48,64,Pharmacologist,Yes,Yes,United States,Minnesota,,
CUST-942893,Jack K. Dawson,Other,48,55,Special educational needs teacher,Yes,Yes,United States,Minnesota,,
CUST-564799,Lucas R. Norris,Other,43,58,"Embryologist, clinical",Yes,Yes,United States,Minnesota,,
CUST-155477,Henry G. Curry,Other,49,61,Petroleum engineer,No,No,United States,Minnesota,,
CUST-567423,Austin F. McGee,Other,19,21,"Therapist, art",No,No,United States,Minnesota,,
CUST-292627,Thomas R. Hines,Other,23,41,Regulatory affairs officer,No,No,United States,Minnesota,,
CUST-948503,Carter Q. Ellis,Other,49,55,Chief Technology Officer,No,No,United States,Minnesota,,
CUST-618764,Isaac I. Meyer,Other,24,44,Associate Professor,No,No,United States,Minnesota,,
CUST-431846,Theodore K. Mullins,Other,20,43,"Research officer, trade union",No,No,United States,Minnesota,,
CUST-876796,Zachary C. Ramsey,Other,22,36,"Scientist, physiological",No,No,United States,Minnesota,,
CUST-639875,Lucas C. James,Other,51,71,Press sub,No,No,United States,Minnesota,,
CUST-894552,Benjamin Y. Lindsey,Other,37,53,Hydrogeologist,No,No,United States,Minnesota,,
CUST-150332,Joshua F. Thornton,Other,21,34,Engineering geologist,No,No,United States,Minnesota,,
CUST-155844,David E. Cook,Other,39,40,Theatre stage manager,No,No,United States,Minnesota,,
CUST-615104,William Z. McCarthy,Other,37,56,Archaeologist,No,No,United States,Minnesota,,
CUST-277506,Matthew E. McDonald,Other,36,59,"Librarian, academic",No,No,United States,Minnesota,,
CUST-390140,Charles J. Hill,Other,58,69,Charity officer,No,No,United States,Minnesota,,
CUST-866164,Thomas F. Miles,Other,30,40,"Scientist, product/process development",No,No,United States,Minnesota,,
CUST-962804,Alexander A. Ross,Other,47,55,Advice worker,No,No,United States,Minnesota,,
CUST-685000,Hunter M. Robbins,Other,48,62,"Geneticist, molecular",No,No,United States,Minnesota,,
CUST-321216,Zachary Q. Neal,Other,60,64,"Administrator, local government",No,No,United States,Minnesota,,
CUST-954576,Isaac V. Robbins,Other,18,34,Purchasing manager,No,No,United States,Minnesota,,
CUST-517309,Nicholas X. Rivera,Other,19,32,Diplomatic Services operational officer,No,No,United States,Minnesota,,
CUST-678002,Theodore J. Hudson,Other,33,48,"Surveyor, building",No,No,United States,Minnesota,,
CUST-871257,Anthony C. Hayes,Other,34,46,"Designer, jewellery",No,No,United States,Minnesota,,
CUST-526628,Andrew L. Carter,Other,30,41,Education administrator,No,No,United States,Minnesota,,
CUST-492913,Christopher H. Conner,Other,30,46,Dealer,No,No,United States,Minnesota,,
CUST-795389,Joshua R. Burns,Other,24,40,"Engineer, manufacturing",No,No,United States,Minnesota,,
CUST-464440,Matthew F. Castillo,Other,58,79,Sales executive,No,No,United States,Minnesota,,
CUST-791899,Henry D. Patton,Other,28,33,Bookseller,No,No,United States,Minnesota,,
CUST-143812,Henry P. Moore,Other,39,40,Herbalist,No,No,United States,Minnesota,,
CUST-550117,Carter Y. Rios,Other,18,38,Diagnostic radiographer,No,No,United States,Minnesota,,
CUST-737045,Isaac F. Peterson,Other,51,59,Corporate treasurer,No,No,United States,Minnesota,,
CUST-986219,Andrew M. Chandler,Other,39,40,Maintenance engineer,No,No,United States,Minnesota,,
CUST-368206,Dylan B. Green,Other,43,44,Medical sales representative,No,No,United States,Minnesota,,
CUST-606488,Henry Y. White,Other,44,58,"Designer, industrial/product",No,No,United States,Minnesota,,
CUST-990781,Theodore V. George,Other,51,55,Transport planner,No,No,United States,Minnesota,,
CUST-897741,Andrew F. Stephens,Other,29,33,Bookseller,No,No,United States,Minnesota,,
CUST-683389,Adam Y. White,Other,53,69,Occupational therapist,No,No,United States,Minnesota,,
CUST-627947,Jackson W. Lewis,Other,57,58,Biomedical engineer,No,No,United States,Minnesota,,
CUST-433548,Jackson S. Adams,Other,22,46,Chartered loss adjuster,No,No,United States,Minnesota,,
CUST-394945,William I. Valdez,Other,31,49,Market researcher,No,No,United States,Minnesota,,
CUST-530985,Cameron I. Douglas,Other,59,65,Film/video editor,No,No,United States,Minnesota,,
CUST-151226,Thomas Y. Byrd,Other,38,51,"Psychologist, educational",No,No,United States,Minnesota,,
CUST-217310,Dylan H. Goodman,Other,45,67,Mental health nurse,No,No,United States,Minnesota,,
CUST-883501,Nathan O. Kelley,Other,31,36,Armed forces operational officer,No,No,United States,Minnesota,,
CUST-305538,Adam L. Curry,Other,49,65,Financial adviser,No,No,United States,Minnesota,,
CUST-250136,Olivia K. Sutton,Other,38,48,Technical author,No,No,United States,Minnesota,,
CUST-555268,Adam O. Harper,Other,25,31,Patent attorney,No,No,United States,Minnesota,,
CUST-770559,Austin S. Alexander,Other,20,25,Careers adviser,No,No,United States,Minnesota,,
CUST-652939,Wyatt J. Walters,Other,25,44,Research scientist (physical sciences),No,No,United States,Minnesota,,
CUST-203915,James J. Fletcher,Other,51,74,Armed forces technical officer,No,No,United States,Minnesota,,
CUST-962849,Charles I. Davis,Other,37,62,Music tutor,No,No,United States,Minnesota,,
CUST-968657,Anthony D. Morales,Other,53,73,"Engineer, civil (consulting)",No,No,United States,Minnesota,,
CUST-914581,Wyatt Q. Keller,Other,35,57,Town planner,No,No,United States,Minnesota,,
CUST-683859,William Z. Schneider,Other,51,71,Personnel officer,No,No,United States,Minnesota,,
CUST-502831,Oliver H. Hodges,Other,24,46,Oncologist,No,No,United States,Minnesota,,
CUST-347983,Carter F. Parker,Other,41,59,Corporate treasurer,No,No,United States,Minnesota,,
CUST-537516,Jackson U. Osborne,Other,43,46,Personnel officer,No,No,United States,Minnesota,,
CUST-758144,Caleb L. Aguilar,Other,51,75,Sub,No,No,United States,Minnesota,,
CUST-470639,Hunter H. Oliver,Other,42,54,"Scientist, audiological",No,No,United States,Minnesota,,
CUST-233071,Zachary J. Munoz,Other,41,56,Seismic interpreter,No,No,United States,Minnesota,,
CUST-339676,Daniel Z. Rivera,Other,19,44,"Pilot, airline",No,No,United States,Minnesota,,
CUST-368454,Austin U. Holmes,Other,25,47,"Lecturer, higher education",No,No,United States,Minnesota,,
CUST-679101,Jackson V. Garrett,Other,59,69,Information systems manager,No,No,United States,Minnesota,,
CUST-627423,David B. Morgan,Other,60,76,Diagnostic radiographer,No,No,United States,Minnesota,,
CUST-741363,Oliver T. Taylor,Other,59,63,"Engineer, automotive",No,No,United States,Minnesota,,
CUST-423530,Adam L. Ramsey,Other,57,66,"Journalist, magazine",No,No,United States,Minnesota,,
CUST-942205,Jackson O. Jenkins,Other,18,32,Lawyer,No,No,United States,Minnesota,,
CUST-768842,Adam R. Webster,Other,60,67,Wellsite geologist,No,No,United States,Minnesota,,
CUST-429144,Aaron X. McCarthy,Other,38,55,Fine artist,No,No,United States,Minnesota,,
CUST-386793,Connor A. Lucas,Other,60,67,Biomedical scientist,No,No,United States,Minnesota,,
CUST-628080,Nathan P. Curry,Other,48,72,Chief Strategy Officer,No,No,United States,Minnesota,,
CUST-543856,Carter W. Johnston,Other,32,46,Tree surgeon,No,No,United States,Minnesota,,
CUST-747243,Matthew T. Cobb,Other,45,58,Social researcher,No,No,United States,Minnesota,,
CUST-706452,Adam S. Tate,Other,42,67,Aeronautical engineer,No,No,United States,Minnesota,,
CUST-752992,Zachary N. Ramos,Other,36,45,Sports development officer,No,No,United States,Minnesota,,
CUST-696665,Hunter J. Bradley,Other,41,58,"Civil engineer, consulting",No,No,United States,Minnesota,,
CUST-968209,Charles C. Elliott,Other,42,46,"Editor, film/video",No,No,United States,Minnesota,,
CUST-728820,Anthony J. Dawson,Other,25,37,Public librarian,No,No,United States,Minnesota,,
CUST-214386,Anthony B. McKinney,Other,42,51,"Scientist, forensic",No,No,United States,Minnesota,,
CUST-199524,Joshua P. Vasquez,Other,21,34,"Psychotherapist, dance movement",No,No,United States,Minnesota,,
CUST-768217,Nicholas B. Taylor,Other,52,69,Location manager,No,No,United States,Minnesota,,
CUST-189221,Lucas Y. Gonzales,Other,25,26,Claims inspector/assessor,No,No,United States,Minnesota,,
CUST-955231,Zachary I. Newman,Other,56,76,Quarry manager,No,No,United States,Minnesota,,
CUST-268286,Matthew O. Hanson,Other,50,54,Best boy,No,No,United States,Minnesota,,
CUST-362283,Jackson G. Sherman,Other,53,63,"Geneticist, molecular",No,No,United States,Minnesota,,
CUST-710054,Theodore D. Thompson,Other,23,35,Commercial/residential surveyor,No,No,United States,Minnesota,,
CUST-809303,Christopher T. Fleming,Other,39,59,Contractor,No,No,United States,Minnesota,,
CUST-192299,Hunter I. Martin,Other,18,23,Market researcher,No,No,United States,Minnesota,,
CUST-966617,Daniel T. Marshall,Other,52,66,Information systems manager,No,No,United States,Minnesota,,
CUST-974861,Sebastian H. Sandoval,Other,60,82,Chartered legal executive (England and Wales),No,No,United States,Minnesota,,
CUST-167363,Anthony T. Rios,Other,55,78,"Journalist, magazine",No,No,United States,Minnesota,,
CUST-116172,David E. Dixon,Other,58,73,"Clinical scientist, histocompatibility and immunogenetics",No,No,United States,Minnesota,,
CUST-658192,Joseph U. Howard,Other,29,52,"Geologist, wellsite",No,No,United States,Minnesota,,
CUST-286569,Gabriel C. Thornton,Other,49,51,Government social research officer,No,Yes,United States,Minnesota,,
CUST-226880,Henry R. Soto,Other,32,52,"Designer, interior/spatial",No,Yes,United States,Minnesota,,
CUST-790289,Christopher F. Dennis,Other,57,59,Chief Executive Officer,No,Yes,United States,Minnesota,,
CUST-369908,Alexander W. Hill,Other,30,50,"Production designer, theatre/television/film",No,Yes,United States,Minnesota,,
CUST-501214,Wyatt S. George,Other,29,34,Media planner,No,Yes,United States,Minnesota,,
CUST-873225,Thomas S. Oliver,Other,23,41,"Accountant, chartered management",No,Yes,United States,Minnesota,,
CUST-127567,Joseph W. Pierce,Other,36,53,Museum education officer,No,Yes,United States,Minnesota,,
CUST-544664,Henry B. Griffith,Other,36,48,"Engineer, building services",No,Yes,United States,Minnesota,,
CUST-149949,Andrew Q. Reed,Other,40,45,Neurosurgeon,No,Yes,United States,Minnesota,,
CUST-114960,Theodore W. Curtis,Other,37,50,English as a foreign language teacher,No,Yes,United States,Minnesota,,
CUST-183288,William K. Warner,Other,59,63,"Psychologist, prison and probation services",No,Yes,United States,Minnesota,,
CUST-855435,Charles L. Burns,Other,45,69,"Surveyor, commercial/residential",No,Yes,United States,Minnesota,,
CUST-763824,Dylan C. Vaughn,Other,57,77,International aid/development worker,No,Yes,United States,Minnesota,,
CUST-760644,Anthony F. Gardner,Other,30,42,Structural engineer,No,Yes,United States,Minnesota,,
CUST-430493,Aaron Z. Stanley,Other,39,41,Herpetologist,No,Yes,United States,Minnesota,,
CUST-752491,Hunter T. Sherman,Other,34,47,Ranger/warden,No,Yes,United States,Minnesota,,
CUST-351144,Thomas I. Brooks,Other,54,77,Occupational hygienist,No,Yes,United States,Minnesota,,
CUST-855120,Christopher L. Terry,Other,48,63,Recruitment consultant,No,Yes,United States,Minnesota,,
CUST-261885,Joshua J. Oliver,Other,40,45,Research scientist (medical),No,Yes,United States,Minnesota,,
CUST-486887,Anthony P. Murray,Other,55,65,Gaffer,No,Yes,United States,Minnesota,,
CUST-215216,Chloe I. Erickson,Other,40,63,"Biochemist, clinical",No,Yes,United States,Minnesota,,
CUST-674339,Austin M. Neal,Other,49,52,Orthoptist,No,Yes,United States,Minnesota,,
CUST-659071,Christopher I. Padilla,Other,24,48,Technical sales engineer,No,Yes,United States,Minnesota,,
CUST-251344,Andrew Y. Brewer,Other,54,57,Brewing technologist,No,Yes,United States,Minnesota,,
CUST-222056,Anthony R. Ferguson,Other,42,61,"Surveyor, building control",No,Yes,United States,Minnesota,,
CUST-590688,Jackson T. Anderson,Other,20,22,"Teacher, music",No,Yes,United States,Minnesota,,
CUST-913880,James E. Crawford,Other,24,27,Marine scientist,No,Yes,United States,Minnesota,,
CUST-480161,David S. Flowers,Other,37,61,"Engineer, control and instrumentation",No,Yes,United States,Minnesota,,
CUST-683201,Joseph F. Walton,Other,22,38,Armed forces operational officer,No,Yes,United States,Minnesota,,
CUST-255513,Sebastian C. Williams,Other,36,51,Herbalist,No,Yes,United States,Minnesota,,
CUST-751225,Zachary H. Waters,Other,21,29,Records manager,No,Yes,United States,Minnesota,,
CUST-634866,Connor E. Douglas,Other,23,30,Catering manager,No,Yes,United States,Minnesota,,
CUST-116441,William T. Willis,Other,50,73,Chiropractor,No,Yes,United States,Minnesota,,
CUST-856223,Charles D. Lyons,Other,50,55,Theme park manager,No,Yes,United States,Minnesota,,
CUST-949490,Anthony H. Hines,Other,56,70,Web designer,No,Yes,United States,Minnesota,,
CUST-155984,Charles O. Strickland,Other,36,52,Sports therapist,No,Yes,United States,Minnesota,,
CUST-486493,Joseph A. Dawson,Other,21,31,"Optician, dispensing",No,Yes,United States,Minnesota,,
CUST-130128,Austin X. Bell,Other,38,50,Merchant navy officer,No,Yes,United States,Minnesota,,
CUST-869018,Sebastian N. Graves,Other,51,65,Chartered accountant,No,Yes,United States,Minnesota,,
CUST-890034,Jackson Z. Wheeler,Other,28,41,"Horticulturist, commercial",No,Yes,United States,Minnesota,,
CUST-621873,Theodore S. Hansen,Other,18,25,"Clinical scientist, histocompatibility and immunogenetics",No,Yes,United States,Minnesota,,
CUST-309895,Luke D. Warren,Other,53,71,Geochemist,No,Yes,United States,Minnesota,,
CUST-489252,Carter W. Swanson,Other,26,31,Petroleum engineer,No,Yes,United States,Minnesota,,
CUST-169359,Anthony Y. Blair,Other,28,37,Retail banker,No,Yes,United States,Minnesota,,
CUST-596577,Adam D. Romero,Other,36,45,Volunteer coordinator,No,Yes,United States,Minnesota,,
CUST-485461,James B. Jones,Other,35,48,"Programmer, systems",No,Yes,United States,Minnesota,,
CUST-561796,Joseph Y. Cook,Other,30,50,Consulting civil engineer,No,Yes,United States,Minnesota,,
CUST-712313,Alexander N. Mills,Other,51,52,Social researcher,No,Yes,United States,Minnesota,,
CUST-713502,Luke Y. Flowers,Other,46,51,Database administrator,No,Yes,United States,Minnesota,,
CUST-812150,James K. Austin,Other,58,82,"Programme researcher, broadcasting/film/video",No,Yes,United States,Minnesota,,
CUST-599063,Nathan I. Lane,Other,22,28,Armed forces training and education officer,No,Yes,United States,Minnesota,,
CUST-314392,Cameron X. Spencer,Other,34,40,International aid/development worker,No,Yes,United States,Minnesota,,
CUST-734147,Carter D. Schmidt,Other,44,50,"Therapist, nutritional",No,Yes,United States,Minnesota,,
CUST-883713,Adam O. Delgado,Other,57,78,Colour technologist,No,Yes,United States,Minnesota,,
CUST-849563,Jack U. Caldwell,Other,35,44,"Secretary, company",No,Yes,United States,Minnesota,,
CUST-768999,Cameron B. Williamson,Other,34,38,"Surveyor, insurance",No,Yes,United States,Minnesota,,
CUST-983140,Nathan V. Cross,Other,37,60,Mudlogger,No,Yes,United States,Minnesota,,
CUST-184769,Joshua N. Williamson,Other,37,47,Air cabin crew,No,Yes,United States,Minnesota,,
CUST-912591,Jack B. Pena,Other,49,73,"Accountant, chartered management",No,Yes,United States,Minnesota,,
CUST-383776,Christopher O. Bates,Other,28,50,Meteorologist,No,Yes,United States,Minnesota,,
CUST-591117,Gabriel T. Coleman,Other,47,49,Geochemist,No,Yes,United States,Minnesota,,
CUST-197639,Connor T. Hart,Other,49,52,"Engineer, mining",No,Yes,United States,Minnesota,,
CUST-227353,Adam P. Fernandez,Other,47,49,"Journalist, magazine",No,Yes,United States,Minnesota,,
CUST-687939,James V. Lowe,Other,40,56,Sales executive,No,Yes,United States,Minnesota,,
CUST-761677,Owen Z. Turner,Other,35,51,Event organiser,No,Yes,United States,Minnesota,,
CUST-804732,David Q. Miles,Other,57,60,Human resources officer,No,Yes,United States,Minnesota,,
CUST-768841,Andrew H. Shelton,Other,35,44,Water quality scientist,No,Yes,United States,Minnesota,,
CUST-788590,Anthony S. Sutton,Other,23,48,Mechanical engineer,No,Yes,United States,Minnesota,,
CUST-454328,Christopher F. McDonald,Other,30,33,Fisheries officer,No,Yes,United States,Minnesota,,
CUST-963030,Thomas C. Vaughn,Other,18,25,Intelligence analyst,No,Yes,United States,Minnesota,,
CUST-181603,Carter B. Gordon,Other,22,28,"Scientist, research (maths)",No,Yes,United States,Minnesota,,
CUST-692793,Henry T. Fletcher,Other,27,29,"Psychologist, clinical",No,Yes,United States,Minnesota,,
CUST-195559,Sebastian S. Parks,Other,38,62,Civil Service administrator,No,Yes,United States,Minnesota,,
CUST-838594,Wyatt U. Curtis,Other,24,39,Armed forces logistics/support/administrative officer,No,Yes,United States,Minnesota,,
CUST-368006,Alexander K. Spencer,Other,50,70,Environmental consultant,No,Yes,United States,Minnesota,,
CUST-384906,James U. Potter,Other,36,40,Dealer,No,Yes,United States,Minnesota,,
CUST-793380,Aaron M. Rose,Other,22,39,Video editor,No,Yes,United States,Minnesota,,
CUST-608079,Adam N. Sutton,Other,18,31,Air traffic controller,No,Yes,United States,Minnesota,,
CUST-466973,Andrew K. Powell,Other,27,41,Investment analyst,No,Yes,United States,Minnesota,,
CUST-829566,Adam O. Barnes,Other,24,38,Town planner,No,Yes,United States,Minnesota,,
CUST-884393,Henry U. Pope,Other,27,43,Ceramics designer,No,Yes,United States,Minnesota,,
CUST-808976,Anthony I. Green,Other,49,68,Furniture conservator/restorer,No,Yes,United States,Minnesota,,
CUST-633400,Aaron F. Thornton,Other,33,51,Fashion designer,No,Yes,United States,Minnesota,,
CUST-939093,Matthew C. Long,Other,36,45,Careers adviser,No,Yes,United States,Minnesota,,
CUST-688458,Owen A. Vaughn,Other,42,67,"Exhibitions officer, museum/gallery",No,Yes,United States,Minnesota,,
CUST-625634,Gabriel G. Love,Other,59,84,Warehouse manager,No,Yes,United States,Minnesota,,
CUST-214682,Alexander H. Burns,Other,30,31,Ecologist,No,Yes,United States,Minnesota,,
CUST-365108,Lucas P. Foster,Other,35,47,Research scientist (life sciences),No,Yes,United States,Minnesota,,
CUST-805249,Oliver L. Ball,Other,57,70,"Librarian, public",No,Yes,United States,Minnesota,,
CUST-354984,Dylan H. Morales,Other,22,47,"Teacher, music",No,Yes,United States,Minnesota,,
CUST-908559,Anthony T. Mitchell,Other,25,48,Chief Operating Officer,No,Yes,United States,Minnesota,,
CUST-668292,Owen N. Gray,Other,33,37,"Designer, jewellery",No,Yes,United States,Minnesota,,
CUST-295917,William G. Cohen,Other,32,46,"Radiographer, diagnostic",No,Yes,United States,Minnesota,,
CUST-368482,Theodore E. Hoffman,Other,53,59,Paediatric nurse,No,Yes,United States,Minnesota,,
CUST-784471,Oliver W. Watkins,Other,22,38,Video editor,No,Yes,United States,Minnesota,,
CUST-668058,Zachary U. Weber,Other,44,59,Brewing technologist,No,Yes,United States,Minnesota,,
CUST-442541,Theodore O. Howell,Other,59,63,Petroleum engineer,No,Yes,United States,Minnesota,,
CUST-864781,Caleb M. Paul,Other,45,63,Magazine journalist,No,Yes,United States,Minnesota,,
CUST-551530,Adam D. Rogers,Other,55,77,Radiation protection practitioner,No,Yes,United States,Minnesota,,
CUST-920934,Luke U. Newton,Other,53,55,"Exhibitions officer, museum/gallery",No,Yes,United States,Minnesota,,
CUST-284944,Alexander M. Hamilton,Other,56,57,Aid worker,No,Yes,United States,Minnesota,,
CUST-218033,Zachary H. Bennett,Other,36,58,"Editor, commissioning",No,Yes,United States,Minnesota,,
CUST-630458,Benjamin W. Dixon,Other,48,51,Public relations account executive,No,Yes,United States,Minnesota,,
CUST-480119,Christopher A. Murphy,Other,44,45,Interior and spatial designer,No,Yes,United States,Minnesota,,
CUST-806716,Austin L. Stewart,Other,60,77,Public house manager,No,Yes,United States,Minnesota,,
CUST-568228,Joseph K. Saunders,Other,39,52,Advertising art director,No,Yes,United States,Minnesota,,
CUST-120305,Isaac Z. Oliver,Other,34,47,"Optician, dispensing",No,Yes,United States,Minnesota,,
CUST-601897,Daniel F. Higgins,Other,27,51,Call centre manager,No,Yes,United States,Minnesota,,
CUST-303774,Matthew Z. Mullins,Other,18,20,Child psychotherapist,No,Yes,United States,Minnesota,,
CUST-546885,David Z. Russell,Other,38,45,Warehouse manager,Yes,No,United States,Wisconsin,,
CUST-105769,David V. Nichols,Other,60,83,"Research officer, government",Yes,No,United States,Wisconsin,,
CUST-921589,Sebastian D. Bryant,Other,22,24,Child psychotherapist,Yes,No,United States,Wisconsin,,
CUST-632817,Luke N. Porter,Other,38,58,Medical sales representative,Yes,No,United States,Wisconsin,,
CUST-742548,Joseph C. Wilson,Other,23,36,"Journalist, magazine",Yes,No,United States,Wisconsin,,
CUST-187024,Nicholas J. Rose,Other,52,74,"Engineer, communications",Yes,No,United States,Wisconsin,,
CUST-943554,Luke I. Hunt,Other,39,58,Art therapist,Yes,No,United States,Wisconsin,,
CUST-142380,Christopher X. Baldwin,Other,20,33,"Doctor, hospital",Yes,No,United States,Wisconsin,,
CUST-254218,Joseph U. Wells,Other,31,40,Exercise physiologist,Yes,No,United States,Wisconsin,,
CUST-929834,Jack G. White,Other,34,44,"Surveyor, building",Yes,No,United States,Wisconsin,,
CUST-134650,Daniel W. Garner,Other,47,51,Archaeologist,Yes,No,United States,Wisconsin,,
CUST-240880,Adam X. Stevenson,Other,37,62,Operations geologist,Yes,No,United States,Wisconsin,,
CUST-586172,Joshua C. Murray,Other,19,21,Public house manager,Yes,No,United States,Wisconsin,,
CUST-371201,Nora R. Saunders,Other,39,50,Podiatrist,Yes,No,United States,Wisconsin,,
CUST-379562,Joshua Y. Saunders,Other,25,44,Equities trader,Yes,No,United States,Wisconsin,,
CUST-561831,Matthew C. Ramos,Other,40,46,Art gallery manager,Yes,No,United States,Wisconsin,,
CUST-863049,Daniel T. Brown,Other,21,23,Systems developer,Yes,No,United States,Wisconsin,,
CUST-260169,Luke P. Willis,Other,60,62,Further education lecturer,Yes,No,United States,Wisconsin,,
CUST-171602,Isabella S. Sims,Other,39,45,Software engineer,Yes,No,United States,Wisconsin,,
CUST-933248,Dylan G. Green,Other,20,32,"Secretary, company",Yes,No,United States,Wisconsin,,
CUST-263702,Benjamin Y. Black,Other,56,75,"Engineer, technical sales",Yes,No,United States,Wisconsin,,
CUST-535161,Jack X. Jacobs,Other,54,74,Tourism officer,Yes,No,United States,Wisconsin,,
CUST-443163,Anthony S. Vasquez,Other,42,51,"Journalist, magazine",Yes,No,United States,Wisconsin,,
CUST-543110,Joseph Z. Austin,Other,45,56,Health and safety inspector,Yes,No,United States,Wisconsin,,
CUST-119837,Hunter H. Watts,Other,22,38,Emergency planning/management officer,Yes,No,United States,Wisconsin,,
CUST-747874,David L. Bell,Other,32,35,Immigration officer,Yes,No,United States,Wisconsin,,
CUST-765190,Jack V. Bates,Other,44,55,Personal assistant,Yes,No,United States,Wisconsin,,
CUST-547636,Sebastian B. Watson,Other,49,72,Psychiatric nurse,Yes,No,United States,Wisconsin,,
CUST-389303,Oliver U. Baldwin,Other,59,60,Clinical research associate,Yes,No,United States,Wisconsin,,
CUST-690137,Caleb R. Myers,Other,26,34,Human resources officer,Yes,No,United States,Wisconsin,,
CUST-792146,Hunter S. Guerrero,Other,31,44,Dance movement psychotherapist,Yes,No,United States,Wisconsin,,
CUST-252563,Aaron B. Soto,Other,18,41,Arts administrator,Yes,No,United States,Wisconsin,,
CUST-360761,Anthony Y. Rowe,Other,28,53,Chief Operating Officer,Yes,No,United States,Wisconsin,,
CUST-836454,David V. Hawkins,Other,43,62,Futures trader,Yes,No,United States,Wisconsin,,
CUST-723902,William W. Lawson,Other,30,35,Bookseller,Yes,No,United States,Wisconsin,,
CUST-968875,Daniel L. Medina,Other,43,64,Adult guidance worker,Yes,No,United States,Wisconsin,,
CUST-145486,Matthew Q. Russell,Other,26,46,Insurance broker,Yes,No,United States,Wisconsin,,
CUST-850312,Carter E. Cross,Other,31,33,Marine scientist,Yes,No,United States,Wisconsin,,
CUST-364236,Olivia V. Cooper,Other,24,44,"Teacher, special educational needs",Yes,No,United States,Wisconsin,,
CUST-406345,William X. Olson,Other,49,59,Network engineer,Yes,No,United States,Wisconsin,,
CUST-473400,Benjamin J. Weber,Other,55,79,"Scientist, biomedical",Yes,No,United States,Wisconsin,,
CUST-118222,Carter B. Hopkins,Other,51,56,Special educational needs teacher,Yes,No,United States,Wisconsin,,
CUST-668573,Dylan F. Barnes,Other,33,34,Financial manager,Yes,No,United States,Wisconsin,,
CUST-582912,Adam T. Johnston,Other,43,62,Soil scientist,Yes,No,United States,Wisconsin,,
CUST-828315,Henry Z. Walters,Other,32,55,Exhibition designer,Yes,No,United States,Wisconsin,,
CUST-462269,Henry I. Hoffman,Other,46,69,Television floor manager,Yes,No,United States,Wisconsin,,
CUST-935129,Connor D. Davidson,Other,25,32,Futures trader,Yes,No,United States,Wisconsin,,
CUST-164942,Cameron Z. Cohen,Other,29,45,"Geologist, wellsite",Yes,No,United States,Wisconsin,,
CUST-698192,James O. Alexander,Other,36,37,Commercial art gallery manager,Yes,No,United States,Wisconsin,,
CUST-808964,Matthew P. Palmer,Other,55,74,Chemical engineer,Yes,No,United States,Wisconsin,,
CUST-155630,Matthew F. Alvarez,Other,29,30,"Administrator, arts",Yes,No,United States,Wisconsin,,
CUST-632264,Connor C. Taylor,Other,39,48,"Psychotherapist, dance movement",Yes,No,United States,Wisconsin,,
CUST-993481,Nathan T. Roberts,Other,34,40,"Administrator, local government",Yes,No,United States,Wisconsin,,
CUST-409872,Nicholas V. Griffin,Other,20,24,Naval architect,Yes,No,United States,Wisconsin,,
CUST-629919,Caleb D. Hayes,Other,42,51,Archaeologist,Yes,No,United States,Wisconsin,,
CUST-386696,Nathan K. Caldwell,Other,50,55,Sales executive,Yes,No,United States,Wisconsin,,
CUST-529717,Thomas T. Keller,Other,41,51,Environmental consultant,Yes,No,United States,Wisconsin,,
CUST-845282,Nicholas C. Watkins,Other,33,51,Chief Strategy Officer,Yes,No,United States,Wisconsin,,
CUST-655109,Adam R. Jensen,Other,56,69,Public relations officer,Yes,No,United States,Wisconsin,,
CUST-896413,Theodore U. Reynolds,Other,28,44,Energy engineer,Yes,No,United States,Wisconsin,,
CUST-337606,Connor U. James,Other,59,70,IT consultant,Yes,No,United States,Wisconsin,,
CUST-344862,Benjamin G. Carroll,Other,20,44,"Scientist, biomedical",Yes,No,United States,Wisconsin,,
CUST-447015,Nathan W. Kim,Other,19,36,Agricultural engineer,Yes,No,United States,Wisconsin,,
CUST-469049,Andrew B. Johnston,Other,27,43,"Nurse, adult",Yes,No,United States,Wisconsin,,
CUST-345815,David U. Horton,Other,27,40,Geochemist,Yes,No,United States,Wisconsin,,
CUST-172145,Gabriel M. Arnold,Other,41,53,TEFL teacher,Yes,No,United States,Wisconsin,,
CUST-458098,Stella F. Diaz,Other,54,60,"Investment banker, operational",Yes,No,United States,Wisconsin,,
CUST-670656,Jack M. Robbins,Other,23,36,Research scientist (life sciences),Yes,No,United States,Wisconsin,,
CUST-184525,Adam X. Watkins,Other,39,58,"Surveyor, building control",Yes,No,United States,Wisconsin,,
CUST-117922,Isaac U. Sims,Other,57,60,Oncologist,Yes,No,United States,Wisconsin,,
CUST-150099,Luke F. Dunn,Other,35,52,Research scientist (physical sciences),Yes,No,United States,Wisconsin,,
CUST-176756,Lucas P. Waters,Other,37,39,Training and development officer,Yes,No,United States,Wisconsin,,
CUST-482160,Alexander Q. Bowen,Other,20,33,Retail banker,Yes,No,United States,Wisconsin,,
CUST-491119,Adam K. Kelly,Other,55,74,Cabin crew,Yes,No,United States,Wisconsin,,
CUST-838116,Joseph S. Pierce,Other,60,83,Intelligence analyst,Yes,No,United States,Wisconsin,,
CUST-900822,Cameron C. Cohen,Other,49,61,"Engineer, energy",Yes,No,United States,Wisconsin,,
CUST-281442,Daniel A. Curtis,Other,39,41,Furniture conservator/restorer,Yes,No,United States,Wisconsin,,
CUST-903662,Theodore D. Doyle,Other,34,37,Holiday representative,Yes,No,United States,Wisconsin,,
CUST-224334,Owen B. Becker,Other,25,29,Garment/textile technologist,Yes,No,United States,Wisconsin,,
CUST-318281,Daniel H. Walsh,Other,54,61,Retail manager,Yes,No,United States,Wisconsin,,
CUST-180505,Owen V. Wells,Other,20,42,Sport and exercise psychologist,Yes,No,United States,Wisconsin,,
CUST-509018,Nicholas P. Diaz,Other,57,78,Catering manager,Yes,No,United States,Wisconsin,,
CUST-640491,Andrew A. Townsend,Other,46,59,Landscape architect,Yes,No,United States,Wisconsin,,
CUST-757868,Anthony D. Young,Other,37,45,Ranger/warden,Yes,No,United States,Wisconsin,,
CUST-226824,Joseph J. Meyer,Other,49,58,Local government officer,Yes,No,United States,Wisconsin,,
CUST-518015,Austin S. Castro,Other,44,64,Tree surgeon,Yes,No,United States,Wisconsin,,
CUST-836504,Hunter N. Kennedy,Other,21,28,Purchasing manager,Yes,No,United States,Wisconsin,,
CUST-733400,Jack Q. Guzman,Other,20,43,Chief of Staff,Yes,No,United States,Wisconsin,,
CUST-427154,David K. Soto,Other,23,24,Outdoor activities/education manager,Yes,No,United States,Wisconsin,,
CUST-917464,Jackson G. Cannon,Other,23,34,Television floor manager,Yes,No,United States,Wisconsin,,
CUST-144708,William C. Montgomery,Other,19,20,Legal executive,Yes,No,United States,Wisconsin,,
CUST-395436,Joshua N. Davidson,Other,42,66,Primary school teacher,Yes,No,United States,Wisconsin,,
CUST-225419,Isaac E. Black,Other,38,40,"Engineer, chemical",Yes,No,United States,Wisconsin,,
CUST-721509,Lucas G. McDonald,Other,44,66,Pension scheme manager,Yes,No,United States,Wisconsin,,
CUST-100727,Luke U. Knight,Other,30,48,Insurance broker,Yes,No,United States,Wisconsin,,
CUST-727874,Anthony E. Owens,Other,24,42,"Production assistant, radio",Yes,No,United States,Wisconsin,,
CUST-725296,Nathan E. Johnston,Other,51,62,Technical sales engineer,Yes,No,United States,Wisconsin,,
CUST-280144,James G. Maldonado,Other,40,59,"Lecturer, further education",Yes,No,United States,Wisconsin,,
CUST-924547,Oliver N. West,Other,53,54,Social researcher,Yes,Yes,United States,Wisconsin,,
CUST-649366,Joseph I. Rowe,Other,22,26,Civil Service administrator,Yes,Yes,United States,Wisconsin,,
CUST-641806,Luke A. Francis,Other,36,55,"Designer, interior/spatial",Yes,Yes,United States,Wisconsin,,
CUST-213284,Zachary G. Pearson,Other,33,42,Warehouse manager,Yes,Yes,United States,Wisconsin,,
CUST-180789,Daniel J. Simmons,Other,29,30,Cytogeneticist,Yes,Yes,United States,Wisconsin,,
CUST-539021,Zachary Z. Moody,Other,35,46,"Surveyor, insurance",Yes,Yes,United States,Wisconsin,,
CUST-358928,Charles T. Mullins,Other,20,42,Travel agency manager,Yes,Yes,United States,Wisconsin,,
CUST-451099,Charles C. Vaughn,Other,43,64,Health service manager,Yes,Yes,United States,Wisconsin,,
CUST-750907,Hunter H. Bates,Other,50,51,Magazine features editor,Yes,Yes,United States,Wisconsin,,
CUST-621040,William H. Cox,Other,48,59,Careers adviser,Yes,Yes,United States,Wisconsin,,
CUST-167126,Christopher R. Horton,Other,52,76,Recruitment consultant,Yes,Yes,United States,Wisconsin,,
CUST-169971,Connor S. Walker,Other,42,58,"Biochemist, clinical",Yes,Yes,United States,Wisconsin,,
CUST-141029,Alexander P. Santiago,Other,49,65,Event organiser,Yes,Yes,United States,Wisconsin,,
CUST-493545,Gabriel R. Harvey,Other,25,39,Ecologist,Yes,Yes,United States,Wisconsin,,
CUST-735201,Charles Q. Gilbert,Other,24,30,Exhibition designer,Yes,Yes,United States,Wisconsin,,
CUST-190006,Christopher K. Phillips,Other,58,71,Printmaker,Yes,Yes,United States,Wisconsin,,
CUST-334206,Wyatt B. Curtis,Other,39,55,Conference centre manager,Yes,Yes,United States,Wisconsin,,
CUST-514435,Hunter V. Berry,Other,24,42,"Surveyor, mining",Yes,Yes,United States,Wisconsin,,
CUST-671970,Benjamin B. Daniel,Other,55,78,Dance movement psychotherapist,Yes,Yes,United States,Wisconsin,,
CUST-506622,Charles I. Waters,Other,49,61,Clinical research associate,Yes,Yes,United States,Wisconsin,,
CUST-315448,Christopher O. Hunt,Other,20,36,Holiday representative,Yes,Yes,United States,Wisconsin,,
CUST-316447,Joseph I. Ward,Other,34,58,Veterinary surgeon,Yes,Yes,United States,Wisconsin,,
CUST-647347,Andrew J. Warren,Other,52,64,Product designer,Yes,Yes,United States,Wisconsin,,
CUST-681730,Sebastian T. Hubbard,Other,32,46,"Surveyor, rural practice",Yes,Yes,United States,Wisconsin,,
CUST-786264,Cameron Q. Townsend,Other,44,50,"Social research officer, government",Yes,Yes,United States,Wisconsin,,
CUST-360773,Joseph K. Cruz,Other,41,44,Magazine journalist,Yes,Yes,United States,Wisconsin,,
CUST-791455,Anthony S. Wolfe,Other,24,43,Early years teacher,Yes,Yes,United States,Wisconsin,,
CUST-841855,Andrew T. Howard,Other,39,57,Radio producer,Yes,Yes,United States,Wisconsin,,
CUST-175615,Thomas X. Williams,Other,32,39,Public relations officer,Yes,Yes,United States,Wisconsin,,
CUST-303679,Henry N. Sandoval,Other,26,43,Company secretary,Yes,Yes,United States,Wisconsin,,
CUST-909862,Alexander S. Cruz,Other,41,53,"Development worker, community",Yes,Yes,United States,Wisconsin,,
CUST-423478,Isaac F. Wilson,Other,34,43,Dance movement psychotherapist,Yes,Yes,United States,Wisconsin,,
CUST-328126,Owen C. Cross,Other,32,40,Computer games developer,Yes,Yes,United States,Wisconsin,,
CUST-914861,Cameron X. Saunders,Other,24,34,Industrial/product designer,Yes,Yes,United States,Wisconsin,,
CUST-225868,Caleb D. Collins,Other,36,56,"Teacher, English as a foreign language",Yes,Yes,United States,Wisconsin,,
CUST-318118,Nicholas E. Simon,Other,18,19,Control and instrumentation engineer,Yes,Yes,United States,Wisconsin,,
CUST-802045,Gabriel L. Brewer,Other,58,60,Insurance broker,Yes,Yes,United States,Wisconsin,,
CUST-619832,Henry C. Salazar,Other,48,52,"Engineer, chemical",Yes,Yes,United States,Wisconsin,,
CUST-165368,Wyatt A. Leonard,Other,31,44,Geochemist,Yes,Yes,United States,Wisconsin,,
CUST-382521,James I. Castillo,Other,26,34,Chartered accountant,Yes,Yes,United States,Wisconsin,,
CUST-839600,Carter A. Thompson,Other,35,42,"Designer, blown glass/stained glass",Yes,Yes,United States,Wisconsin,,
CUST-315156,Jackson N. Oliver,Other,21,27,Product designer,Yes,Yes,United States,Wisconsin,,
CUST-630966,William T. Snyder,Other,47,53,"Pilot, airline",Yes,Yes,United States,Wisconsin,,
CUST-989250,James B. Hughes,Other,32,53,"Journalist, broadcasting",Yes,Yes,United States,Wisconsin,,
CUST-104936,Wyatt A. Weaver,Other,44,50,Corporate investment banker,Yes,Yes,United States,Wisconsin,,
CUST-250694,Lucas E. Hammond,Other,29,30,Public librarian,Yes,Yes,United States,Wisconsin,,
CUST-162459,Sarah J. Miles,Other,23,46,"Conservation officer, nature",Yes,Yes,United States,Wisconsin,,
CUST-209221,Charles P. Sullivan,Other,23,27,"Scientist, physiological",Yes,Yes,United States,Wisconsin,,
CUST-585856,Thomas Z. Turner,Other,57,81,Transport planner,Yes,Yes,United States,Wisconsin,,
CUST-761039,Jack J. McKinney,Other,34,55,Administrator,Yes,Yes,United States,Wisconsin,,
CUST-798908,Thomas F. Jimenez,Other,40,44,Nature conservation officer,Yes,Yes,United States,Wisconsin,,
CUST-565611,Lucas I. Lyons,Other,23,34,Television camera operator,Yes,Yes,United States,Wisconsin,,
CUST-867120,Alexander W. Washington,Other,37,58,Information officer,Yes,Yes,United States,Wisconsin,,
CUST-540746,Andrew Q. Kelley,Other,35,39,Microbiologist,Yes,Yes,United States,Wisconsin,,
CUST-944737,Sebastian C. Harper,Other,50,75,Haematologist,Yes,Yes,United States,Wisconsin,,
CUST-809132,Caleb B. Cook,Other,24,29,Special educational needs teacher,Yes,Yes,United States,Wisconsin,,
CUST-422926,Jack O. McGee,Other,23,39,"Engineer, maintenance (IT)",Yes,Yes,United States,Wisconsin,,
CUST-550993,Lucas L. Valdez,Other,57,73,Actor,Yes,Yes,United States,Wisconsin,,
CUST-195554,Carter X. Ford,Other,47,63,"Engineer, biomedical",Yes,Yes,United States,Wisconsin,,
CUST-154076,Alexander P. Shaw,Other,36,54,"Engineer, electrical",Yes,Yes,United States,Wisconsin,,
CUST-223147,Oliver R. Kelley,Other,38,43,"Psychologist, occupational",Yes,Yes,United States,Wisconsin,,
CUST-770201,Sebastian L. Bennett,Other,32,57,Equality and diversity officer,Yes,Yes,United States,Wisconsin,,
CUST-372522,Caleb L. Strickland,Other,28,29,Technical author,Yes,Yes,United States,Wisconsin,,
CUST-163266,Daniel H. May,Other,48,63,Music therapist,Yes,Yes,United States,Wisconsin,,
CUST-958651,Henry W. Perry,Other,42,50,"Education officer, environmental",Yes,Yes,United States,Wisconsin,,
CUST-277133,Gabriel T. Owens,Other,44,64,Structural engineer,Yes,Yes,United States,Wisconsin,,
CUST-161156,Luke J. Henry,Other,55,57,Environmental education officer,Yes,Yes,United States,Wisconsin,,
CUST-955248,Cameron L. Armstrong,Other,42,65,Air broker,Yes,Yes,United States,Wisconsin,,
CUST-171155,Sebastian R. Estrada,Other,35,53,Toxicologist,Yes,Yes,United States,Wisconsin,,
CUST-727719,Anthony G. Black,Other,41,56,Radio producer,Yes,Yes,United States,Wisconsin,,
CUST-324694,Wyatt G. Green,Other,53,69,Legal executive,Yes,Yes,United States,Wisconsin,,
CUST-824427,Hunter F. Gross,Other,35,58,Financial risk analyst,Yes,Yes,United States,Wisconsin,,
CUST-829759,Alexander D. Marshall,Other,53,56,Architect,Yes,Yes,United States,Wisconsin,,
CUST-348383,Connor J. Cross,Other,44,58,Site engineer,Yes,Yes,United States,Wisconsin,,
CUST-740061,David Q. Medina,Other,25,43,Financial risk analyst,Yes,Yes,United States,Wisconsin,,
CUST-892249,Owen B. Perkins,Other,23,42,Dispensing optician,Yes,Yes,United States,Wisconsin,,
CUST-716299,David A. Pena,Other,24,34,Herpetologist,Yes,Yes,United States,Wisconsin,,
CUST-204715,Carter J. Alvarez,Other,25,29,Nature conservation officer,Yes,Yes,United States,Wisconsin,,
CUST-450013,William S. Soto,Other,41,47,Sports development officer,Yes,Yes,United States,Wisconsin,,
CUST-877542,Luke K. Gray,Other,56,65,"Designer, furniture",Yes,Yes,United States,Wisconsin,,
CUST-632639,Benjamin V. Dean,Other,54,68,Health physicist,Yes,Yes,United States,Wisconsin,,
CUST-244575,Carter P. Obrien,Other,56,61,Higher education careers adviser,Yes,Yes,United States,Wisconsin,,
CUST-334897,Anthony P. Reed,Other,50,57,Theme park manager,Yes,Yes,United States,Wisconsin,,
CUST-927754,Luke A. Santiago,Other,55,78,"Therapist, sports",Yes,Yes,United States,Wisconsin,,
CUST-580196,Henry B. Cunningham,Other,23,25,Management consultant,Yes,Yes,United States,Wisconsin,,
CUST-568389,Isaac W. Pearson,Other,35,44,Metallurgist,Yes,Yes,United States,Wisconsin,,
CUST-265447,Connor N. Harmon,Other,44,45,Chief Executive Officer,Yes,Yes,United States,Wisconsin,,
CUST-641563,Sebastian A. Johnston,Other,24,32,Geoscientist,Yes,Yes,United States,Wisconsin,,
CUST-174633,Austin N. Patton,Other,18,33,"Lecturer, higher education",Yes,Yes,United States,Wisconsin,,
CUST-281520,Thomas H. Jenkins,Other,26,40,"Nurse, adult",Yes,Yes,United States,Wisconsin,,
CUST-930014,Owen V. King,Other,20,32,Counsellor,Yes,Yes,United States,Wisconsin,,
CUST-346685,Wyatt Y. Vega,Other,38,39,"Engineer, civil (consulting)",Yes,Yes,United States,Wisconsin,,
CUST-385462,Andrew N. Burton,Other,40,50,"Scientist, physiological",Yes,Yes,United States,Wisconsin,,
CUST-278575,Alexander H. Daniel,Other,43,50,Air traffic controller,Yes,Yes,United States,Wisconsin,,
CUST-279810,David Y. Freeman,Other,31,40,Event organiser,Yes,Yes,United States,Wisconsin,,
CUST-438411,Jack S. Medina,Other,55,62,"Engineer, manufacturing systems",No,No,United States,Wisconsin,,
CUST-716489,William I. Collins,Other,41,61,Art therapist,No,No,United States,Wisconsin,,
CUST-729110,Alexander H. Berry,Other,43,61,"Merchandiser, retail",No,No,United States,Wisconsin,,
CUST-662504,Andrew M. Barnes,Other,28,45,Public house manager,No,No,United States,Wisconsin,,
CUST-555624,Nathan L. Hopkins,Other,45,49,Arts development officer,No,No,United States,Wisconsin,,
CUST-429411,Isaac Q. Marshall,Other,56,76,Warehouse manager,No,No,United States,Wisconsin,,
CUST-816055,Cameron X. Mason,Other,34,43,Management consultant,No,No,United States,Wisconsin,,
CUST-683171,Daniel P. Thompson,Other,45,52,Police officer,No,No,United States,Wisconsin,,
CUST-159042,Joseph W. Potter,Other,34,54,Manufacturing systems engineer,No,No,United States,Wisconsin,,
CUST-629023,Andrew G. Ferguson,Other,48,70,Advertising copywriter,No,No,United States,Wisconsin,,
CUST-523085,Daniel E. Payne,Other,56,64,"Research officer, government",No,No,United States,Wisconsin,,
CUST-111935,Christopher N. McCarthy,Other,36,45,Product manager,No,No,United States,Wisconsin,,
CUST-622895,Oliver P. Rivera,Other,31,43,"Designer, blown glass/stained glass",No,No,United States,Wisconsin,,
CUST-677980,Thomas D. Webster,Other,55,76,Music tutor,No,No,United States,Wisconsin,,
CUST-755495,Theodore K. Patton,Other,37,44,"Research officer, government",No,No,United States,Wisconsin,,
CUST-206181,Thomas G. Andrews,Other,51,56,"Surveyor, commercial/residential",No,No,United States,Wisconsin,,
CUST-361490,Evelyn S. Webster,Other,44,56,Water quality scientist,No,No,United States,Wisconsin,,
CUST-228411,Austin D. Robertson,Other,43,49,Advertising copywriter,No,No,United States,Wisconsin,,
CUST-768549,Zachary W. Cruz,Other,21,29,Youth worker,No,No,United States,Wisconsin,,
CUST-822696,Aaron Z. Barnes,Other,22,32,Dance movement psychotherapist,No,No,United States,Wisconsin,,
CUST-885399,Dylan G. Manning,Other,48,51,"Psychologist, forensic",No,No,United States,Wisconsin,,
CUST-581463,Lucas M. Ball,Other,31,49,"Scientist, research (medical)",No,No,United States,Wisconsin,,
CUST-350826,Aaron T. Erickson,Other,45,65,Clinical psychologist,No,No,United States,Wisconsin,,
CUST-891046,Aaron Q. Horton,Other,40,56,"Teacher, primary school",No,No,United States,Wisconsin,,
CUST-229219,Charles P. Robbins,Other,22,23,Air traffic controller,No,No,United States,Wisconsin,,
CUST-264873,William K. Blake,Other,52,57,TEFL teacher,No,No,United States,Wisconsin,,
CUST-729297,Owen M. Ruiz,Other,20,25,Office manager,No,No,United States,Wisconsin,,
CUST-928964,Daniel U. Stevens,Other,42,50,Drilling engineer,No,No,United States,Wisconsin,,
CUST-377224,Owen X. Saunders,Other,38,47,Analytical chemist,No,No,United States,Wisconsin,,
CUST-393771,Jackson F. Ferguson,Other,40,45,"Administrator, charities/voluntary organisations",No,No,United States,Wisconsin,,
CUST-689292,Hunter Y. Gardner,Other,21,29,Tax adviser,No,No,United States,Wisconsin,,
CUST-421857,Anthony K. Carpenter,Other,37,48,Herbalist,No,No,United States,Wisconsin,,
CUST-362581,Nathan A. Reese,Other,19,44,"Psychotherapist, dance movement",No,No,United States,Wisconsin,,
CUST-882151,Austin R. Townsend,Other,23,27,Learning mentor,No,No,United States,Wisconsin,,
CUST-637330,Jack V. Gomez,Other,40,42,Theme park manager,No,No,United States,Wisconsin,,
CUST-448505,Oliver F. Daniels,Other,52,76,Housing manager/officer,No,No,United States,Wisconsin,,
CUST-782103,Oliver N. Cooper,Other,54,56,Trading standards officer,No,No,United States,Wisconsin,,
CUST-602986,Thomas A. Ford,Other,30,32,Tax adviser,No,No,United States,Wisconsin,,
CUST-190265,Aaron Y. Stone,Other,32,49,"Editor, film/video",No,No,United States,Wisconsin,,
CUST-633199,Hunter T. Hawkins,Other,59,75,"Designer, multimedia",No,No,United States,Wisconsin,,
CUST-248271,Aaron X. Mendoza,Other,44,61,Higher education lecturer,No,No,United States,Wisconsin,,
CUST-597458,Aaron M. Pierce,Other,56,74,"Engineer, maintenance (IT)",No,No,United States,Wisconsin,,
CUST-705828,Nathan P. Tyler,Other,23,47,Training and development officer,No,No,United States,Wisconsin,,
CUST-213415,Joseph K. Barker,Other,53,69,Counselling psychologist,No,No,United States,Wisconsin,,
CUST-271872,Austin W. Dixon,Other,36,55,Financial trader,No,No,United States,Wisconsin,,
CUST-347239,Hunter L. Blair,Other,32,52,"Conservator, museum/gallery",No,No,United States,Wisconsin,,
CUST-297710,Christopher F. Fox,Other,49,65,IT trainer,No,No,United States,Wisconsin,,
CUST-249353,Joseph Q. Adkins,Other,55,56,Tax adviser,No,No,United States,Wisconsin,,
CUST-968632,Caleb K. Wright,Other,33,57,Tourism officer,No,No,United States,Wisconsin,,
CUST-405222,Aaron Q. Black,Other,22,42,Acupuncturist,No,No,United States,Wisconsin,,
CUST-767684,Nathan S. Mitchell,Other,31,41,Adult guidance worker,No,No,United States,Wisconsin,,
CUST-446609,Sebastian X. Pope,Other,45,46,Professor Emeritus,No,No,United States,Wisconsin,,
CUST-428798,Caleb H. Moore,Other,35,49,Applications developer,No,No,United States,Wisconsin,,
CUST-254041,Joshua B. Rivera,Other,18,31,Health service manager,No,No,United States,Wisconsin,,
CUST-950371,Henry F. Riley,Other,51,76,Food technologist,No,No,United States,Wisconsin,,
CUST-290471,Luke X. Morrison,Other,25,33,Building control surveyor,No,No,United States,Wisconsin,,
CUST-936133,Jack S. Greene,Other,53,65,Hospital doctor,No,No,United States,Wisconsin,,
CUST-195767,Nathan O. Strickland,Other,20,38,Higher education lecturer,No,No,United States,Wisconsin,,
CUST-669271,Zachary R. Crawford,Other,42,64,Quarry manager,No,No,United States,Wisconsin,,
CUST-731779,Wyatt Z. Manning,Other,57,59,Arboriculturist,No,No,United States,Wisconsin,,
CUST-647146,Austin G. Allen,Other,46,57,"Engineer, electrical",No,No,United States,Wisconsin,,
CUST-312105,Owen F. Jordan,Other,33,37,Podiatrist,No,No,United States,Wisconsin,,
CUST-237219,Adam B. Jacobs,Other,20,32,"Horticulturist, amenity",No,No,United States,Wisconsin,,
CUST-158248,Owen N. Moody,Other,46,49,Ranger/warden,No,No,United States,Wisconsin,,
CUST-770576,Connor Z. Dennis,Other,60,79,Radio broadcast assistant,No,No,United States,Wisconsin,,
CUST-895737,Wyatt C. Love,Other,19,33,"Optician, dispensing",No,No,United States,Wisconsin,,
CUST-663892,Connor K. Craig,Other,50,66,Barrister,No,No,United States,Wisconsin,,
CUST-612385,Cameron P. Rodgers,Other,34,44,Surgeon,No,No,United States,Wisconsin,,
CUST-638171,Nicholas M. Lambert,Other,38,49,Chief of Staff,No,No,United States,Wisconsin,,
CUST-917461,Gabriel R. Stokes,Other,26,48,Newspaper journalist,No,No,United States,Wisconsin,,
CUST-804869,Joshua T. Vaughn,Other,46,50,English as a second language teacher,No,No,United States,Wisconsin,,
CUST-372534,Luke E. Barker,Other,19,22,Petroleum engineer,No,No,United States,Wisconsin,,
CUST-463226,Aaron D. Mack,Other,41,45,"Geneticist, molecular",No,No,United States,Wisconsin,,
CUST-784745,James Z. McGee,Other,35,53,Garment/textile technologist,No,No,United States,Wisconsin,,
CUST-325026,Charles R. Rhodes,Other,45,55,Theme park manager,No,No,United States,Wisconsin,,
CUST-959781,Cameron S. Flores,Other,51,66,"Investment banker, operational",No,No,United States,Wisconsin,,
CUST-531978,Christopher W. Curry,Other,18,26,"Engineer, maintenance (IT)",No,No,United States,Wisconsin,,
CUST-646580,Lucas D. Stevens,Other,18,28,Trade mark attorney,No,No,United States,Wisconsin,,
CUST-900664,Nicholas H. Stone,Other,28,52,Insurance underwriter,No,No,United States,Wisconsin,,
CUST-774506,Dylan G. Berry,Other,37,40,"Editor, commissioning",No,No,United States,Wisconsin,,
CUST-273634,Jack B. Mendez,Other,32,34,Ambulance person,No,No,United States,Wisconsin,,
CUST-510756,David J. Freeman,Other,41,48,Colour technologist,No,No,United States,Wisconsin,,
CUST-648390,Nathan E. Douglas,Other,57,61,Tax adviser,No,No,United States,Wisconsin,,
CUST-755017,Carter K. Peterson,Other,32,50,"Runner, broadcasting/film/video",No,No,United States,Wisconsin,,
CUST-640959,Joseph N. Santiago,Other,29,44,Chemical engineer,No,No,United States,Wisconsin,,
CUST-107310,Henry G. Goodwin,Other,59,71,Accounting technician,No,No,United States,Wisconsin,,
CUST-507434,Charles M. Phillips,Other,24,38,Chiropractor,No,No,United States,Wisconsin,,
CUST-511277,Aaron G. Hudson,Other,59,82,Veterinary surgeon,No,No,United States,Wisconsin,,
CUST-595588,Matthew J. Robbins,Other,46,59,Museum/gallery exhibitions officer,No,No,United States,Wisconsin,,
CUST-672476,Sebastian I. Walters,Other,55,75,Company secretary,No,No,United States,Wisconsin,,
CUST-233842,Oliver Z. Carter,Other,27,40,Broadcast engineer,No,No,United States,Wisconsin,,
CUST-547435,Joseph L. Brooks,Other,46,63,Analytical chemist,No,No,United States,Wisconsin,,
CUST-310089,Isaac T. Ortega,Other,32,34,Chief Financial Officer,No,No,United States,Wisconsin,,
CUST-612492,Christopher X. Moreno,Other,47,56,Chartered public finance accountant,No,Yes,United States,Wisconsin,,
CUST-459435,Jack N. Jennings,Other,20,36,Industrial/product designer,No,Yes,United States,Wisconsin,,
CUST-529490,Joshua C. Wagner,Other,50,72,Chartered certified accountant,No,Yes,United States,Wisconsin,,
CUST-262901,Benjamin F. Lambert,Other,51,66,"Scientist, research (maths)",No,Yes,United States,Wisconsin,,
CUST-820080,Adam N. Caldwell,Other,48,63,Health service manager,No,Yes,United States,Wisconsin,,
CUST-701499,Sebastian T. Flores,Other,25,26,Surgeon,No,Yes,United States,Wisconsin,,
CUST-252528,Theodore K. Cohen,Other,22,37,Materials engineer,No,Yes,United States,Wisconsin,,
CUST-987127,Matthew I. Watts,Other,34,36,Optometrist,No,Yes,United States,Wisconsin,,
CUST-388118,Anthony H. Howell,Other,49,74,"Horticulturist, commercial",No,Yes,United States,Wisconsin,,
CUST-833385,Connor P. Mendez,Other,60,83,Systems developer,No,Yes,United States,Wisconsin,,
CUST-526774,Anthony N. Armstrong,Other,58,77,"Journalist, newspaper",No,Yes,United States,Wisconsin,,
CUST-676168,Alexander W. Shaw,Other,56,81,Glass blower/designer,No,Yes,United States,Wisconsin,,
CUST-706996,Andrew M. Williams,Other,19,21,Pharmacologist,No,Yes,United States,Wisconsin,,
CUST-612971,Luke S. Silva,Other,29,34,Air traffic controller,No,Yes,United States,Wisconsin,,
CUST-199445,Christopher P. Mitchell,Other,22,23,"Surveyor, quantity",No,Yes,United States,Wisconsin,,
CUST-203435,Connor H. Jimenez,Other,23,40,Medical sales representative,No,Yes,United States,Wisconsin,,
CUST-189105,Henry M. Lewis,Other,23,36,Risk manager,No,Yes,United States,Wisconsin,,
CUST-578114,Henry T. Graves,Other,30,54,"Scientist, biomedical",No,Yes,United States,Wisconsin,,
CUST-565394,Oliver E. Howard,Other,42,62,"Psychologist, educational",No,Yes,United States,Wisconsin,,
CUST-945482,Andrew W. Fuller,Other,46,49,Higher education lecturer,No,Yes,United States,Wisconsin,,
CUST-614531,Benjamin S. Stewart,Other,23,32,Pension scheme manager,No,Yes,United States,Wisconsin,,
CUST-552387,Andrew P. Moody,Other,49,64,Claims inspector/assessor,No,Yes,United States,Wisconsin,,
CUST-220192,Cameron I. Hopkins,Other,29,31,Barrister,No,Yes,United States,Wisconsin,,
CUST-851582,James C. Powers,Other,44,45,Careers information officer,No,Yes,United States,Wisconsin,,
CUST-563488,Stella C. Cannon,Other,48,54,Secondary school teacher,No,Yes,United States,Wisconsin,,
CUST-727558,Nicholas W. Glover,Other,40,49,Museum/gallery exhibitions officer,No,Yes,United States,Wisconsin,,
CUST-406411,Charles W. Waters,Other,32,36,"Scientist, marine",No,Yes,United States,Wisconsin,,
CUST-322715,Alexander U. Fitzgerald,Other,27,40,Database administrator,No,Yes,United States,Wisconsin,,
CUST-680836,Daniel J. Stanley,Other,21,41,"Teacher, English as a foreign language",No,Yes,United States,Wisconsin,,
CUST-503832,David I. Green,Other,60,68,Lobbyist,No,Yes,United States,Wisconsin,,
CUST-751344,Anthony Y. Hunt,Other,34,40,"Engineer, petroleum",No,Yes,United States,Wisconsin,,
CUST-100837,Andrew A. Cummings,Other,53,73,Armed forces technical officer,No,Yes,United States,Wisconsin,,
CUST-151435,Gabriel O. Marshall,Other,28,44,Brewing technologist,No,Yes,United States,Wisconsin,,
CUST-122780,Sebastian Y. Lewis,Other,47,72,Electronics engineer,No,Yes,United States,Wisconsin,,
CUST-366421,Andrew H. McDaniel,Other,50,75,"Geneticist, molecular",No,Yes,United States,Wisconsin,,
CUST-518822,Adam I. Woods,Other,38,55,Herbalist,No,Yes,United States,Wisconsin,,
CUST-844139,Thomas P. Walters,Other,53,69,Charity fundraiser,No,Yes,United States,Wisconsin,,
CUST-215803,Alexander S. Moody,Other,48,52,Interpreter,No,Yes,United States,Wisconsin,,
CUST-891962,Sebastian O. Perkins,Other,47,56,Forest/woodland manager,No,Yes,United States,Wisconsin,,
CUST-382844,Connor K. Hunter,Other,59,74,Multimedia programmer,No,Yes,United States,Wisconsin,,
CUST-861117,Anthony C. Becker,Other,43,63,Clinical embryologist,No,Yes,United States,Wisconsin,,
CUST-790826,Nicholas T. Padilla,Other,46,57,Medical illustrator,No,Yes,United States,Wisconsin,,
CUST-837695,Lucas W. Hoffman,Other,57,65,"Education officer, environmental",No,Yes,United States,Wisconsin,,
CUST-658196,Owen W. Bell,Other,60,67,"Engineer, site",No,Yes,United States,Wisconsin,,
CUST-266475,Hunter F. Murphy,Other,29,50,"Scientist, biomedical",No,Yes,United States,Wisconsin,,
CUST-539760,Christopher O. Cole,Other,47,60,"Copywriter, advertising",No,Yes,United States,Wisconsin,,
CUST-502013,Matthew M. Kelly,Other,42,59,Commissioning editor,No,Yes,United States,Wisconsin,,
CUST-626127,Joseph A. Stokes,Other,41,46,"Administrator, arts",No,Yes,United States,Wisconsin,,
CUST-153176,William H. Payne,Other,43,44,Media buyer,No,Yes,United States,Wisconsin,,
CUST-947773,Joshua K. Bishop,Other,43,54,"Surveyor, quantity",No,Yes,United States,Wisconsin,,
CUST-864539,Isaac G. Bryant,Other,21,41,Games developer,No,Yes,United States,Wisconsin,,
CUST-185035,Alexander D. Hardy,Other,56,66,"Pilot, airline",No,Yes,United States,Wisconsin,,
CUST-643055,Luke R. Edwards,Other,50,75,Product/process development scientist,No,Yes,United States,Wisconsin,,
CUST-267268,Jack I. Hamilton,Other,43,56,"Surveyor, rural practice",No,Yes,United States,Wisconsin,,
CUST-215017,Daniel Q. Rose,Other,31,43,Mudlogger,No,Yes,United States,Wisconsin,,
CUST-438090,Anthony H. Higgins,Other,56,81,Tax adviser,No,Yes,United States,Wisconsin,,
CUST-928242,Christopher Q. Washington,Other,48,53,"Scientist, research (life sciences)",No,Yes,United States,Wisconsin,,
CUST-825967,Zachary P. Gross,Other,23,35,Financial adviser,No,Yes,United States,Wisconsin,,
CUST-745520,Henry G. Carroll,Other,19,25,Quality manager,No,Yes,United States,Wisconsin,,
CUST-385774,Hunter Z. McCarthy,Other,32,45,"Research officer, trade union",No,Yes,United States,Wisconsin,,
CUST-163987,Oliver Z. Murray,Other,56,78,"Journalist, newspaper",No,Yes,United States,Wisconsin,,
CUST-316079,Adam O. Neal,Other,37,43,Museum/gallery curator,No,Yes,United States,Wisconsin,,
CUST-659304,Wyatt N. Snyder,Other,50,70,Mechanical engineer,No,Yes,United States,Wisconsin,,
CUST-107635,Daniel Z. McCarthy,Other,19,39,Quarry manager,No,Yes,United States,Wisconsin,,
CUST-469549,Henry U. Reed,Other,44,50,Warehouse manager,No,Yes,United States,Wisconsin,,
CUST-678495,Austin M. Simmons,Other,18,28,Nature conservation officer,No,Yes,United States,Wisconsin,,
CUST-624967,Caleb N. Chambers,Other,36,55,"Psychotherapist, dance movement",No,Yes,United States,Wisconsin,,
CUST-127047,Sophia Y. Watson,Other,20,32,Information officer,No,Yes,United States,Wisconsin,,
CUST-912704,Hunter Z. Graham,Other,27,50,Chartered accountant,No,Yes,United States,Wisconsin,,
CUST-364553,Wyatt U. Smith,Other,38,49,Horticultural therapist,No,Yes,United States,Wisconsin,,
CUST-808516,Jack C. Romero,Other,20,30,Social worker,No,Yes,United States,Wisconsin,,
CUST-889831,Lucas E. Cooper,Other,20,42,Chief Marketing Officer,No,Yes,United States,Wisconsin,,
CUST-662082,Aaron Y. Riley,Other,37,47,Land,No,Yes,United States,Wisconsin,,
CUST-515740,Jack P. Lowe,Other,44,48,Soil scientist,No,Yes,United States,Wisconsin,,
CUST-105900,Nathan M. Norris,Other,30,50,"Research officer, trade union",No,Yes,United States,Wisconsin,,
CUST-962320,Austin B. McDonald,Other,58,69,Futures trader,No,Yes,United States,Wisconsin,,
CUST-787137,Jackson H. Higgins,Other,49,74,Retail buyer,No,Yes,United States,Wisconsin,,
CUST-892809,Jackson O. Schultz,Other,20,26,Oceanographer,No,Yes,United States,Wisconsin,,
CUST-642041,Carter I. Montgomery,Other,25,30,Transport planner,No,Yes,United States,Wisconsin,,
CUST-252836,Matthew Y. George,Other,52,53,Ophthalmologist,No,Yes,United States,Wisconsin,,
CUST-727748,Charles I. Sullivan,Other,30,45,Dentist,No,Yes,United States,Wisconsin,,
CUST-361970,Caleb H. McDaniel,Other,26,27,"Surveyor, insurance",No,Yes,United States,Wisconsin,,
CUST-949914,Lucas B. Benson,Other,41,52,Structural engineer,No,Yes,United States,Wisconsin,,
CUST-814671,Hunter Q. Arnold,Other,58,73,"Therapist, speech and language",No,Yes,United States,Wisconsin,,
CUST-492274,Cameron O. Young,Other,41,51,Museum/gallery conservator,No,Yes,United States,Wisconsin,,
CUST-495557,Anthony T. Welch,Other,22,36,Aeronautical engineer,No,Yes,United States,Wisconsin,,
CUST-966157,Nicholas M. Hoffman,Other,59,73,Prison officer,No,Yes,United States,Wisconsin,,
CUST-369075,Zachary R. Greene,Other,26,27,"Lecturer, higher education",No,Yes,United States,Wisconsin,,
CUST-447514,Austin A. Reeves,Other,45,56,"Exhibitions officer, museum/gallery",No,Yes,United States,Wisconsin,,
CUST-777546,Christopher J. Ramsey,Other,36,47,"Pharmacist, community",No,Yes,United States,Wisconsin,,
CUST-458246,Austin P. Sullivan,Other,31,33,Water engineer,No,Yes,United States,Wisconsin,,
CUST-795382,Cameron B. Holmes,Other,41,62,Corporate treasurer,No,Yes,United States,Wisconsin,,
CUST-647708,Oliver K. Fowler,Other,53,54,"Engineer, technical sales",No,Yes,United States,Wisconsin,,
CUST-971934,Alexander P. McDaniel,Other,56,77,"Presenter, broadcasting",Yes,Yes,United States,New Jersey,,
CUST-748423,Jack I. Jones,Other,39,44,"Development worker, community",Yes,Yes,United States,New Jersey,,
CUST-722727,William I. Andrews,Other,47,57,Museum/gallery exhibitions officer,Yes,Yes,United States,New Jersey,,
CUST-570088,Caleb S. Patterson,Other,51,73,"Physicist, medical",Yes,Yes,United States,New Jersey,,
CUST-400798,Amelia P. Hicks,Other,18,42,"Production designer, theatre/television/film",Yes,Yes,United States,New Jersey,,
CUST-915394,Henry Y. Daniels,Other,44,56,Illustrator,Yes,Yes,United States,New Jersey,,
CUST-830813,Lucas V. Carr,Other,45,67,Sports coach,Yes,Yes,United States,New Jersey,,
CUST-228657,Andrew A. Adams,Other,29,47,"Engineer, drilling",Yes,Yes,United States,New Jersey,,
CUST-380631,William C. Schultz,Other,33,40,"Lecturer, higher education",Yes,Yes,United States,New Jersey,,
CUST-302477,Dylan X. Turner,Other,24,34,Applications developer,Yes,Yes,United States,New Jersey,,
CUST-725339,Austin N. Estrada,Other,23,47,"Pharmacist, hospital",Yes,Yes,United States,New Jersey,,
CUST-140776,Gabriel D. Lynch,Other,29,49,Catering manager,Yes,Yes,United States,New Jersey,,
CUST-989714,Aaron G. Padilla,Other,40,50,Stage manager,Yes,Yes,United States,New Jersey,,
CUST-403228,Gabriel B. Gray,Other,54,63,"Surveyor, planning and development",Yes,Yes,United States,New Jersey,,
CUST-607344,Hunter R. Hale,Other,52,73,"Designer, industrial/product",Yes,Yes,United States,New Jersey,,
CUST-430384,Lucas G. Ruiz,Other,35,38,"Surveyor, minerals",Yes,Yes,United States,New Jersey,,
CUST-871724,Theodore A. Owens,Other,20,28,Building services engineer,Yes,Yes,United States,New Jersey,,
CUST-785844,James Y. Adkins,Other,49,60,Academic librarian,Yes,Yes,United States,New Jersey,,
CUST-207830,Isaac B. Bradley,Other,43,67,Logistics and distribution manager,Yes,Yes,United States,New Jersey,,
CUST-248359,Gabriel G. Gomez,Other,34,35,Film/video editor,Yes,Yes,United States,New Jersey,,
CUST-447132,Hunter R. Todd,Other,36,53,Private music teacher,Yes,Yes,United States,New Jersey,,
CUST-196694,Aaron G. Larson,Other,49,57,Clothing/textile technologist,Yes,Yes,United States,New Jersey,,
CUST-729004,Thomas L. Aguilar,Other,42,58,Biomedical scientist,Yes,Yes,United States,New Jersey,,
CUST-525170,Cameron R. Sandoval,Other,46,53,Clothing/textile technologist,Yes,Yes,United States,New Jersey,,
CUST-192963,Joshua V. Carlson,Other,31,45,"Administrator, arts",Yes,Yes,United States,New Jersey,,
CUST-168590,Daniel I. Ford,Other,48,58,"Engineer, mining",Yes,Yes,United States,New Jersey,,
CUST-999514,Cameron V. Hanson,Other,55,76,"Psychologist, forensic",Yes,Yes,United States,New Jersey,,
CUST-994332,Joseph T. Roberts,Other,45,67,Maintenance engineer,Yes,Yes,United States,New Jersey,,
CUST-510246,Austin M. Stone,Other,24,28,Sales promotion account executive,Yes,Yes,United States,New Jersey,,
CUST-324218,James R. Stone,Other,44,47,"Teacher, special educational needs",Yes,Yes,United States,New Jersey,,
CUST-310981,Alexander R. Willis,Other,38,46,Interior and spatial designer,Yes,Yes,United States,New Jersey,,
CUST-340228,Daniel F. Perkins,Other,25,41,Passenger transport manager,Yes,Yes,United States,New Jersey,,
CUST-905917,Carter L. Black,Other,23,43,Retail banker,Yes,Yes,United States,New Jersey,,
CUST-493562,Connor Z. Chavez,Other,51,72,Chartered certified accountant,Yes,Yes,United States,New Jersey,,
CUST-232926,Dylan W. Horton,Other,38,49,Warden/ranger,Yes,Yes,United States,New Jersey,,
CUST-117666,Caleb B. Wolfe,Other,32,35,Museum education officer,Yes,Yes,United States,New Jersey,,
CUST-479693,Joshua V. Butler,Other,31,54,"Editor, commissioning",Yes,Yes,United States,New Jersey,,
CUST-996985,Carter R. Curry,Other,26,49,Optometrist,Yes,Yes,United States,New Jersey,,
CUST-334598,Austin T. Higgins,Other,58,60,Soil scientist,Yes,Yes,United States,New Jersey,,
CUST-728031,Christopher P. Swanson,Other,29,32,Neurosurgeon,Yes,Yes,United States,New Jersey,,
CUST-610756,Oliver Y. Maxwell,Other,42,47,Textile designer,Yes,Yes,United States,New Jersey,,
CUST-631339,Matthew S. Schmidt,Other,26,48,"Therapist, speech and language",Yes,Yes,United States,New Jersey,,
CUST-667119,Connor C. Bailey,Other,35,60,Ceramics designer,Yes,Yes,United States,New Jersey,,
CUST-870643,James A. Wallace,Other,18,29,Probation officer,Yes,Yes,United States,New Jersey,,
CUST-422063,Gabriel W. Sanders,Other,60,62,Primary school teacher,Yes,Yes,United States,New Jersey,,
CUST-893332,Sebastian T. Silva,Other,54,61,"Scientist, marine",Yes,Yes,United States,New Jersey,,
CUST-249894,Joshua F. Simpson,Other,30,48,Air broker,Yes,Yes,United States,New Jersey,,
CUST-544363,Sebastian M. Myers,Other,19,35,Probation officer,Yes,Yes,United States,New Jersey,,
CUST-538768,David A. Craig,Other,30,36,Proofreader,Yes,Yes,United States,New Jersey,,
CUST-185786,Jackson A. Miles,Other,47,68,"Scientist, research (medical)",Yes,Yes,United States,New Jersey,,
CUST-377263,Joseph P. Patterson,Other,47,51,Amenity horticulturist,Yes,Yes,United States,New Jersey,,
CUST-441681,Charles O. Lawrence,Other,40,58,Child psychotherapist,Yes,Yes,United States,New Jersey,,
CUST-561349,Theodore F. Walsh,Other,56,79,"Journalist, broadcasting",Yes,Yes,United States,New Jersey,,
CUST-794048,James S. Turner,Other,40,65,Ship broker,Yes,Yes,United States,New Jersey,,
CUST-463878,Charles Y. Riley,Other,47,54,Financial risk analyst,Yes,Yes,United States,New Jersey,,
CUST-851518,Wyatt L. Lyons,Other,48,64,Community arts worker,Yes,Yes,United States,New Jersey,,
CUST-188564,Owen B. Gibbs,Other,40,50,"Accountant, chartered",Yes,Yes,United States,New Jersey,,
CUST-464953,Hunter H. Watson,Other,40,52,Tourism officer,Yes,Yes,United States,New Jersey,,
CUST-706927,Daniel U. Jenkins,Other,24,34,Building control surveyor,Yes,Yes,United States,New Jersey,,
CUST-778464,Luke N. Thomas,Other,52,73,"Engineer, mining",Yes,Yes,United States,New Jersey,,
CUST-588833,Thomas K. Love,Other,41,55,Historic buildings inspector/conservation officer,Yes,Yes,United States,New Jersey,,
CUST-658006,Austin H. Bailey,Other,49,51,Sports therapist,Yes,Yes,United States,New Jersey,,
CUST-873468,Lucas G. Roberts,Other,24,32,Research scientist (medical),Yes,Yes,United States,New Jersey,,
CUST-328006,Joshua Q. Powers,Other,41,59,Retail buyer,Yes,Yes,United States,New Jersey,,
CUST-392827,Andrew M. Hudson,Other,42,60,Social worker,Yes,Yes,United States,New Jersey,,
CUST-965157,Caleb Y. Hudson,Other,20,37,"Designer, fashion/clothing",Yes,Yes,United States,New Jersey,,
CUST-920412,Carter D. Morgan,Other,29,30,Sub,Yes,Yes,United States,New Jersey,,
CUST-834715,Jackson B. Turner,Other,33,48,Surgeon,Yes,Yes,United States,New Jersey,,
CUST-628157,Matthew X. Jimenez,Other,21,25,Biomedical engineer,Yes,Yes,United States,New Jersey,,
CUST-105479,Andrew Q. Ramos,Other,29,38,Textile designer,Yes,Yes,United States,New Jersey,,
CUST-637323,Adam U. Powell,Other,19,33,Midwife,Yes,Yes,United States,New Jersey,,
CUST-630431,Theodore R. Estrada,Other,47,69,Information systems manager,Yes,Yes,United States,New Jersey,,
CUST-843496,Zachary Y. Nguyen,Other,39,43,"Engineer, civil (contracting)",Yes,Yes,United States,New Jersey,,
CUST-589399,Isaac Z. Mullins,Other,29,30,Legal executive,Yes,Yes,United States,New Jersey,,
CUST-277474,Owen M. Lynch,Other,23,37,Ship broker,Yes,Yes,United States,New Jersey,,
CUST-779727,Caleb N. Garner,Other,23,24,"Journalist, broadcasting",Yes,Yes,United States,New Jersey,,
CUST-975935,Adam N. Mendez,Other,37,50,Ship broker,Yes,Yes,United States,New Jersey,,
CUST-272918,Christopher W. Nichols,Other,31,47,"Editor, film/video",No,Yes,United States,New Jersey,,
CUST-940746,Caleb J. Hodges,Other,37,58,"Geologist, engineering",No,Yes,United States,New Jersey,,
CUST-309602,Owen R. Cohen,Other,35,43,"Scientist, research (life sciences)",No,Yes,United States,New Jersey,,
CUST-241509,Zachary D. Simon,Other,36,61,"Journalist, broadcasting",No,Yes,United States,New Jersey,,
CUST-119787,Thomas O. Nguyen,Other,49,69,Homeopath,No,Yes,United States,New Jersey,,
CUST-710661,Andrew S. Herrera,Other,54,56,Software engineer,No,Yes,United States,New Jersey,,
CUST-937741,Gabriel W. Palmer,Other,57,79,Garment/textile technologist,No,Yes,United States,New Jersey,,
CUST-375983,Zachary K. Terry,Other,55,58,"Restaurant manager, fast food",No,Yes,United States,New Jersey,,
CUST-457872,Adam B. Parks,Other,30,45,Interior and spatial designer,No,Yes,United States,New Jersey,,
CUST-332192,Charles D. Wood,Other,48,70,Office manager,No,Yes,United States,New Jersey,,
CUST-204484,Austin I. Hamilton,Other,37,55,IT trainer,No,Yes,United States,New Jersey,,
CUST-521717,Benjamin P. Schneider,Other,52,76,Operations geologist,No,Yes,United States,New Jersey,,
CUST-834672,Aaron Y. Todd,Other,48,57,Building surveyor,No,Yes,United States,New Jersey,,
CUST-594750,Aaron D. George,Other,23,36,Heritage manager,No,Yes,United States,New Jersey,,
CUST-829235,Carter W. Bailey,Other,39,47,Television floor manager,No,Yes,United States,New Jersey,,
CUST-229397,Nathan Q. Cox,Other,54,57,Fish farm manager,No,Yes,United States,New Jersey,,
CUST-938446,Oliver D. Garrett,Other,27,49,Pensions consultant,No,Yes,United States,New Jersey,,
CUST-705316,Jack R. Peterson,Other,56,58,"Therapist, speech and language",No,Yes,United States,New Jersey,,
CUST-271099,Gabriel G. McCoy,Other,51,73,Chartered loss adjuster,No,Yes,United States,New Jersey,,
CUST-328638,Hunter G. Hoffman,Other,42,51,Geochemist,No,Yes,United States,New Jersey,,
CUST-914250,Joseph L. Turner,Other,37,42,Contracting civil engineer,No,Yes,United States,New Jersey,,
CUST-501826,Theodore O. Malone,Other,18,28,"Geologist, engineering",No,Yes,United States,New Jersey,,
CUST-565081,Thomas B. McCarthy,Other,37,52,Chartered management accountant,No,Yes,United States,New Jersey,,
CUST-985549,Hunter Q. Shaw,Other,23,36,Chief of Staff,No,Yes,United States,New Jersey,,
CUST-290284,Isaac Y. Hamilton,Other,47,63,"Therapist, sports",No,Yes,United States,New Jersey,,
CUST-402157,Jack Q. Yates,Other,18,30,"Therapist, music",No,Yes,United States,New Jersey,,
CUST-688786,Charles J. Oliver,Other,45,51,Applications developer,No,Yes,United States,New Jersey,,
CUST-729159,Jack G. Hunt,Other,31,36,"Psychologist, prison and probation services",No,Yes,United States,New Jersey,,
CUST-272583,Matthew J. Knight,Other,47,58,"Development worker, community",No,Yes,United States,New Jersey,,
CUST-357530,Cameron H. Robbins,Other,30,53,Risk analyst,No,Yes,United States,New Jersey,,
CUST-576193,Jack P. Mendez,Other,30,40,"Research officer, political party",No,Yes,United States,New Jersey,,
CUST-293908,Theodore B. Lawrence,Other,54,55,Air traffic controller,No,Yes,United States,New Jersey,,
CUST-924678,Carter B. Perkins,Other,40,52,Professor Emeritus,No,Yes,United States,New Jersey,,
CUST-837997,Andrew J. Pierce,Other,39,51,Clothing/textile technologist,No,Yes,United States,New Jersey,,
CUST-501210,Caleb E. Wolfe,Other,27,42,Risk analyst,No,Yes,United States,New Jersey,,
CUST-954686,Oliver C. Pierce,Other,21,43,"Civil engineer, consulting",No,Yes,United States,New Jersey,,
CUST-739274,Thomas I. Wallace,Other,33,45,Bonds trader,No,Yes,United States,New Jersey,,
CUST-847898,Christopher N. Hale,Other,44,63,"Librarian, public",No,Yes,United States,New Jersey,,
CUST-180060,Nathan S. Parker,Other,52,57,TEFL teacher,No,Yes,United States,New Jersey,,
CUST-312753,Connor B. Nichols,Other,50,55,Art gallery manager,No,Yes,United States,New Jersey,,
CUST-980236,Isaac W. Reeves,Other,58,77,"Merchandiser, retail",No,Yes,United States,New Jersey,,
CUST-903336,Zachary J. Perry,Other,22,39,Air cabin crew,No,Yes,United States,New Jersey,,
CUST-695581,Cameron W. Martin,Other,26,30,Site engineer,No,Yes,United States,New Jersey,,
CUST-377904,Lucas M. Brooks,Other,22,45,Barrister,No,Yes,United States,New Jersey,,
CUST-712563,Adam Y. Miller,Other,59,79,Wellsite geologist,No,Yes,United States,New Jersey,,
CUST-152016,David R. Gardner,Other,56,75,Retail merchandiser,No,Yes,United States,New Jersey,,
CUST-254170,Daniel V. West,Other,23,29,Materials engineer,No,Yes,United States,New Jersey,,
CUST-298935,Daniel Y. Weaver,Other,46,62,Applications developer,No,Yes,United States,New Jersey,,
CUST-370140,Hunter S. Bowman,Other,34,56,Maintenance engineer,No,Yes,United States,New Jersey,,
CUST-451623,Caleb F. Hoffman,Other,45,61,"Designer, furniture",No,Yes,United States,New Jersey,,
CUST-668649,Charles G. Reyes,Other,18,33,"Programmer, multimedia",No,Yes,United States,New Jersey,,
CUST-799178,Gabriel N. Cox,Other,55,78,"Engineer, land",No,Yes,United States,New Jersey,,
CUST-205458,Nathan U. Meyer,Other,32,42,Pensions consultant,No,Yes,United States,New Jersey,,
CUST-434252,Hunter T. Shaw,Other,39,59,Automotive engineer,No,Yes,United States,New Jersey,,
CUST-296783,Austin J. Stone,Other,47,62,"Conservator, furniture",No,Yes,United States,New Jersey,,
CUST-927601,Benjamin P. Daniels,Other,30,48,Equality and diversity officer,No,Yes,United States,New Jersey,,
CUST-913245,Jack W. Newton,Other,18,25,"Engineer, civil (contracting)",No,Yes,United States,New Jersey,,
CUST-706274,Carter E. Moore,Other,21,24,"Nurse, mental health",No,Yes,United States,New Jersey,,
CUST-462297,Jackson S. Elliott,Other,38,39,Archivist,No,Yes,United States,New Jersey,,
CUST-881945,Benjamin B. Franklin,Other,30,39,Occupational therapist,No,Yes,United States,New Jersey,,
CUST-624689,Benjamin K. Evans,Other,31,37,Civil Service administrator,No,Yes,United States,New Jersey,,
CUST-195808,Alexander I. Crawford,Other,29,42,"Therapist, music",No,Yes,United States,New Jersey,,
CUST-442178,Jack C. Warren,Other,23,45,"Scientist, marine",No,Yes,United States,New Jersey,,
CUST-545054,Benjamin C. Gilbert,Other,59,60,Theme park manager,No,Yes,United States,New Jersey,,
CUST-775210,David L. Hill,Other,57,63,Solicitor,No,Yes,United States,New Jersey,,
CUST-959833,Isaac D. Weaver,Other,28,31,TEFL teacher,No,Yes,United States,New Jersey,,
CUST-531848,Daniel B. Flowers,Other,48,72,Hospital doctor,No,Yes,United States,New Jersey,,
CUST-212307,Sebastian O. Yates,Other,30,50,Warehouse manager,No,Yes,United States,New Jersey,,
CUST-220036,Caleb K. Turner,Other,31,34,Patent attorney,No,Yes,United States,New Jersey,,
CUST-928565,Joshua E. Fitzgerald,Other,33,54,"Engineer, manufacturing systems",No,Yes,United States,New Jersey,,
CUST-297925,Anthony U. Knight,Other,40,58,Advertising account executive,No,Yes,United States,New Jersey,,
CUST-650742,Charles O. Payne,Other,45,53,Industrial buyer,No,Yes,United States,New Jersey,,
CUST-136128,Wyatt J. Mills,Other,33,43,Field seismologist,No,Yes,United States,New Jersey,,
CUST-587093,Wyatt A. Fox,Other,43,62,Visual merchandiser,No,No,United States,New Jersey,,
CUST-318382,Joseph P. Guzman,Other,51,62,Higher education lecturer,No,No,United States,New Jersey,,
CUST-965082,Isaac I. Morales,Other,26,42,Freight forwarder,No,No,United States,New Jersey,,
CUST-123240,Zachary J. Rice,Other,36,42,"Engineer, water",No,No,United States,New Jersey,,
CUST-417986,Joseph B. Ward,Other,47,48,"Investment banker, corporate",No,No,United States,New Jersey,,
CUST-799454,Cameron B. Cummings,Other,39,53,Pathologist,No,No,United States,New Jersey,,
CUST-300059,Jackson E. Miles,Other,28,36,Set designer,No,No,United States,New Jersey,,
CUST-283280,Hunter J. Hodges,Other,28,36,Water engineer,No,No,United States,New Jersey,,
CUST-299365,Isaac H. Crawford,Other,48,64,Theatre stage manager,No,No,United States,New Jersey,,
CUST-711164,James M. McKinney,Other,50,64,Child psychotherapist,No,No,United States,New Jersey,,
CUST-498965,Nicholas E. Moody,Other,30,48,English as a second language teacher,No,No,United States,New Jersey,,
CUST-424576,Andrew E. Waters,Other,23,37,Nutritional therapist,No,No,United States,New Jersey,,
CUST-315596,Caleb B. Reyes,Other,51,55,"Clinical scientist, histocompatibility and immunogenetics",No,No,United States,New Jersey,,
CUST-254760,Luke V. Sandoval,Other,59,64,Public affairs consultant,No,No,United States,New Jersey,,
CUST-118644,Henry A. Hines,Other,38,55,Print production planner,No,No,United States,New Jersey,,
CUST-646216,Adam G. Ball,Other,50,58,"Teacher, adult education",No,No,United States,New Jersey,,
CUST-823516,Caleb O. Becker,Other,40,65,Photographer,No,No,United States,New Jersey,,
CUST-947793,Nathan W. Pearson,Other,52,63,Radiation protection practitioner,No,No,United States,New Jersey,,
CUST-378538,Dylan Y. Alvarado,Other,54,68,Air cabin crew,No,No,United States,New Jersey,,
CUST-162737,Hunter C. Conner,Other,20,36,"Designer, blown glass/stained glass",No,No,United States,New Jersey,,
CUST-373860,Benjamin Z. Daniels,Other,60,82,"Lecturer, higher education",No,No,United States,New Jersey,,
CUST-742422,Christopher Q. Swanson,Other,45,69,"Accountant, chartered management",No,No,United States,New Jersey,,
CUST-749807,Jackson M. Bennett,Other,35,45,Information officer,No,No,United States,New Jersey,,
CUST-348499,Owen X. Sims,Other,57,65,Best boy,No,No,United States,New Jersey,,
CUST-303135,Hunter U. Stokes,Other,43,62,Mining engineer,No,No,United States,New Jersey,,
CUST-676434,Thomas J. Hines,Other,18,38,Video editor,No,No,United States,New Jersey,,
CUST-930694,Caleb V. Powell,Other,27,47,Risk analyst,No,No,United States,New Jersey,,
CUST-519345,Connor P. Pena,Other,45,47,Architectural technologist,No,No,United States,New Jersey,,
CUST-184248,Christopher R. Gutierrez,Other,57,58,Heritage manager,No,No,United States,New Jersey,,
CUST-177370,Caleb E. Pope,Other,41,52,Chief Strategy Officer,No,No,United States,New Jersey,,
CUST-900601,Gabriel O. Newman,Other,47,71,Learning disability nurse,No,No,United States,New Jersey,,
CUST-184346,Joseph Y. Graham,Other,49,64,TEFL teacher,No,No,United States,New Jersey,,
CUST-375612,Alexander L. Wolfe,Other,45,53,Minerals surveyor,No,No,United States,New Jersey,,
CUST-497023,Isaac A. Thompson,Other,52,70,Secondary school teacher,No,No,United States,New Jersey,,
CUST-621939,Caleb P. Parks,Other,44,58,Lawyer,No,No,United States,New Jersey,,
CUST-996965,Nathan E. Padilla,Other,32,56,Building control surveyor,No,No,United States,New Jersey,,
CUST-145598,Caleb F. Sims,Other,40,54,Ambulance person,No,No,United States,New Jersey,,
CUST-424221,Chloe H. Mitchell,Other,27,40,Diplomatic Services operational officer,No,No,United States,New Jersey,,
CUST-899823,James D. Murray,Other,18,28,Agricultural consultant,No,No,United States,New Jersey,,
CUST-427101,Theodore Q. Graham,Other,59,82,"Civil engineer, contracting",No,No,United States,New Jersey,,
CUST-303378,Thomas S. Rogers,Other,50,56,Occupational therapist,No,No,United States,New Jersey,,
CUST-969252,David P. Stone,Other,22,36,Recycling officer,No,No,United States,New Jersey,,
CUST-663634,Gabriel E. Williams,Other,21,38,Ergonomist,No,No,United States,New Jersey,,
CUST-772721,Charles X. Bryant,Other,56,79,Planning and development surveyor,No,No,United States,New Jersey,,
CUST-677360,Isaac K. Ramos,Other,20,32,Freight forwarder,No,No,United States,New Jersey,,
CUST-903700,Caleb T. Vaughn,Other,55,62,"Psychologist, counselling",No,No,United States,New Jersey,,
CUST-331408,Thomas N. Pearson,Other,52,68,Further education lecturer,No,No,United States,New Jersey,,
CUST-266528,James M. Cobb,Other,34,39,Seismic interpreter,No,No,United States,New Jersey,,
CUST-884285,Aaron O. Mitchell,Other,49,71,Horticultural consultant,No,No,United States,New Jersey,,
CUST-228924,Lucas X. Higgins,Other,53,57,Graphic designer,No,No,United States,New Jersey,,
CUST-870357,Adam V. Boyd,Other,32,47,Secretary/administrator,No,No,United States,New Jersey,,
CUST-141605,Matthew Z. Welch,Other,41,48,Clinical research associate,No,No,United States,New Jersey,,
CUST-764531,Benjamin D. Cooper,Other,20,43,Horticultural consultant,No,No,United States,New Jersey,,
CUST-329320,Wyatt R. Mendez,Other,54,66,Theatre stage manager,No,No,United States,New Jersey,,
CUST-127044,Christopher K. Ward,Other,30,33,Restaurant manager,No,No,United States,New Jersey,,
CUST-483790,Charles X. Garner,Other,60,68,Music tutor,No,No,United States,New Jersey,,
CUST-231499,Daniel A. Burgess,Other,31,55,Media planner,No,No,United States,New Jersey,,
CUST-978859,Dylan D. Higgins,Other,35,42,Occupational hygienist,No,No,United States,New Jersey,,
CUST-326819,James K. Griffin,Other,31,36,Health service manager,No,No,United States,New Jersey,,
CUST-971398,Nicholas R. Padilla,Other,55,67,Civil Service fast streamer,No,No,United States,New Jersey,,
CUST-206694,Caleb P. Ball,Other,58,67,International aid/development worker,No,No,United States,New Jersey,,
CUST-751723,Cameron Z. Aguilar,Other,43,46,"Engineer, civil (consulting)",No,No,United States,New Jersey,,
CUST-405061,Austin J. Arnold,Other,22,31,English as a second language teacher,No,No,United States,New Jersey,,
CUST-652722,William V. Bush,Other,40,60,Medical laboratory scientific officer,No,No,United States,New Jersey,,
CUST-154455,Matthew H. Banks,Other,54,78,Chartered loss adjuster,No,No,United States,New Jersey,,
CUST-389579,Henry C. Andrews,Other,40,56,"Psychologist, occupational",No,No,United States,New Jersey,,
CUST-247760,Luke H. Steele,Other,38,45,Health and safety inspector,No,No,United States,New Jersey,,
CUST-730856,David D. Rhodes,Other,52,61,Furniture designer,No,No,United States,New Jersey,,
CUST-263924,Caleb P. Jordan,Other,32,37,Environmental education officer,No,No,United States,New Jersey,,
CUST-356594,Benjamin Z. Robinson,Other,34,52,Wellsite geologist,No,No,United States,New Jersey,,
CUST-320260,Isaac Q. Carroll,Other,53,59,"Clinical scientist, histocompatibility and immunogenetics",No,No,United States,New Jersey,,
CUST-245377,Jackson Q. Lambert,Other,27,33,Ship broker,No,No,United States,New Jersey,,
CUST-460281,Aaron R. Greer,Other,51,65,"Editor, film/video",No,No,United States,New Jersey,,
CUST-941110,Caleb S. Gonzales,Other,26,41,"Programmer, systems",No,No,United States,New Jersey,,
CUST-727946,Owen I. Wagner,Other,20,28,Regulatory affairs officer,No,No,United States,New Jersey,,
CUST-369423,Lucas K. Pierce,Other,55,59,Nutritional therapist,No,No,United States,New Jersey,,
CUST-915689,James H. Knight,Other,22,46,"Therapist, drama",No,No,United States,New Jersey,,
CUST-641451,Nathan J. Webb,Other,48,59,IT trainer,No,No,United States,New Jersey,,
CUST-284259,Austin V. Simmons,Other,23,39,Fine artist,No,No,United States,New Jersey,,
CUST-749240,Henry M. Stevenson,Other,42,45,English as a second language teacher,No,No,United States,New Jersey,,
CUST-711893,Carter E. Schmidt,Other,30,55,"Loss adjuster, chartered",No,No,United States,New Jersey,,
CUST-544318,Cameron V. Byrd,Other,31,37,Telecommunications researcher,No,No,United States,New Jersey,,
CUST-673662,James X. Floyd,Other,25,32,General practice doctor,No,No,United States,New Jersey,,
CUST-666264,Adam R. Quinn,Other,18,29,"Engineer, chemical",No,No,United States,New Jersey,,
CUST-307304,James Y. Norman,Other,47,57,Bookseller,Yes,No,United States,New Jersey,,
CUST-788755,Owen R. Edwards,Other,57,82,Marine scientist,Yes,No,United States,New Jersey,,
CUST-471302,Charles B. Sharp,Other,41,60,Radio producer,Yes,No,United States,New Jersey,,
CUST-581755,Lucas C. Harmon,Other,39,54,"Engineer, petroleum",Yes,No,United States,New Jersey,,
CUST-128468,Connor P. Black,Other,29,32,Tree surgeon,Yes,No,United States,New Jersey,,
CUST-614880,Isaac Q. Cross,Other,46,58,"Radiographer, diagnostic",Yes,No,United States,New Jersey,,
CUST-231961,Luke M. Greene,Other,39,47,Press sub,Yes,No,United States,New Jersey,,
CUST-906648,Charles Z. Wade,Other,45,47,Environmental manager,Yes,No,United States,New Jersey,,
CUST-579574,Dylan D. Lawson,Other,56,73,"Editor, magazine features",Yes,No,United States,New Jersey,,
CUST-351771,James T. Ellis,Other,60,73,Radio producer,Yes,No,United States,New Jersey,,
CUST-567639,James N. Berry,Other,42,53,Conference centre manager,Yes,No,United States,New Jersey,,
CUST-744237,Lucas M. Shaw,Other,56,58,Petroleum engineer,Yes,No,United States,New Jersey,,
CUST-377792,Jackson C. Vasquez,Other,59,68,"Engineer, control and instrumentation",Yes,No,United States,New Jersey,,
CUST-454424,Charles O. Hanson,Other,45,49,Archivist,Yes,No,United States,New Jersey,,
CUST-697205,Matthew H. Hayes,Other,34,57,Astronomer,Yes,No,United States,New Jersey,,
CUST-508026,David D. Hubbard,Other,51,69,"Therapist, music",Yes,No,United States,New Jersey,,
CUST-406230,Adam N. Burgess,Other,38,48,Media planner,Yes,No,United States,New Jersey,,
CUST-711794,Sebastian E. Jennings,Other,46,47,Warehouse manager,Yes,No,United States,New Jersey,,
CUST-356024,Wyatt O. King,Other,54,76,"Psychologist, sport and exercise",Yes,No,United States,New Jersey,,
CUST-755857,Hunter L. McDonald,Other,20,21,Science writer,Yes,No,United States,New Jersey,,
CUST-497235,Owen C. West,Other,49,70,Administrator,Yes,No,United States,New Jersey,,
CUST-790048,Jackson Y. Henderson,Other,33,45,Press photographer,Yes,No,United States,New Jersey,,
CUST-829631,Jack J. Nguyen,Other,35,55,Clothing/textile technologist,Yes,No,United States,New Jersey,,
CUST-685871,Dylan M. Aguilar,Other,52,76,Dietitian,Yes,No,United States,New Jersey,,
CUST-339964,Zachary U. Payne,Other,58,76,"Conservation officer, historic buildings",Yes,No,United States,New Jersey,,
CUST-533916,Christopher F. Vaughn,Other,50,67,"Surveyor, insurance",Yes,No,United States,New Jersey,,
CUST-756774,James P. McDonald,Other,58,83,Neurosurgeon,Yes,No,United States,New Jersey,,
CUST-396482,Jackson J. Burgess,Other,45,51,"Psychologist, occupational",Yes,No,United States,New Jersey,,
CUST-934775,Lucas K. Scott,Other,34,38,Camera operator,Yes,No,United States,New Jersey,,
CUST-749858,Daniel R. Pearson,Other,33,45,"Therapist, music",Yes,No,United States,New Jersey,,
CUST-342992,Zachary A. Cross,Other,20,35,Ecologist,Yes,No,United States,New Jersey,,
CUST-538223,Dylan X. Barker,Other,25,28,Dramatherapist,Yes,No,United States,New Jersey,,
CUST-758168,Joseph T. Taylor,Other,20,31,Secretary/administrator,Yes,No,United States,New Jersey,,
CUST-310762,Andrew K. Santos,Other,42,66,"Administrator, Civil Service",Yes,No,United States,New Jersey,,
CUST-843793,Nicholas E. Cummings,Other,19,39,"Editor, film/video",Yes,No,United States,New Jersey,,
CUST-261034,Anthony X. Wolfe,Other,52,66,Warden/ranger,Yes,No,United States,New Jersey,,
CUST-136188,Henry I. Martin,Other,31,41,Volunteer coordinator,Yes,No,United States,New Jersey,,
CUST-343406,Jack Q. Cobb,Other,30,39,Broadcast presenter,Yes,No,United States,New Jersey,,
CUST-668188,James T. Duncan,Other,38,63,"Education officer, environmental",Yes,No,United States,New Jersey,,
CUST-597544,William F. Porter,Other,27,51,Visual merchandiser,Yes,No,United States,New Jersey,,
CUST-371666,William N. Schmidt,Other,53,72,Tourist information centre manager,Yes,No,United States,New Jersey,,
CUST-833240,David N. Carroll,Other,25,36,"Administrator, sports",Yes,No,United States,New Jersey,,
CUST-334881,Caleb O. Thompson,Other,52,64,Holiday representative,Yes,No,United States,New Jersey,,
CUST-426298,Gabriel S. Oliver,Other,30,33,Print production planner,Yes,No,United States,New Jersey,,
CUST-295285,Hannah S. Larson,Other,18,40,"Psychologist, prison and probation services",Yes,No,United States,New Jersey,,
CUST-487971,Anthony C. Delgado,Other,33,57,Fast food restaurant manager,Yes,No,United States,New Jersey,,
CUST-228930,David I. Rivera,Other,45,53,Chemical engineer,Yes,No,United States,New Jersey,,
CUST-383069,Sebastian U. Wagner,Other,29,37,Health service manager,Yes,No,United States,New Jersey,,
CUST-353165,Joshua B. Rogers,Other,42,63,Police officer,Yes,No,United States,New Jersey,,
CUST-316775,William A. Mendez,Other,24,28,Electronics engineer,Yes,No,United States,New Jersey,,
CUST-768985,Charles W. McDonald,Other,35,44,"Sales professional, IT",Yes,No,United States,New Jersey,,
CUST-171462,Dylan B. Maxwell,Other,33,58,"Engineer, structural",Yes,No,United States,New Jersey,,
CUST-781970,Nathan C. McCoy,Other,39,57,Professor Emeritus,Yes,No,United States,New Jersey,,
CUST-638342,Austin Y. Wolfe,Other,28,35,Analytical chemist,Yes,No,United States,New Jersey,,
CUST-645487,Cameron E. Patton,Other,26,42,Data scientist,Yes,No,United States,New Jersey,,
CUST-776359,Joseph H. Greer,Other,48,63,TEFL teacher,Yes,No,United States,New Jersey,,
CUST-802050,Owen Q. Coleman,Other,38,39,Chemical engineer,Yes,No,United States,New Jersey,,
CUST-380505,Matthew U. Butler,Other,19,24,Energy engineer,Yes,No,United States,New Jersey,,
CUST-803308,Gabriel V. Haynes,Other,42,44,"Optician, dispensing",Yes,No,United States,New Jersey,,
CUST-982985,James X. Alexander,Other,25,42,Psychiatrist,Yes,No,United States,New Jersey,,
CUST-362555,Alexander Y. Kennedy,Other,40,65,Chartered management accountant,Yes,No,United States,New Jersey,,
CUST-244332,David N. Schultz,Other,34,50,Learning disability nurse,Yes,No,United States,New Jersey,,
CUST-224927,Owen N. Greene,Other,59,67,Estate manager/land agent,Yes,No,United States,New Jersey,,
CUST-222997,Connor V. Rose,Other,59,64,Senior tax professional/tax inspector,Yes,No,United States,New Jersey,,
CUST-115099,Isaac K. Green,Other,21,41,Materials engineer,Yes,No,United States,New Jersey,,
CUST-500946,Jack M. Edwards,Other,46,47,"Production assistant, television",Yes,No,United States,New Jersey,,
CUST-754390,Nathan L. Alvarez,Other,24,48,"Surveyor, land/geomatics",Yes,No,United States,New Jersey,,
CUST-862533,Hunter M. Edwards,Other,33,54,Trading standards officer,Yes,No,United States,New Jersey,,
CUST-845211,Henry D. May,Other,25,46,Magazine journalist,Yes,No,United States,New Jersey,,
CUST-585820,Caleb A. Rice,Other,27,51,"Programmer, applications",Yes,No,United States,New Jersey,,
CUST-688827,William V. Bennett,Other,22,30,Games developer,Yes,No,United States,New Jersey,,
CUST-676211,Isaac Q. Paul,Other,34,54,Video editor,Yes,No,United States,New Jersey,,
CUST-977608,Jackson H. Garza,Other,41,59,"Teacher, special educational needs",Yes,No,United States,New Jersey,,
CUST-370930,Christopher W. Bishop,Other,48,61,Chartered loss adjuster,Yes,No,United States,New Jersey,,
CUST-391460,Caleb M. Clark,Other,22,40,Adult guidance worker,Yes,No,United States,New Jersey,,
CUST-948745,Cameron Y. Owens,Other,48,66,Dance movement psychotherapist,Yes,No,United States,New Jersey,,
CUST-238312,Hunter P. Ellis,Other,39,63,Electronics engineer,Yes,No,United States,New Jersey,,
CUST-834608,Thomas N. McCarthy,Other,22,40,"Engineer, automotive",Yes,No,United States,New Jersey,,
CUST-692805,Joshua F. Castro,Other,39,60,Interpreter,Yes,No,United States,New Jersey,,
CUST-488943,James U. Curry,Other,29,32,Pharmacologist,Yes,No,United States,New Jersey,,
CUST-189787,Carter B. Marshall,Other,38,55,Tourism officer,Yes,No,United States,New Jersey,,
CUST-260454,Jackson M. Strickland,Other,27,41,Claims inspector/assessor,Yes,No,United States,New Jersey,,
CUST-447867,James J. Griffith,Other,48,71,"Editor, magazine features",Yes,No,United States,New Jersey,,
CUST-941417,Matthew K. Mack,Other,27,40,Recycling officer,Yes,No,United States,New Jersey,,
CUST-533291,Christopher L. Gutierrez,Other,37,49,Commissioning editor,Yes,No,United States,New Jersey,,
CUST-618502,Cameron X. Tate,Other,50,56,Theatre manager,Yes,No,United States,New Jersey,,
CUST-294675,Sebastian X. Blake,Other,56,62,"Surveyor, building control",Yes,No,United States,New Jersey,,
CUST-938943,Joshua X. Clark,Other,51,65,TEFL teacher,Yes,No,United States,New Jersey,,
CUST-659657,Connor Z. West,Other,21,43,Community pharmacist,Yes,No,United States,New Jersey,,
CUST-991833,David F. Robinson,Other,19,35,Toxicologist,Yes,No,United States,New Jersey,,
CUST-527569,Thomas P. Goodman,Other,59,79,Careers information officer,Yes,No,United States,New Jersey,,
CUST-494738,Adam B. Bailey,Other,44,57,"Radiographer, diagnostic",Yes,No,United States,New Jersey,,
CUST-572103,Isaac R. Doyle,Other,26,31,Volunteer coordinator,Yes,No,United States,New Jersey,,
CUST-641144,Nicholas R. Castillo,Other,25,44,"Engineer, manufacturing",Yes,No,United States,New Jersey,,
CUST-610193,Cameron T. Warren,Other,32,35,Product manager,Yes,No,United States,New Jersey,,
CUST-837791,Matthew B. Griffith,Other,50,56,Tax inspector,Yes,Yes,United States,Michigan,,
CUST-692006,Jackson C. Becker,Other,22,32,"Engineer, maintenance (IT)",Yes,Yes,United States,Michigan,,
CUST-553027,Wyatt B. Bishop,Other,38,47,Conference centre manager,Yes,Yes,United States,Michigan,,
CUST-686689,Charles B. Howell,Other,28,45,Forest/woodland manager,Yes,Yes,United States,Michigan,,
CUST-696452,Henry R. Maxwell,Other,38,56,Estate manager/land agent,Yes,Yes,United States,Michigan,,
CUST-581168,Lucas M. Saunders,Other,34,49,"Pharmacist, hospital",Yes,Yes,United States,Michigan,,
CUST-489640,David Y. Lynch,Other,44,49,Soil scientist,Yes,Yes,United States,Michigan,,
CUST-702006,Hunter S. Chavez,Other,57,73,Chartered certified accountant,Yes,Yes,United States,Michigan,,
CUST-622500,Carter W. Snyder,Other,27,49,Amenity horticulturist,Yes,Yes,United States,Michigan,,
CUST-971364,Carter H. Barnett,Other,25,41,Social researcher,Yes,Yes,United States,Michigan,,
CUST-736527,Christopher Z. Vaughn,Other,56,73,"Lecturer, further education",Yes,Yes,United States,Michigan,,
CUST-821376,David K. Vasquez,Other,41,58,Wellsite geologist,Yes,Yes,United States,Michigan,,
CUST-772426,Anthony L. Weber,Other,33,36,Retail banker,Yes,Yes,United States,Michigan,,
CUST-412232,Nathan X. Sutton,Other,46,67,"Lecturer, further education",Yes,Yes,United States,Michigan,,
CUST-122760,Natalie E. Stephens,Other,19,41,"Geologist, engineering",Yes,Yes,United States,Michigan,,
CUST-264726,Kennedy H. Woods,Other,53,69,Chemical engineer,Yes,Yes,United States,Michigan,,
CUST-561691,Luke U. Grant,Other,48,55,"Engineer, drilling",Yes,Yes,United States,Michigan,,
CUST-669039,David P. Lyons,Other,23,34,Naval architect,Yes,Yes,United States,Michigan,,
CUST-922307,Theodore N. Griffin,Other,43,48,Pathologist,Yes,Yes,United States,Michigan,,
CUST-246180,Christopher H. Bowman,Other,32,35,"Designer, exhibition/display",Yes,Yes,United States,Michigan,,
CUST-758658,Nathan L. Williamson,Other,53,54,"Nurse, mental health",Yes,Yes,United States,Michigan,,
CUST-942657,Caleb Q. Thornton,Other,47,68,Location manager,Yes,Yes,United States,Michigan,,
CUST-976692,Anthony Q. Perry,Other,48,57,International aid/development worker,Yes,Yes,United States,Michigan,,
CUST-817909,Dylan Z. Barnes,Other,50,51,Acupuncturist,Yes,Yes,United States,Michigan,,
CUST-439424,Nathan S. Lindsey,Other,32,51,Health physicist,Yes,Yes,United States,Michigan,,
CUST-520541,William U. Manning,Other,52,70,Special effects artist,Yes,Yes,United States,Michigan,,
CUST-709143,Caleb V. Stevens,Other,60,66,Tourism officer,Yes,Yes,United States,Michigan,,
CUST-552109,Carter K. Banks,Other,57,71,Chief Operating Officer,Yes,Yes,United States,Michigan,,
CUST-241960,Nicholas T. Hale,Other,33,45,Mechanical engineer,Yes,Yes,United States,Michigan,,
CUST-112239,Lucas J. Alvarez,Other,49,67,"Designer, graphic",Yes,Yes,United States,Michigan,,
CUST-165232,Gabriel G. Jimenez,Other,28,45,Public house manager,Yes,Yes,United States,Michigan,,
CUST-616239,Oliver H. Gordon,Other,38,54,Building control surveyor,Yes,Yes,United States,Michigan,,
CUST-424011,Sebastian X. Harrison,Other,21,40,"Engineer, manufacturing",Yes,Yes,United States,Michigan,,
CUST-370260,Evelyn P. Gray,Other,50,53,"Editor, film/video",Yes,Yes,United States,Michigan,,
CUST-328961,Claire Y. Hoffman,Other,27,36,Games developer,Yes,Yes,United States,Michigan,,
CUST-285318,Theodore Y. Chapman,Other,29,54,Art therapist,Yes,Yes,United States,Michigan,,
CUST-441505,Joseph R. Henry,Other,29,32,"Nurse, adult",Yes,Yes,United States,Michigan,,
CUST-824537,Dylan J. Vaughn,Other,30,43,Homeopath,Yes,Yes,United States,Michigan,,
CUST-602190,Henry A. Miles,Other,38,48,"Scientist, product/process development",Yes,Yes,United States,Michigan,,
CUST-176893,Thomas F. Hoffman,Other,52,75,Osteopath,Yes,Yes,United States,Michigan,,
CUST-930154,Owen L. Tate,Other,28,36,Advertising account executive,Yes,Yes,United States,Michigan,,
CUST-810817,Adam A. Flores,Other,33,37,Sport and exercise psychologist,Yes,Yes,United States,Michigan,,
CUST-729513,Jack C. Price,Other,54,72,"Sound technician, broadcasting/film/video",Yes,Yes,United States,Michigan,,
CUST-337417,Nicholas A. Bailey,Other,60,61,Volunteer coordinator,Yes,Yes,United States,Michigan,,
CUST-288104,Christopher M. Alexander,Other,41,51,Adult nurse,Yes,Yes,United States,Michigan,,
CUST-667735,Connor L. Ford,Other,37,56,English as a second language teacher,Yes,Yes,United States,Michigan,,
CUST-211332,Austin I. Warren,Other,36,43,"Designer, blown glass/stained glass",Yes,Yes,United States,Michigan,,
CUST-225374,Connor A. Lane,Other,18,35,"Therapist, nutritional",Yes,Yes,United States,Michigan,,
CUST-100371,Alexander P. Bradley,Other,26,28,"Conservation officer, nature",Yes,Yes,United States,Michigan,,
CUST-153714,Andrew Y. Taylor,Other,59,64,Town planner,Yes,Yes,United States,Michigan,,
CUST-714031,Lucas O. McDonald,Other,21,33,"Librarian, public",Yes,Yes,United States,Michigan,,
CUST-906590,David W. Francis,Other,58,80,Publishing copy,Yes,Yes,United States,Michigan,,
CUST-911666,Wyatt Y. James,Other,41,65,"Restaurant manager, fast food",Yes,Yes,United States,Michigan,,
CUST-284388,Dylan V. Bradley,Other,22,39,"Accountant, chartered public finance",Yes,Yes,United States,Michigan,,
CUST-309586,Thomas G. Tyler,Other,44,62,Art therapist,Yes,Yes,United States,Michigan,,
CUST-885154,Oliver B. Riley,Other,57,62,Risk manager,Yes,Yes,United States,Michigan,,
CUST-209827,Benjamin Y. Cooper,Other,24,39,Set designer,Yes,Yes,United States,Michigan,,
CUST-502862,Henry Z. Ramsey,Other,18,27,Clinical research associate,Yes,Yes,United States,Michigan,,
CUST-515364,Theodore Z. Lucas,Other,25,39,Curator,Yes,Yes,United States,Michigan,,
CUST-136677,Adam D. Powell,Other,36,42,Occupational psychologist,Yes,Yes,United States,Michigan,,
CUST-704881,Lucas F. Bowen,Other,44,57,"Surveyor, quantity",Yes,Yes,United States,Michigan,,
CUST-860880,Caleb A. Myers,Other,25,43,Restaurant manager,Yes,Yes,United States,Michigan,,
CUST-899539,Lucas Y. Hamilton,Other,31,36,Proofreader,Yes,Yes,United States,Michigan,,
CUST-470489,Christopher Z. Pena,Other,52,55,"Therapist, nutritional",Yes,Yes,United States,Michigan,,
CUST-746711,Alexander V. Bowman,Other,45,67,"Biochemist, clinical",Yes,Yes,United States,Michigan,,
CUST-258937,Alexander T. Stevenson,Other,19,38,"Surveyor, minerals",Yes,Yes,United States,Michigan,,
CUST-520878,Owen J. Hubbard,Other,60,70,"Psychologist, forensic",Yes,Yes,United States,Michigan,,
CUST-199106,William N. McDaniel,Other,30,49,Occupational hygienist,Yes,Yes,United States,Michigan,,
CUST-252674,Caleb Q. Watts,Other,47,69,Secondary school teacher,Yes,Yes,United States,Michigan,,
CUST-198590,David R. Cook,Other,49,69,Wellsite geologist,Yes,Yes,United States,Michigan,,
CUST-397276,James L. Paul,Other,51,67,Horticultural therapist,Yes,Yes,United States,Michigan,,
CUST-705950,Matthew Z. Larson,Other,59,82,Facilities manager,Yes,Yes,United States,Michigan,,
CUST-500131,Dylan S. Hardy,Other,45,61,Recruitment consultant,Yes,Yes,United States,Michigan,,
CUST-712934,James V. King,Other,43,44,Oceanographer,No,Yes,United States,Michigan,,
CUST-219604,Oliver L. Bowman,Other,31,40,"Scientist, marine",No,Yes,United States,Michigan,,
CUST-997665,Christopher S. Chandler,Other,25,48,Jewellery designer,No,Yes,United States,Michigan,,
CUST-345764,Dylan P. Castillo,Other,40,41,"Surveyor, planning and development",No,Yes,United States,Michigan,,
CUST-989451,Daniel A. Gibbs,Other,60,76,Energy engineer,No,Yes,United States,Michigan,,
CUST-958850,Theodore V. Hampton,Other,29,36,Accommodation manager,No,Yes,United States,Michigan,,
CUST-319829,Joseph Y. Miller,Other,58,70,"Engineer, aeronautical",No,Yes,United States,Michigan,,
CUST-495524,Isaac E. Olson,Other,35,54,Clinical cytogeneticist,No,Yes,United States,Michigan,,
CUST-736550,Hunter W. Wagner,Other,19,21,Media planner,No,Yes,United States,Michigan,,
CUST-647565,Austin I. Carpenter,Other,51,59,Advertising copywriter,No,Yes,United States,Michigan,,
CUST-411386,Wyatt W. Moore,Other,59,79,Chartered legal executive (England and Wales),No,Yes,United States,Michigan,,
CUST-700277,James R. Doyle,Other,35,56,"Education officer, community",No,Yes,United States,Michigan,,
CUST-521921,Oliver V. Barber,Other,23,40,Toxicologist,No,Yes,United States,Michigan,,
CUST-438019,Oliver Z. Evans,Other,47,72,Higher education careers adviser,No,Yes,United States,Michigan,,
CUST-122689,Gabriel C. Goodwin,Other,49,62,Systems analyst,No,Yes,United States,Michigan,,
CUST-432538,Zachary W. Castillo,Other,19,33,"Engineer, electronics",No,Yes,United States,Michigan,,
CUST-845408,Matthew I. Porter,Other,22,23,Science writer,No,Yes,United States,Michigan,,
CUST-847329,James W. Lawson,Other,55,60,"Engineer, technical sales",No,Yes,United States,Michigan,,
CUST-766357,Carter I. Gardner,Other,29,44,"Librarian, public",No,Yes,United States,Michigan,,
CUST-970710,Hunter E. Graham,Other,46,52,Market researcher,No,Yes,United States,Michigan,,
CUST-361362,Christopher Q. Elliott,Other,60,72,Financial adviser,No,Yes,United States,Michigan,,
CUST-974789,Aaron N. Williams,Other,47,53,Data scientist,No,Yes,United States,Michigan,,
CUST-866219,Theodore K. Moody,Other,27,42,Contracting civil engineer,No,Yes,United States,Michigan,,
CUST-402197,Joseph D. Love,Other,50,52,Horticultural therapist,No,Yes,United States,Michigan,,
CUST-259792,Christopher L. Burns,Other,23,28,Contracting civil engineer,No,Yes,United States,Michigan,,
CUST-354946,Alexander J. Kennedy,Other,46,71,Adult nurse,No,Yes,United States,Michigan,,
CUST-973824,Matthew A. Saunders,Other,34,59,Insurance account manager,No,Yes,United States,Michigan,,
CUST-260885,Dylan O. Myers,Other,59,78,Newspaper journalist,No,Yes,United States,Michigan,,
CUST-141413,David O. Oliver,Other,51,68,Economist,No,Yes,United States,Michigan,,
CUST-160301,Anthony W. Gray,Other,36,38,"Programmer, applications",No,Yes,United States,Michigan,,
CUST-215521,Luke P. Powell,Other,18,26,Research scientist (life sciences),No,Yes,United States,Michigan,,
CUST-984565,Oliver O. Berry,Other,52,57,Operations geologist,No,Yes,United States,Michigan,,
CUST-550330,Lucas I. Gonzales,Other,45,60,Leisure centre manager,No,Yes,United States,Michigan,,
CUST-669502,William Q. Cross,Other,37,58,Conference centre manager,No,Yes,United States,Michigan,,
CUST-755906,Christopher X. Holt,Other,39,58,Environmental consultant,No,Yes,United States,Michigan,,
CUST-748886,Lucas B. Neal,Other,19,44,"Surveyor, insurance",No,Yes,United States,Michigan,,
CUST-510003,Owen V. Jones,Other,35,43,"Administrator, arts",No,Yes,United States,Michigan,,
CUST-382284,Wyatt L. Munoz,Other,36,59,Historic buildings inspector/conservation officer,No,Yes,United States,Michigan,,
CUST-493009,Hunter I. Vaughn,Other,29,35,Systems developer,No,Yes,United States,Michigan,,
CUST-631449,Aaron E. Miles,Other,56,71,Newspaper journalist,No,Yes,United States,Michigan,,
CUST-840883,Aaron R. Weaver,Other,58,81,"Teacher, early years/pre",No,Yes,United States,Michigan,,
CUST-946671,Dylan B. Gilbert,Other,42,67,"Chemist, analytical",No,Yes,United States,Michigan,,
CUST-692117,Isaac C. Miller,Other,22,43,Database administrator,No,Yes,United States,Michigan,,
CUST-460325,Oliver C. Andrews,Other,49,71,"Scientist, research (physical sciences)",No,Yes,United States,Michigan,,
CUST-273672,Joshua D. Crawford,Other,32,46,Insurance account manager,No,Yes,United States,Michigan,,
CUST-383332,William K. Ward,Other,45,60,"Radiographer, diagnostic",No,Yes,United States,Michigan,,
CUST-432215,Alexander B. Marshall,Other,49,54,Air cabin crew,No,Yes,United States,Michigan,,
CUST-252837,Isaac R. Hill,Other,55,71,Medical physicist,No,Yes,United States,Michigan,,
CUST-843442,Cameron P. Porter,Other,54,73,"Teacher, adult education",No,Yes,United States,Michigan,,
CUST-793737,Aaron I. Stephens,Other,33,46,"Therapist, occupational",No,Yes,United States,Michigan,,
CUST-181906,Sebastian W. Spencer,Other,30,35,Speech and language therapist,No,Yes,United States,Michigan,,
CUST-144863,Sebastian E. Armstrong,Other,32,40,Advertising art director,No,Yes,United States,Michigan,,
CUST-203823,Hunter H. Marshall,Other,23,46,Management consultant,No,Yes,United States,Michigan,,
CUST-897739,Jackson E. Andrews,Other,30,47,"Engineer, building services",No,Yes,United States,Michigan,,
CUST-282509,Joseph R. Henderson,Other,52,63,"Teacher, music",No,Yes,United States,Michigan,,
CUST-822650,Luke Y. Valdez,Other,36,39,Retail buyer,No,Yes,United States,Michigan,,
CUST-561359,Joseph I. Harper,Other,57,77,Bookseller,No,Yes,United States,Michigan,,
CUST-638749,Gabriel J. Olson,Other,52,72,Tax adviser,No,Yes,United States,Michigan,,
CUST-175304,Nora J. Stokes,Other,36,42,Fashion designer,No,Yes,United States,Michigan,,
CUST-990634,Joshua B. Thomas,Other,23,43,Medical physicist,No,Yes,United States,Michigan,,
CUST-350856,Lucas C. Love,Other,56,66,Tourism officer,No,Yes,United States,Michigan,,
CUST-610196,Theodore V. Tate,Other,58,67,Public house manager,No,Yes,United States,Michigan,,
CUST-810067,Oliver I. Tyler,Other,35,60,"Surveyor, minerals",No,Yes,United States,Michigan,,
CUST-237673,Luke K. Stone,Other,37,60,Cytogeneticist,No,Yes,United States,Michigan,,
CUST-305392,David W. Nunez,Other,42,63,Regulatory affairs officer,No,Yes,United States,Michigan,,
CUST-709982,Sebastian A. Bishop,Other,30,33,Facilities manager,No,Yes,United States,Michigan,,
CUST-227890,Theodore U. Gomez,Other,23,26,Make,No,Yes,United States,Michigan,,
CUST-153342,Christopher P. Farmer,Other,22,32,"Teacher, English as a foreign language",No,Yes,United States,Michigan,,
CUST-716950,Joshua A. Fernandez,Other,43,47,Ranger/warden,No,Yes,United States,Michigan,,
CUST-205607,Sebastian F. Craig,Other,59,60,Manufacturing systems engineer,Yes,No,United States,Michigan,,
CUST-314376,Christopher J. Montgomery,Other,23,35,"Editor, film/video",Yes,No,United States,Michigan,,
CUST-174664,Benjamin U. Stephens,Other,40,61,Illustrator,Yes,No,United States,Michigan,,
CUST-663168,Jackson K. Spencer,Other,60,79,"Production assistant, radio",Yes,No,United States,Michigan,,
CUST-712758,Hunter P. Bowen,Other,26,49,Actuary,Yes,No,United States,Michigan,,
CUST-967162,Daniel K. Wade,Other,43,62,Government social research officer,Yes,No,United States,Michigan,,
CUST-612723,Jackson K. Yates,Other,24,28,Industrial/product designer,Yes,No,United States,Michigan,,
CUST-412779,Jack T. Moody,Other,57,63,Chief Operating Officer,Yes,No,United States,Michigan,,
CUST-271274,Hunter T. Stevenson,Other,25,39,Restaurant manager,Yes,No,United States,Michigan,,
CUST-640503,Nicholas R. Herrera,Other,29,54,Chartered accountant,Yes,No,United States,Michigan,,
CUST-906943,Daniel B. Hunt,Other,59,84,"Accountant, chartered",Yes,No,United States,Michigan,,
CUST-579103,Cameron C. Alvarez,Other,54,61,Fitness centre manager,Yes,No,United States,Michigan,,
CUST-241880,Cameron V. King,Other,25,43,Nature conservation officer,Yes,No,United States,Michigan,,
CUST-108194,Dylan W. Cannon,Other,25,29,"Psychologist, counselling",Yes,No,United States,Michigan,,
CUST-660759,Charles V. Griffith,Other,23,28,Civil Service administrator,Yes,No,United States,Michigan,,
CUST-340409,James V. Rhodes,Other,35,48,Commercial horticulturist,Yes,No,United States,Michigan,,
CUST-383397,Joseph P. Shaw,Other,51,58,Barrister,Yes,No,United States,Michigan,,
CUST-607339,Sebastian S. Cooper,Other,20,38,"Therapist, drama",Yes,No,United States,Michigan,,
CUST-240630,Dylan Y. Moss,Other,34,51,Physiotherapist,Yes,No,United States,Michigan,,
CUST-599163,Carter E. Barnett,Other,27,46,"Librarian, academic",Yes,No,United States,Michigan,,
CUST-575496,Gabriel Y. Franklin,Other,57,59,Publishing rights manager,Yes,No,United States,Michigan,,
CUST-505071,Andrew J. Watson,Other,56,67,"Research officer, political party",Yes,No,United States,Michigan,,
CUST-621717,David O. Arnold,Other,36,58,"Education officer, environmental",Yes,No,United States,Michigan,,
CUST-773064,Nicholas C. Burns,Other,18,39,Public relations account executive,Yes,No,United States,Michigan,,
CUST-800201,David F. Reed,Other,25,29,Catering manager,Yes,No,United States,Michigan,,
CUST-442621,Lucas H. Ramos,Other,39,49,Freight forwarder,Yes,No,United States,Michigan,,
CUST-723326,Benjamin R. Banks,Other,30,41,Barrister,Yes,No,United States,Michigan,,
CUST-959889,Daniel S. Walker,Other,51,65,"Surveyor, building",Yes,No,United States,Michigan,,
CUST-357745,Daniel S. Reed,Other,32,57,"Engineer, mining",Yes,No,United States,Michigan,,
CUST-486620,Adam A. Obrien,Other,42,45,"Engineer, biomedical",Yes,No,United States,Michigan,,
CUST-458499,Jack O. Moody,Other,43,54,"Scientist, marine",Yes,No,United States,Michigan,,
CUST-119763,Austin F. Garrett,Other,20,35,"Pharmacist, community",Yes,No,United States,Michigan,,
CUST-661127,Daniel Z. Townsend,Other,34,36,Broadcast presenter,Yes,No,United States,Michigan,,
CUST-672673,Daniel I. Greene,Other,23,46,Site engineer,Yes,No,United States,Michigan,,
CUST-387545,Caleb E. Bailey,Other,25,45,Call centre manager,Yes,No,United States,Michigan,,
CUST-990284,Charles H. Hubbard,Other,47,52,Colour technologist,Yes,No,United States,Michigan,,
CUST-288400,Zachary R. Salazar,Other,49,72,Web designer,Yes,No,United States,Michigan,,
CUST-165786,Christopher N. Fowler,Other,22,23,Tax inspector,Yes,No,United States,Michigan,,
CUST-814561,Alexander U. Cox,Other,43,53,Special educational needs teacher,Yes,No,United States,Michigan,,
CUST-401353,Joseph L. Lucas,Other,40,41,"Journalist, newspaper",Yes,No,United States,Michigan,,
CUST-898528,Daniel T. Fox,Other,39,61,Social researcher,Yes,No,United States,Michigan,,
CUST-735895,Thomas K. Padilla,Other,41,45,Insurance underwriter,Yes,No,United States,Michigan,,
CUST-275417,Aaron Y. Stokes,Other,20,37,Landscape architect,Yes,No,United States,Michigan,,
CUST-905729,Christopher H. Hopkins,Other,32,52,Clothing/textile technologist,Yes,No,United States,Michigan,,
CUST-312864,Austin A. Ruiz,Other,56,63,Armed forces logistics/support/administrative officer,Yes,No,United States,Michigan,,
CUST-632607,Thomas Y. Collins,Other,30,48,Health and safety adviser,Yes,No,United States,Michigan,,
CUST-897280,Isaac Z. Knight,Other,22,32,Tourist information centre manager,Yes,No,United States,Michigan,,
CUST-735880,Jackson L. Ramos,Other,45,63,Records manager,Yes,No,United States,Michigan,,
CUST-718299,Austin Y. Sharp,Other,56,76,Astronomer,Yes,No,United States,Michigan,,
CUST-190077,Anthony N. Roberts,Other,39,40,Graphic designer,Yes,No,United States,Michigan,,
CUST-499649,Daniel N. Cole,Other,44,52,Archaeologist,Yes,No,United States,Michigan,,
CUST-909860,Carter E. Alexander,Other,44,62,Environmental manager,Yes,No,United States,Michigan,,
CUST-953191,Gabriel Y. Garza,Other,54,56,Chartered accountant,Yes,No,United States,Michigan,,
CUST-193523,Andrew N. Howard,Other,27,32,Telecommunications researcher,No,No,United States,Michigan,,
CUST-705603,Matthew S. Turner,Other,51,69,Advertising art director,No,No,United States,Michigan,,
CUST-173488,Jack A. Murphy,Other,59,74,"Copywriter, advertising",No,No,United States,Michigan,,
CUST-842978,Wyatt A. Vaughn,Other,48,71,Agricultural engineer,No,No,United States,Michigan,,
CUST-296046,Dylan L. Roberts,Other,50,65,"Presenter, broadcasting",No,No,United States,Michigan,,
CUST-737526,Luke J. Reeves,Other,57,63,Landscape architect,No,No,United States,Michigan,,
CUST-540664,Carter C. Neal,Other,22,23,Landscape architect,No,No,United States,Michigan,,
CUST-511153,Isaac F. Becker,Other,60,78,Fashion designer,No,No,United States,Michigan,,
CUST-886533,Adam C. Harper,Other,30,51,International aid/development worker,No,No,United States,Michigan,,
CUST-101848,Daniel D. Hawkins,Other,25,42,"Sound technician, broadcasting/film/video",No,No,United States,Michigan,,
CUST-506431,Andrew W. Rivera,Other,54,71,Building control surveyor,No,No,United States,Michigan,,
CUST-403425,Adam U. Fowler,Other,20,34,Physiotherapist,No,No,United States,Michigan,,
CUST-588154,Alexander D. Morgan,Other,18,21,Electronics engineer,No,No,United States,Michigan,,
CUST-423686,Benjamin P. May,Other,49,52,Site engineer,No,No,United States,Michigan,,
CUST-495855,Nicholas C. Schultz,Other,57,67,Horticultural therapist,No,No,United States,Michigan,,
CUST-561875,Austin H. Bell,Other,31,47,Personal assistant,No,No,United States,Michigan,,
CUST-226062,Nicholas J. Johnston,Other,40,62,"Psychologist, occupational",No,No,United States,Michigan,,
CUST-438328,Joseph D. Parks,Other,38,53,"Conservator, furniture",No,No,United States,Michigan,,
CUST-142070,Gabriel D. Farmer,Other,40,64,Phytotherapist,No,No,United States,Michigan,,
CUST-269635,Anthony P. Sanders,Other,52,63,"Surveyor, commercial/residential",No,No,United States,Michigan,,
CUST-488518,Cameron Q. Harvey,Other,24,31,Research scientist (life sciences),No,No,United States,Michigan,,
CUST-474792,Dylan I. Patterson,Other,24,38,"Editor, film/video",No,No,United States,Michigan,,
CUST-605230,Aaron G. Powell,Other,42,62,"Lighting technician, broadcasting/film/video",No,No,United States,Michigan,,
CUST-364831,Christopher X. Kelly,Other,30,39,"Designer, furniture",No,No,United States,Michigan,,
CUST-872064,Joseph O. Baker,Other,38,57,Interpreter,No,No,United States,Michigan,,
CUST-418388,Alexander U. Bennett,Other,39,61,Chief Executive Officer,No,No,United States,Michigan,,
CUST-603239,Aaron T. Malone,Other,42,64,Marine scientist,No,No,United States,Michigan,,
CUST-830823,Austin V. Obrien,Other,50,53,Industrial buyer,No,No,United States,Michigan,,
CUST-977145,James F. Gregory,Other,47,55,Horticultural consultant,No,No,United States,Michigan,,
CUST-766726,Nicholas R. Bailey,Other,47,60,Sports administrator,No,No,United States,Michigan,,
CUST-213477,James T. Payne,Other,32,53,Training and development officer,No,No,United States,Michigan,,
CUST-895570,Aaron W. Strickland,Other,39,41,Leisure centre manager,No,No,United States,Michigan,,
CUST-501589,Henry U. Murray,Other,47,67,Lexicographer,No,No,United States,Michigan,,
CUST-124017,Matthew G. Goodwin,Other,59,65,Hotel manager,No,No,United States,Michigan,,
CUST-440044,Aaron L. Weaver,Other,49,71,Chartered management accountant,No,No,United States,Michigan,,
CUST-730690,Caleb K. Butler,Other,23,43,Housing manager/officer,No,No,United States,Michigan,,
CUST-826152,Charles Y. Hamilton,Other,59,63,Early years teacher,No,No,United States,Michigan,,
CUST-652179,Owen O. Carter,Other,25,29,Financial trader,No,No,United States,Michigan,,
CUST-136497,Caleb V. Newton,Other,29,46,Equality and diversity officer,No,No,United States,Michigan,,
CUST-337758,James R. Wolfe,Other,20,30,"Journalist, magazine",No,No,United States,Michigan,,
CUST-551675,Benjamin E. Carpenter,Other,24,37,"Surveyor, mining",No,No,United States,Michigan,,
CUST-583511,Lucas F. Ortiz,Other,49,55,"Designer, television/film set",No,No,United States,Michigan,,
CUST-432080,Wyatt G. Mason,Other,28,45,Company secretary,No,No,United States,Michigan,,
CUST-697094,Zachary S. Rios,Other,31,34,"Psychologist, occupational",No,No,United States,Michigan,,
CUST-729869,Benjamin F. Rivera,Other,32,52,Barrister's clerk,No,No,United States,Michigan,,
CUST-751527,Luke A. Bryant,Other,23,47,Insurance underwriter,No,No,United States,Michigan,,
CUST-828276,Thomas H. Vasquez,Other,50,71,"Librarian, academic",No,No,United States,Michigan,,
CUST-310666,Oliver R. Mills,Other,40,42,Cartographer,No,No,United States,Michigan,,
CUST-394552,Anthony C. Butler,Other,41,47,Farm manager,No,No,United States,Michigan,,
CUST-121345,Joshua K. Farmer,Other,48,52,Health and safety adviser,No,No,United States,Michigan,,
CUST-683853,William F. Medina,Other,19,23,Forensic scientist,No,No,United States,Michigan,,
CUST-176451,Adam O. Jones,Other,42,63,"Doctor, hospital",No,No,United States,Michigan,,
CUST-768840,Adam C. Parks,Other,57,74,Nature conservation officer,No,No,United States,Michigan,,
CUST-549250,Cameron N. Goodman,Other,47,52,"Accountant, chartered public finance",No,No,United States,Michigan,,
CUST-872121,Christopher X. Jones,Other,41,54,"Engineer, land",No,No,United States,Michigan,,
CUST-105407,James L. Stephens,Other,44,53,Food technologist,No,No,United States,Michigan,,
CUST-326732,Dylan E. Stewart,Other,50,68,Equality and diversity officer,No,No,United States,Michigan,,
CUST-253361,James A. Long,Other,19,36,Communications engineer,No,No,United States,Michigan,,
CUST-311111,Sebastian Q. Rowe,Other,21,40,"Psychotherapist, dance movement",No,No,United States,Michigan,,
CUST-503964,Joseph P. Gonzales,Other,29,35,"Engineer, control and instrumentation",No,No,United States,Michigan,,
CUST-338291,Oliver C. Banks,Other,59,76,"Restaurant manager, fast food",No,No,United States,Michigan,,
CUST-591554,Isaac N. Ramsey,Other,25,30,"Research officer, government",No,No,United States,Michigan,,
CUST-620275,Jack R. Kennedy,Other,54,58,Statistician,No,No,United States,Michigan,,
CUST-638644,Oliver S. Palmer,Other,54,74,"Education officer, community",No,No,United States,Michigan,,
CUST-216940,Owen N. Padilla,Other,39,61,"Designer, multimedia",No,No,United States,Michigan,,
CUST-956049,James N. Mitchell,Other,25,43,Museum/gallery conservator,No,No,United States,Michigan,,
CUST-777261,Christopher W. Ball,Other,49,65,Geoscientist,No,No,United States,Michigan,,
CUST-668529,Andrew E. Morales,Other,39,54,Software engineer,No,No,United States,Michigan,,
CUST-157113,Austin T. Blair,Other,43,52,Rural practice surveyor,No,No,United States,Michigan,,
CUST-710966,James I. Morris,Other,35,53,Ecologist,No,No,United States,Michigan,,
CUST-307451,Henry O. Barnett,Other,23,48,Clinical psychologist,No,No,United States,Michigan,,
CUST-976001,Joseph W. Simpson,Other,38,56,Telecommunications researcher,No,No,United States,Michigan,,
CUST-589153,Anthony V. Anderson,Other,31,42,Financial controller,Yes,Yes,United States,Ohio,,
CUST-917177,Matthew P. Alvarez,Other,29,50,Psychiatrist,Yes,Yes,United States,Ohio,,
CUST-646694,Nathan M. Ingram,Other,58,76,Local government officer,Yes,Yes,United States,Ohio,,
CUST-934882,Connor C. Clark,Other,52,56,"Production assistant, radio",Yes,Yes,United States,Ohio,,
CUST-982097,David J. Hoffman,Other,32,37,"Civil engineer, consulting",Yes,Yes,United States,Ohio,,
CUST-169400,Daniel J. Myers,Other,53,63,"Designer, ceramics/pottery",Yes,Yes,United States,Ohio,,
CUST-992605,Andrew E. Dawson,Other,33,52,"Embryologist, clinical",Yes,Yes,United States,Ohio,,
CUST-657606,Joshua M. Hicks,Other,21,45,Advice worker,Yes,No,United States,Ohio,,
CUST-611956,Joseph O. Reid,Other,26,27,"Engineer, energy",Yes,No,United States,Ohio,,
CUST-852978,Gabriel C. Jordan,Other,36,37,Paediatric nurse,Yes,Yes,United States,Ohio,,
CUST-237051,William B. Haynes,Other,55,80,Recycling officer,Yes,No,United States,Ohio,,
CUST-673582,James H. Castro,Other,44,54,Veterinary surgeon,Yes,No,United States,Ohio,,
CUST-817400,Adam D. Cobb,Other,24,45,Agricultural consultant,Yes,Yes,United States,Ohio,,
CUST-899740,Sebastian K. Wells,Other,37,60,"Surveyor, commercial/residential",Yes,Yes,United States,Ohio,,
CUST-547948,Zachary C. Sandoval,Other,32,40,"Scientist, water quality",Yes,No,United States,Ohio,,
CUST-321650,Adam J. Parks,Other,51,59,Systems developer,Yes,Yes,United States,Ohio,,
CUST-558800,Anthony Q. Rhodes,Other,26,29,Automotive engineer,Yes,Yes,United States,Ohio,,
CUST-913110,Owen A. Newton,Other,18,43,Paediatric nurse,Yes,No,United States,Ohio,,
CUST-805073,Anthony W. Tate,Other,20,23,Film/video editor,Yes,Yes,United States,Ohio,,
CUST-213670,Carter E. Baker,Other,40,48,Quality manager,Yes,Yes,United States,Ohio,,
CUST-270754,Luke Y. Young,Other,37,62,Microbiologist,Yes,Yes,United States,Ohio,,
CUST-144416,Aaron L. Nguyen,Other,25,49,Sub,Yes,No,United States,Ohio,,
CUST-802738,Isaac Y. Ramos,Other,34,42,"Accountant, chartered certified",Yes,No,United States,Ohio,,
CUST-197200,Nicholas K. Powell,Other,25,49,Learning mentor,Yes,No,United States,Ohio,,
CUST-438774,Andrew I. Gutierrez,Other,41,65,Economist,Yes,Yes,United States,Ohio,,
CUST-763339,Cameron R. Medina,Other,24,34,Dentist,Yes,No,United States,Ohio,,
CUST-147063,Andrew P. Harper,Other,18,22,"Engineer, agricultural",Yes,No,United States,Ohio,,
CUST-307305,Anthony D. Reese,Other,29,52,Trade mark attorney,Yes,Yes,United States,Ohio,,
CUST-524069,Dylan O. Harvey,Other,23,41,Civil Service administrator,Yes,Yes,United States,Ohio,,
CUST-667720,Aaron M. Quinn,Other,33,47,Paramedic,Yes,Yes,United States,Ohio,,
CUST-989393,Daniel E. Fleming,Other,35,51,Mechanical engineer,Yes,Yes,United States,Ohio,,
CUST-564087,Jackson W. Hammond,Other,45,69,Herbalist,Yes,Yes,United States,Ohio,,
CUST-415898,Connor V. Scott,Other,35,38,Mental health nurse,Yes,Yes,United States,Ohio,,
CUST-198901,William E. Webb,Other,28,48,Garment/textile technologist,Yes,No,United States,Ohio,,
CUST-301208,Wyatt A. Baldwin,Other,24,27,"Journalist, magazine",Yes,Yes,United States,Ohio,,
CUST-401442,Caleb E. Gibson,Other,39,53,Clothing/textile technologist,Yes,No,United States,Ohio,,
CUST-185280,Daniel A. Lyons,Other,30,36,"Psychotherapist, child",Yes,No,United States,Ohio,,
CUST-606840,Austin C. Holmes,Other,36,37,"Teacher, English as a foreign language",Yes,No,United States,Ohio,,
CUST-225346,Cameron P. Ross,Other,19,41,Copy,Yes,Yes,United States,Ohio,,
CUST-415353,Zachary O. Taylor,Other,60,71,Barista,Yes,Yes,United States,Ohio,,
CUST-682709,James R. Phillips,Other,31,53,Site engineer,Yes,Yes,United States,Ohio,,
CUST-465656,Connor P. Cunningham,Other,48,62,Radiation protection practitioner,Yes,Yes,United States,Ohio,,
CUST-845760,Christopher T. Wood,Other,52,77,Bookseller,Yes,No,United States,Ohio,,
CUST-259502,Christopher H. Ellis,Other,55,80,"Therapist, art",Yes,Yes,United States,Ohio,,
CUST-159321,James T. Fleming,Other,43,67,Intelligence analyst,Yes,No,United States,Ohio,,
CUST-438576,Alexander K. Allen,Other,60,65,Chartered accountant,Yes,No,United States,Ohio,,
CUST-458472,Austin X. Adams,Other,19,33,"Lighting technician, broadcasting/film/video",Yes,Yes,United States,Ohio,,
CUST-932293,Benjamin L. Myers,Other,26,38,Corporate treasurer,Yes,Yes,United States,Ohio,,
CUST-599424,Zachary T. Riley,Other,32,41,Applications developer,Yes,Yes,United States,Ohio,,
CUST-217160,Jackson Z. Ortiz,Other,40,42,Ship broker,Yes,No,United States,Ohio,,
CUST-960654,Carter T. Barber,Other,45,57,"Engineer, structural",Yes,No,United States,Ohio,,
CUST-768571,William P. Brooks,Other,22,27,"Engineer, mining",Yes,Yes,United States,Ohio,,
CUST-268634,Joshua Z. Walker,Other,60,64,Copy,Yes,Yes,United States,Ohio,,
CUST-850356,Joshua T. Morrison,Other,57,73,Ranger/warden,Yes,No,United States,Ohio,,
CUST-281184,Christopher I. Lyons,Other,40,54,Financial adviser,Yes,Yes,United States,Ohio,,
CUST-705189,Connor T. Hughes,Other,26,34,Medical laboratory scientific officer,Yes,No,United States,Ohio,,
CUST-550331,Henry D. Dennis,Other,40,44,Illustrator,Yes,Yes,United States,Ohio,,
CUST-191668,Adam Y. Haynes,Other,31,51,Chief Financial Officer,Yes,No,United States,Ohio,,
CUST-519154,Henry F. Salazar,Other,34,42,Astronomer,Yes,No,United States,Ohio,,
CUST-289181,Benjamin V. Potter,Other,59,60,Museum/gallery curator,Yes,Yes,United States,Ohio,,
CUST-403255,David T. Manning,Other,44,50,Chartered loss adjuster,Yes,Yes,United States,Ohio,,
CUST-892786,Austin C. Hill,Other,40,43,Town planner,Yes,Yes,United States,Ohio,,
CUST-679214,David E. Sims,Other,51,76,Health service manager,Yes,Yes,United States,Ohio,,
CUST-207723,Connor F. Henderson,Other,36,44,Drilling engineer,Yes,No,United States,Ohio,,
CUST-862992,Caleb B. Vaughn,Other,21,39,"Engineer, manufacturing systems",Yes,Yes,United States,Ohio,,
CUST-167307,James D. Carroll,Other,28,39,Advice worker,Yes,Yes,United States,Ohio,,
CUST-147593,Aaron M. Wells,Other,57,82,Art gallery manager,Yes,No,United States,Ohio,,
CUST-235972,Hunter A. Lambert,Other,35,46,Colour technologist,Yes,Yes,United States,Ohio,,
CUST-264499,David G. Jimenez,Other,46,56,Telecommunications researcher,Yes,No,United States,Ohio,,
CUST-490184,William G. Grant,Other,30,44,"Psychotherapist, dance movement",Yes,Yes,United States,Ohio,,
CUST-943828,Hunter Z. Manning,Other,56,59,Armed forces operational officer,Yes,No,United States,Ohio,,
CUST-913844,Aaron L. Wolfe,Other,40,43,"Clinical scientist, histocompatibility and immunogenetics",Yes,No,United States,Ohio,,
CUST-636403,Cameron U. Beck,Other,32,53,Metallurgist,Yes,Yes,United States,Ohio,,
CUST-738479,Austin P. Lane,Other,44,54,Chartered accountant,Yes,Yes,United States,Ohio,,
CUST-393902,Henry R. Russell,Other,44,47,"Surveyor, land/geomatics",Yes,No,United States,Ohio,,
CUST-432455,Hunter G. Cohen,Other,34,49,Stage manager,Yes,Yes,United States,Ohio,,
CUST-424844,Jackson A. Wise,Other,39,42,Sports therapist,Yes,Yes,United States,Ohio,,
CUST-467068,Benjamin Z. Swanson,Other,43,65,Oceanographer,Yes,No,United States,Ohio,,
CUST-214316,Wyatt N. Cohen,Other,46,58,Forensic psychologist,Yes,No,United States,Ohio,,
CUST-414651,Gabriel T. Reynolds,Other,35,57,"Surveyor, planning and development",Yes,No,United States,Ohio,,
CUST-641848,Aaron A. Kim,Other,42,50,Production manager,Yes,Yes,United States,Ohio,,
CUST-430380,Carter D. Mack,Other,39,64,Sports administrator,Yes,Yes,United States,Ohio,,
CUST-929076,Gabriel U. Chambers,Other,43,56,Public relations account executive,Yes,No,United States,Ohio,,
CUST-794668,Zachary W. Walton,Other,36,47,"Nurse, children's",Yes,Yes,United States,Ohio,,
CUST-792482,Aaron E. Rowe,Other,48,65,Network engineer,Yes,No,United States,Ohio,,
CUST-159830,Thomas J. Lambert,Other,37,57,Theatre stage manager,Yes,Yes,United States,Ohio,,
CUST-881014,Lucas A. Dennis,Other,36,43,Rural practice surveyor,Yes,Yes,United States,Ohio,,
CUST-946196,Carter D. Pierce,Other,51,64,Writer,Yes,No,United States,Ohio,,
CUST-501504,Connor G. Curry,Other,18,37,Outdoor activities/education manager,Yes,No,United States,Ohio,,
CUST-780155,Connor C. Goodwin,Other,44,47,Architect,Yes,Yes,United States,Ohio,,
CUST-651285,Luke Z. Carlson,Other,22,25,Paramedic,Yes,No,United States,Ohio,,
CUST-282298,Isaac N. Gross,Other,57,70,Special effects artist,Yes,Yes,United States,Ohio,,
CUST-231734,Alexander J. Walker,Other,19,21,Contractor,Yes,Yes,United States,Ohio,,
CUST-991619,Lucas J. Lawrence,Other,45,66,"Civil engineer, consulting",Yes,Yes,United States,Ohio,,
CUST-472245,Andrew Z. Greene,Other,43,61,Housing manager/officer,Yes,No,United States,Ohio,,
CUST-590613,William Q. Quinn,Other,33,47,Illustrator,Yes,Yes,United States,Ohio,,
CUST-355385,Nicholas E. Mills,Other,40,65,Broadcast journalist,Yes,No,United States,Ohio,,
CUST-811025,Anthony B. Willis,Other,39,64,Chartered certified accountant,Yes,No,United States,Ohio,,
CUST-782123,Lucas J. Norman,Other,35,57,Furniture conservator/restorer,Yes,Yes,United States,Ohio,,
CUST-999434,Owen H. Rice,Other,46,68,Public affairs consultant,Yes,No,United States,Ohio,,
CUST-947883,Cameron L. Collins,Other,39,63,Sales executive,Yes,Yes,United States,Ohio,,
CUST-943570,William C. Benson,Other,55,72,Geographical information systems officer,Yes,No,United States,Ohio,,
CUST-934321,Christopher R. Adkins,Other,25,37,Chartered accountant,Yes,Yes,United States,Ohio,,
CUST-402005,Benjamin K. Gibbs,Other,57,64,"Engineer, site",Yes,No,United States,Ohio,,
CUST-375144,Aaron X. McDaniel,Other,29,31,"Psychologist, forensic",No,No,United States,Ohio,,
CUST-444039,Caleb J. Chavez,Other,18,21,"Secretary, company",No,No,United States,Ohio,,
CUST-169353,Owen W. Turner,Other,50,75,Corporate treasurer,No,No,United States,Ohio,,
CUST-492383,Isaac W. Conner,Other,23,41,"Psychologist, clinical",No,No,United States,Ohio,,
CUST-761151,Joseph F. Martin,Other,25,46,"Therapist, speech and language",No,No,United States,Ohio,,
CUST-165400,Zachary M. Delgado,Other,43,46,Occupational hygienist,No,No,United States,Ohio,,
CUST-509566,Charles V. Bowen,Other,40,53,Furniture conservator/restorer,No,No,United States,Ohio,,
CUST-528345,Zachary Z. Holmes,Other,49,53,"Engineer, mining",No,No,United States,Ohio,,
CUST-333561,Nicholas C. Osborne,Other,56,76,Corporate treasurer,No,No,United States,Ohio,,
CUST-907660,Theodore W. Hamilton,Other,48,59,"Education officer, environmental",No,No,United States,Ohio,,
CUST-641856,Alexander N. Kelley,Other,19,20,"Surveyor, commercial/residential",No,No,United States,Ohio,,
CUST-175715,Anthony E. Salazar,Other,21,28,"Lighting technician, broadcasting/film/video",No,No,United States,Ohio,,
CUST-140939,Owen Q. Fitzgerald,Other,36,50,"Production assistant, radio",No,No,United States,Ohio,,
CUST-340428,Charles K. Evans,Other,50,51,Museum education officer,No,No,United States,Ohio,,
CUST-430938,Matthew C. Williamson,Other,32,37,Probation officer,No,No,United States,Ohio,,
CUST-684776,Zachary Z. McDaniel,Other,49,62,"Development worker, international aid",No,No,United States,Ohio,,
CUST-537661,Matthew W. Aguilar,Other,54,60,Curator,No,No,United States,Ohio,,
CUST-203452,Jackson Z. Craig,Other,21,43,Product/process development scientist,No,No,United States,Ohio,,
CUST-636670,Owen Z. Delgado,Other,38,51,"Engineer, mining",No,No,United States,Ohio,,
CUST-747122,Dylan Y. Gregory,Other,52,66,"Scientist, physiological",No,No,United States,Ohio,,
CUST-565539,Joseph V. Flores,Other,36,55,General practice doctor,No,No,United States,Ohio,,
CUST-181934,Jackson X. Griffith,Other,38,60,Exhibition designer,No,No,United States,Ohio,,
CUST-240275,Luke J. Snyder,Other,45,61,Commercial horticulturist,No,No,United States,Ohio,,
CUST-927725,Christopher F. Baldwin,Other,27,43,Building surveyor,No,No,United States,Ohio,,
CUST-956253,Hunter F. Gordon,Other,18,24,"Designer, exhibition/display",No,No,United States,Ohio,,
CUST-536771,Daniel L. Gregory,Other,42,64,"Pilot, airline",No,No,United States,Ohio,,
CUST-613887,Alexander J. Francis,Other,43,66,"Scientist, research (physical sciences)",No,No,United States,Ohio,,
CUST-354658,Nathan S. Goodwin,Other,35,60,Police officer,No,No,United States,Ohio,,
CUST-630960,Jackson N. Vaughn,Other,47,60,Mining engineer,No,No,United States,Ohio,,
CUST-384704,James C. Mullins,Other,30,34,"Engineer, biomedical",No,No,United States,Ohio,,
CUST-513661,William L. Sherman,Other,57,76,Counselling psychologist,No,No,United States,Ohio,,
CUST-990494,Oliver U. James,Other,60,81,Accounting technician,No,No,United States,Ohio,,
CUST-309042,Isaac U. Moss,Other,41,45,Artist,No,No,United States,Ohio,,
CUST-751885,Adam T. Gross,Other,20,22,Food technologist,No,No,United States,Ohio,,
CUST-711926,Benjamin U. Simmons,Other,60,73,Public relations account executive,No,No,United States,Ohio,,
CUST-229131,Connor J. Doyle,Other,22,45,Sports coach,No,No,United States,Ohio,,
CUST-465205,Adam C. Wilson,Other,51,66,"Optician, dispensing",No,No,United States,Ohio,,
CUST-751713,Thomas E. Francis,Other,44,63,Youth worker,No,No,United States,Ohio,,
CUST-151955,Connor C. Estrada,Other,33,50,Public house manager,No,No,United States,Ohio,,
CUST-414159,Connor W. Chavez,Other,58,72,Human resources officer,No,No,United States,Ohio,,
CUST-496800,Lucy Y. Gordon,Other,25,30,Civil Service administrator,No,No,United States,Ohio,,
CUST-937133,Austin Q. Watts,Other,49,74,"Psychologist, clinical",No,No,United States,Ohio,,
CUST-643022,Gabriel P. Washington,Other,52,76,Clinical embryologist,No,No,United States,Ohio,,
CUST-371942,Wyatt V. Holmes,Other,46,58,Forensic scientist,No,No,United States,Ohio,,
CUST-234420,Austin Q. Nunez,Other,40,59,Statistician,No,No,United States,Ohio,,
CUST-641573,Connor F. Pierce,Other,45,47,Mining engineer,No,No,United States,Ohio,,
CUST-951612,Daniel N. Graves,Other,38,58,"Administrator, sports",No,No,United States,Ohio,,
CUST-341401,Joseph X. Johnston,Other,21,32,Interpreter,No,No,United States,Ohio,,
CUST-729190,Theodore P. Allen,Other,56,80,Public relations account executive,No,No,United States,Ohio,,
CUST-168830,Alexander T. Boyd,Other,25,42,Interior and spatial designer,No,No,United States,Ohio,,
CUST-817808,Zachary J. Hanson,Other,18,35,Accounting technician,No,No,United States,Ohio,,
CUST-360012,Dylan H. Payne,Other,32,49,"Engineer, mining",No,No,United States,Ohio,,
CUST-107040,David H. Greer,Other,60,85,Barrister,No,No,United States,Ohio,,
CUST-776612,Matthew N. Cole,Other,34,55,Music therapist,No,No,United States,Ohio,,
CUST-350373,Hunter N. Barrett,Other,55,72,IT sales professional,No,No,United States,Ohio,,
CUST-549208,Zachary V. Lawrence,Other,45,62,"Runner, broadcasting/film/video",No,No,United States,Ohio,,
CUST-738308,Adam Y. Aguilar,Other,27,49,Research scientist (life sciences),No,No,United States,Ohio,,
CUST-948319,Carter F. Arnold,Other,34,46,Therapeutic radiographer,No,No,United States,Ohio,,
CUST-897656,Nicholas B. Dean,Other,18,39,Communications engineer,No,No,United States,Ohio,,
CUST-806861,Benjamin R. Newton,Other,55,75,Database administrator,No,No,United States,Ohio,,
CUST-465857,Thomas R. Cooper,Other,46,47,Marketing executive,No,No,United States,Ohio,,
CUST-381946,Adam I. Cobb,Other,42,67,Magazine journalist,No,No,United States,Ohio,,
CUST-728623,Matthew M. Davis,Other,34,46,Secretary/administrator,No,No,United States,Ohio,,
CUST-164760,Dylan F. Holmes,Other,53,78,Research scientist (physical sciences),No,No,United States,Ohio,,
CUST-990331,Dylan D. Armstrong,Other,58,68,Advice worker,No,Yes,United States,Ohio,,
CUST-443654,Caleb Y. McCoy,Other,43,50,Automotive engineer,No,Yes,United States,Ohio,,
CUST-706022,Owen R. Young,Other,34,43,Neurosurgeon,No,Yes,United States,Ohio,,
CUST-695835,Jackson Z. McKinney,Other,29,40,Estate agent,No,Yes,United States,Ohio,,
CUST-438067,David L. Gordon,Other,56,67,Visual merchandiser,No,Yes,United States,Ohio,,
CUST-309241,Hunter S. Cunningham,Other,31,38,Printmaker,No,Yes,United States,Ohio,,
CUST-325074,Gabriel S. Bryant,Other,52,73,Environmental consultant,No,Yes,United States,Ohio,,
CUST-326761,Joseph K. Kennedy,Other,58,70,Commercial art gallery manager,No,Yes,United States,Ohio,,
CUST-823561,Theodore G. Mendoza,Other,45,55,Lawyer,No,Yes,United States,Ohio,,
CUST-161020,Isaac G. Barker,Other,42,51,Sales executive,No,Yes,United States,Ohio,,
CUST-949069,Benjamin P. Ruiz,Other,31,42,"Chemist, analytical",No,Yes,United States,Ohio,,
CUST-228934,Daniel P. Waters,Other,23,40,Race relations officer,No,Yes,United States,Ohio,,
CUST-336343,Wyatt V. Jensen,Other,18,23,"Surveyor, planning and development",No,Yes,United States,Ohio,,
CUST-183644,Wyatt G. Pope,Other,44,62,Forensic scientist,No,Yes,United States,Ohio,,
CUST-723123,Joshua L. Page,Other,41,60,Manufacturing engineer,No,Yes,United States,Ohio,,
CUST-895815,William Z. Turner,Other,58,80,Customer service manager,No,Yes,United States,Ohio,,
CUST-763986,Jackson W. Obrien,Other,41,58,"Biochemist, clinical",No,Yes,United States,Ohio,,
CUST-764556,Theodore D. Robbins,Other,60,76,Armed forces operational officer,No,Yes,United States,Ohio,,
CUST-570004,Madison Q. Page,Other,55,59,Production engineer,No,Yes,United States,Ohio,,
CUST-668099,Nicholas R. Newton,Other,41,50,Records manager,No,Yes,United States,Ohio,,
CUST-197235,Claire Q. Cox,Other,47,58,Arts administrator,No,Yes,United States,Ohio,,
CUST-686171,Henry B. Bryant,Other,35,48,Animal technologist,No,Yes,United States,Ohio,,
CUST-859487,Anthony O. Cannon,Other,36,49,Higher education careers adviser,No,Yes,United States,Ohio,,
CUST-188741,Andrew B. Estrada,Other,46,65,Furniture designer,No,Yes,United States,Ohio,,
CUST-331649,Henry P. Mitchell,Other,20,27,"Administrator, Civil Service",No,Yes,United States,Ohio,,
CUST-967441,Charles Y. Kennedy,Other,21,45,English as a second language teacher,No,Yes,United States,Ohio,,
CUST-403372,James L. Harvey,Other,46,66,"Therapist, sports",No,Yes,United States,Ohio,,
CUST-201030,Adam L. King,Other,59,71,Company secretary,No,Yes,United States,Ohio,,
CUST-277350,James I. Hampton,Other,22,44,Consulting civil engineer,No,Yes,United States,Ohio,,
CUST-348193,Adam T. Guerrero,Other,53,62,Farm manager,No,Yes,United States,Ohio,,
CUST-739849,Isaac A. King,Other,55,58,Metallurgist,No,Yes,United States,Ohio,,
CUST-119255,Theodore A. Osborne,Other,18,29,"Geneticist, molecular",No,Yes,United States,Ohio,,
CUST-936370,Andrew C. Austin,Other,28,50,Osteopath,No,Yes,United States,Ohio,,
CUST-603598,Thomas S. Floyd,Other,32,41,Information officer,No,Yes,United States,Ohio,,
CUST-792864,Theodore T. Stevens,Other,27,45,Psychiatric nurse,No,Yes,United States,Ohio,,
CUST-947855,Nicholas G. Wagner,Other,37,48,Market researcher,No,Yes,United States,Ohio,,
CUST-867070,Jack W. White,Other,29,35,Occupational psychologist,No,Yes,United States,Ohio,,
CUST-432146,Lucas K. Miller,Other,58,64,Learning mentor,No,Yes,United States,Ohio,,
CUST-111381,Owen P. Gonzales,Other,25,43,Actor,No,Yes,United States,Ohio,,
CUST-943508,Audrey F. Green,Other,27,42,Chief Operating Officer,No,Yes,United States,Ohio,,
CUST-673560,Oliver N. Bell,Other,55,63,Control and instrumentation engineer,No,Yes,United States,Ohio,,
CUST-278293,Daniel M. Williamson,Other,31,33,Child psychotherapist,No,Yes,United States,Ohio,,
CUST-388903,Anthony Y. Perry,Other,46,70,Agricultural engineer,No,Yes,United States,Ohio,,
CUST-606471,Oliver E. Bradley,Other,27,34,Tax adviser,No,Yes,United States,Ohio,,
CUST-693723,Aaron Y. Fitzgerald,Other,46,66,Adult nurse,No,Yes,United States,Ohio,,
CUST-109836,William J. Strickland,Other,60,77,Legal executive,No,Yes,United States,Ohio,,
CUST-363362,Nicholas Z. Sherman,Other,33,44,"Conservator, museum/gallery",No,Yes,United States,Ohio,,
CUST-337158,Benjamin G. Beck,Other,40,48,Insurance claims handler,No,Yes,United States,Ohio,,
CUST-121513,Joseph B. Fernandez,Other,37,59,Translator,No,Yes,United States,Ohio,,
CUST-236862,Hunter Q. Hansen,Other,29,30,Corporate investment banker,No,Yes,United States,Ohio,,
CUST-329237,Owen N. Powers,Other,56,63,Geochemist,No,Yes,United States,Ohio,,
CUST-321024,Caleb E. Ward,Other,18,42,"Surveyor, planning and development",No,Yes,United States,Ohio,,
CUST-343123,Joseph H. Washington,Other,52,70,Armed forces operational officer,No,Yes,United States,Ohio,,
CUST-737711,James B. Estrada,Other,20,39,Newspaper journalist,No,Yes,United States,Ohio,,
CUST-519849,Jackson X. Sullivan,Other,25,49,Neurosurgeon,No,Yes,United States,Ohio,,
CUST-654023,Charles L. Baker,Other,48,58,"Engineer, land",No,Yes,United States,Ohio,,
CUST-629422,Caleb A. Morris,Other,56,81,Armed forces logistics/support/administrative officer,No,Yes,United States,Ohio,,
CUST-126235,Christopher C. Sutton,Other,55,70,Consulting civil engineer,No,Yes,United States,Ohio,,
CUST-706596,Dylan Z. Payne,Other,42,61,"Surveyor, quantity",No,Yes,United States,Ohio,,
CUST-153946,Caleb J. Castro,Other,34,40,Agricultural engineer,No,Yes,United States,Ohio,,
CUST-822587,Owen T. Douglas,Other,27,42,"Surveyor, insurance",No,Yes,United States,Ohio,,
CUST-386241,Adam V. Moss,Other,36,46,"Teacher, secondary school",No,Yes,United States,Ohio,,
CUST-298992,William Q. Carpenter,Other,50,74,"Designer, television/film set",No,Yes,United States,Ohio,,
CUST-804513,David C. Jacobs,Other,50,54,Minerals surveyor,No,Yes,United States,Ohio,,
CUST-471838,Matthew Z. Moss,Other,33,46,Chartered accountant,No,Yes,United States,Ohio,,
CUST-734090,Nathan N. Freeman,Other,21,39,Ecologist,No,Yes,United States,Ohio,,
CUST-463523,William X. Jensen,Other,33,55,Geochemist,No,Yes,United States,Ohio,,
CUST-777386,Gabriel F. Cross,Other,39,49,Hydrologist,No,Yes,United States,Ohio,,
CUST-254555,Jack U. Walsh,Other,57,73,Wellsite geologist,No,Yes,United States,Ohio,,
CUST-580537,Joshua I. Hayes,Other,52,63,"Surveyor, building",No,Yes,United States,Ohio,,
CUST-150561,Nicholas A. Lawrence,Other,32,50,"Engineer, maintenance (IT)",No,Yes,United States,Ohio,,
CUST-280695,Jack W. Hodges,Other,46,71,Tour manager,No,Yes,United States,Ohio,,
CUST-146132,William S. Carter,Other,28,45,Drilling engineer,No,Yes,United States,Ohio,,
CUST-416296,Hunter Y. Newton,Other,55,79,Records manager,No,Yes,United States,Georgia,,
CUST-359390,Owen J. Ellis,Other,47,51,Herbalist,No,Yes,United States,Georgia,,
CUST-353100,Christopher P. Austin,Other,37,58,"Teacher, early years/pre",No,Yes,United States,Georgia,,
CUST-669098,Joseph V. Carlson,Other,35,48,"Engineer, materials",No,No,United States,Georgia,,
CUST-594139,Sebastian I. Fletcher,Other,39,44,"Administrator, arts",No,Yes,United States,Georgia,,
CUST-745646,Cameron X. Rose,Other,53,61,Comptroller,No,No,United States,Georgia,,
CUST-697325,Lucas L. Bishop,Other,30,48,"Surveyor, hydrographic",No,No,United States,Georgia,,
CUST-244037,Benjamin V. Collins,Other,31,40,"Teacher, early years/pre",No,Yes,United States,Georgia,,
CUST-744948,Dylan A. Oliver,Other,21,36,Legal secretary,No,Yes,United States,Georgia,,
CUST-690823,Nathan J. Page,Other,57,64,Catering manager,No,No,United States,Georgia,,
CUST-535454,Theodore K. Newman,Other,35,46,Camera operator,No,Yes,United States,Georgia,,
CUST-323343,Owen M. Santiago,Other,43,45,"Engineer, drilling",No,No,United States,Georgia,,
CUST-633583,Aaron I. Schultz,Other,52,67,Bookseller,No,Yes,United States,Georgia,,
CUST-158647,Charles I. Hicks,Other,56,76,Ambulance person,No,No,United States,Georgia,,
CUST-606878,Isaac W. Stewart,Other,23,36,Theatre stage manager,No,No,United States,Georgia,,
CUST-667588,Theodore O. Hunter,Other,25,34,Scientific laboratory technician,No,No,United States,Georgia,,
CUST-445638,Alexander B. Dawson,Other,27,30,Actor,No,No,United States,Georgia,,
CUST-721516,Henry F. Stephens,Other,51,70,Airline pilot,No,No,United States,Georgia,,
CUST-107865,Isaac G. Hayes,Other,30,33,"Designer, fashion/clothing",No,Yes,United States,Georgia,,
CUST-324891,Benjamin I. Owens,Other,21,27,"Education officer, community",No,No,United States,Georgia,,
CUST-959837,Dylan B. Harrison,Other,55,68,Set designer,No,Yes,United States,Georgia,,
CUST-615225,Henry P. Jimenez,Other,35,46,"Radiographer, diagnostic",No,Yes,United States,Georgia,,
CUST-603030,Alexander P. Cooper,Other,40,56,Planning and development surveyor,No,No,United States,Georgia,,
CUST-890221,Anthony Z. Burke,Other,42,52,Immunologist,No,No,United States,Georgia,,
CUST-735398,Hunter I. Tucker,Other,28,39,Health and safety inspector,No,Yes,United States,Georgia,,
CUST-786696,Nathan O. Frazier,Other,33,52,Sub,No,No,United States,Georgia,,
CUST-211553,Nathan G. Sharp,Other,22,26,Exercise physiologist,No,Yes,United States,Georgia,,
CUST-438999,Anthony P. King,Other,42,66,Dramatherapist,No,Yes,United States,Georgia,,
CUST-299472,Emma X. Williamson,Other,57,77,Adult guidance worker,No,No,United States,Georgia,,
CUST-854571,Cameron G. Nunez,Other,32,51,Volunteer coordinator,No,No,United States,Georgia,,
CUST-645976,Matthew C. Rose,Other,35,43,"Editor, commissioning",No,No,United States,Georgia,,
CUST-923285,Nicholas J. Lewis,Other,58,72,Environmental education officer,No,No,United States,Georgia,,
CUST-949340,Matthew V. Mendoza,Other,50,72,Drilling engineer,No,No,United States,Georgia,,
CUST-832830,James L. Baker,Other,37,56,"Designer, industrial/product",No,No,United States,Georgia,,
CUST-678593,Hunter T. Bell,Other,50,52,Public house manager,No,Yes,United States,Georgia,,
CUST-801501,Gabriel B. Brewer,Other,57,67,"Designer, textile",No,Yes,United States,Georgia,,
CUST-484900,Owen M. Parks,Other,54,75,Communications engineer,No,Yes,United States,Georgia,,
CUST-913102,Carter J. Medina,Other,57,64,Airline pilot,No,No,United States,Georgia,,
CUST-948225,Adam W. Lambert,Other,60,70,Heritage manager,No,No,United States,Georgia,,
CUST-187889,Hunter A. Salazar,Other,34,36,"Restaurant manager, fast food",No,Yes,United States,Georgia,,
CUST-426014,Henry P. Griffin,Other,53,58,Animator,No,No,United States,Georgia,,
CUST-937132,Sebastian Q. Horton,Other,22,37,Tourism officer,No,No,United States,Georgia,,
CUST-580179,William K. Mendez,Other,54,77,Purchasing manager,No,Yes,United States,Georgia,,
CUST-623426,Carter P. Stevenson,Other,24,40,Estate manager/land agent,No,Yes,United States,Georgia,,
CUST-577773,Hunter X. Richardson,Other,20,25,Horticultural consultant,No,Yes,United States,Georgia,,
CUST-606445,Aaron Z. Romero,Other,31,32,Advertising account executive,No,No,United States,Georgia,,
CUST-945819,Aaron Z. Harvey,Other,35,42,Analytical chemist,No,No,United States,Georgia,,
CUST-510833,Henry U. Davidson,Other,21,26,Games developer,No,No,United States,Georgia,,
CUST-401778,Jackson X. Thomas,Other,19,44,Retail merchandiser,No,No,United States,Georgia,,
CUST-778970,Nicholas U. Holmes,Other,59,64,Video editor,No,Yes,United States,Georgia,,
CUST-883712,Dylan V. Sharp,Other,55,80,Pharmacologist,No,No,United States,Georgia,,
CUST-828048,Joshua K. Bell,Other,23,32,"Radiographer, therapeutic",No,Yes,United States,Georgia,,
CUST-326053,Oliver I. Spencer,Other,59,84,Telecommunications researcher,No,Yes,United States,Georgia,,
CUST-467482,Thomas J. Gross,Other,43,54,Seismic interpreter,No,Yes,United States,Georgia,,
CUST-798559,Dylan T. Black,Other,18,33,Acupuncturist,No,Yes,United States,Georgia,,
CUST-968205,Sebastian E. Thornton,Other,38,49,"Engineer, biomedical",No,Yes,United States,Georgia,,
CUST-344595,Joshua R. Douglas,Other,27,31,"Research officer, political party",No,Yes,United States,Georgia,,
CUST-961448,Matthew Z. Townsend,Other,39,44,"Doctor, hospital",No,No,United States,Georgia,,
CUST-533738,Gabriel U. Reed,Other,54,57,Accommodation manager,No,No,United States,Georgia,,
CUST-841715,David P. Rice,Other,32,45,Microbiologist,No,Yes,United States,Georgia,,
CUST-663452,Nicholas Q. Brown,Other,42,59,Operational investment banker,No,No,United States,Georgia,,
CUST-655720,Dylan Y. Jennings,Other,29,31,"Surveyor, land/geomatics",No,No,United States,Georgia,,
CUST-744416,Matthew L. Jordan,Other,44,63,Furniture conservator/restorer,No,Yes,United States,Georgia,,
CUST-262911,Hunter F. Dennis,Other,58,65,"Education officer, museum",No,Yes,United States,Georgia,,
CUST-361827,Lucas O. Walters,Other,49,52,Film/video editor,No,Yes,United States,Georgia,,
CUST-409415,James O. Morgan,Other,56,81,Recycling officer,No,No,United States,Georgia,,
CUST-574597,Charles T. Floyd,Other,35,47,"Journalist, newspaper",No,Yes,United States,Georgia,,
CUST-424190,Zachary E. Salazar,Other,47,57,Trading standards officer,No,Yes,United States,Georgia,,
CUST-741055,Alexander R. Farmer,Other,56,60,"Civil engineer, consulting",No,Yes,United States,Georgia,,
CUST-666951,Theodore R. Lane,Other,60,61,"Engineer, building services",No,Yes,United States,Georgia,,
CUST-211113,Thomas O. Malone,Other,28,31,IT trainer,No,Yes,United States,Georgia,,
CUST-260592,David M. Weber,Other,46,57,"Accountant, chartered",No,No,United States,Georgia,,
CUST-596191,Caleb G. Jones,Other,31,45,Psychiatric nurse,No,No,United States,Georgia,,
CUST-172574,Christopher G. Moss,Other,32,57,"Scientist, water quality",No,Yes,United States,Georgia,,
CUST-456791,Austin H. Bradley,Other,52,63,Psychotherapist,No,Yes,United States,Georgia,,
CUST-422007,Adam X. Kelley,Other,20,28,Insurance claims handler,No,No,United States,Georgia,,
CUST-333426,Adam B. Hanson,Other,59,66,"Scientist, marine",No,Yes,United States,Georgia,,
CUST-340393,Gabriel C. Fletcher,Other,45,67,"Surveyor, quantity",No,No,United States,Georgia,,
CUST-934117,Christopher A. King,Other,52,55,Rural practice surveyor,No,No,United States,Georgia,,
CUST-301746,Connor F. Russell,Other,59,60,Television camera operator,No,No,United States,Georgia,,
CUST-329605,Wyatt S. Mills,Other,45,51,"Accountant, chartered certified",No,Yes,United States,Georgia,,
CUST-692783,Wyatt T. Hill,Other,18,42,Pensions consultant,No,Yes,United States,Georgia,,
CUST-971669,Sebastian M. Watson,Other,26,51,Clinical molecular geneticist,No,No,United States,Georgia,,
CUST-179962,Nicholas Z. Floyd,Other,26,39,Occupational therapist,No,No,United States,Georgia,,
CUST-872059,Andrew I. Daniel,Other,50,66,"Education officer, community",No,Yes,United States,Georgia,,
CUST-165641,Joseph Z. Alvarado,Other,55,65,Television production assistant,No,Yes,United States,Georgia,,
CUST-600453,Carter R. Boyd,Other,43,52,Chartered certified accountant,No,No,United States,Georgia,,
CUST-621039,Joshua O. Neal,Other,18,30,Tree surgeon,No,Yes,United States,Georgia,,
CUST-213732,Wyatt T. Norman,Other,27,40,Commercial horticulturist,No,No,United States,Georgia,,
CUST-797597,Dylan R. Ball,Other,48,55,Nature conservation officer,No,No,United States,Georgia,,
CUST-146007,Alexander X. Webb,Other,20,43,Museum education officer,No,No,United States,Georgia,,
CUST-142383,James D. Little,Other,32,50,Video editor,No,No,United States,Georgia,,
CUST-623330,Oliver W. Williamson,Other,55,68,Radio producer,No,Yes,United States,Georgia,,
CUST-284023,Aaron U. Stephens,Other,36,47,"Sales professional, IT",No,Yes,United States,Georgia,,
CUST-401127,Sebastian J. Stone,Other,34,51,Radio producer,No,Yes,United States,Georgia,,
CUST-703466,Oliver L. Jimenez,Other,48,73,Computer games developer,No,No,United States,Georgia,,
CUST-505595,Joshua K. Montgomery,Other,22,25,Clinical psychologist,No,Yes,United States,Georgia,,
CUST-302621,Benjamin S. Romero,Other,35,41,"Therapist, music",No,No,United States,Georgia,,
CUST-139679,Joseph C. Steele,Other,46,58,Armed forces technical officer,No,No,United States,Georgia,,
CUST-626415,James X. Watson,Other,23,35,Chiropractor,No,No,United States,Georgia,,
CUST-694542,Theodore Q. Woods,Other,41,65,Garment/textile technologist,No,No,United States,Georgia,,
CUST-847103,Caleb I. Carroll,Other,36,42,Associate Professor,No,Yes,United States,Georgia,,
CUST-369004,Joshua S. Bell,Other,32,33,Environmental education officer,No,Yes,United States,Georgia,,
CUST-765621,David K. McDonald,Other,54,62,Structural engineer,No,Yes,United States,Georgia,,
CUST-545710,Oliver X. James,Other,54,55,Airline pilot,No,Yes,United States,Georgia,,
CUST-572256,Luke X. Harmon,Other,32,56,"Psychologist, clinical",No,Yes,United States,Georgia,,
CUST-128242,Daniel H. Diaz,Other,51,56,Cabin crew,No,No,United States,Georgia,,
CUST-823784,Joseph V. Hudson,Other,36,42,IT sales professional,No,Yes,United States,Georgia,,
CUST-192968,Luke B. Erickson,Other,53,60,Community development worker,No,No,United States,Georgia,,
CUST-387773,Zachary W. Davidson,Other,25,33,"Therapist, occupational",No,No,United States,Georgia,,
CUST-648105,Andrew I. Lawson,Other,34,54,Teaching laboratory technician,No,No,United States,Georgia,,
CUST-839027,James X. Rhodes,Other,20,22,Housing manager/officer,No,Yes,United States,Georgia,,
CUST-229940,Charles W. Lindsey,Other,50,56,Insurance risk surveyor,No,No,United States,Georgia,,
CUST-353362,Anthony H. Lawrence,Other,36,61,Ergonomist,Yes,Yes,United States,Georgia,,
CUST-292795,Cameron Q. Morales,Other,34,50,"Surveyor, building",Yes,No,United States,Georgia,,
CUST-683792,Oliver K. Bell,Other,44,60,Building surveyor,Yes,No,United States,Georgia,,
CUST-375416,Charles S. Gardner,Other,30,49,Commercial art gallery manager,Yes,Yes,United States,Georgia,,
CUST-156261,Austin D. Santos,Other,34,52,Recycling officer,Yes,No,United States,Georgia,,
CUST-311907,Gabriel P. Robbins,Other,30,31,Contractor,Yes,Yes,United States,Georgia,,
CUST-533070,Jack Y. Cruz,Other,48,54,Learning disability nurse,Yes,No,United States,Georgia,,
CUST-427930,Jackson T. Rogers,Other,45,60,"Scientist, audiological",Yes,No,United States,Georgia,,
CUST-924418,Anthony T. Henderson,Other,44,57,Paediatric nurse,Yes,Yes,United States,Georgia,,
CUST-806059,Cameron A. Oliver,Other,24,30,"Accountant, chartered management",Yes,Yes,United States,Georgia,,
CUST-266645,Carter A. Stokes,Other,32,56,"Designer, graphic",Yes,No,United States,Georgia,,
CUST-159748,Thomas R. Mullins,Other,46,57,Audiological scientist,Yes,Yes,United States,Georgia,,
CUST-767537,Connor S. Bowen,Other,47,61,Communications engineer,Yes,Yes,United States,Georgia,,
CUST-812455,Zachary N. Ward,Other,44,64,Sports development officer,Yes,Yes,United States,Georgia,,
CUST-789338,Joshua Q. Lynch,Other,44,64,Health service manager,Yes,No,United States,Georgia,,
CUST-676569,Christopher H. Walters,Other,60,83,Editorial assistant,Yes,No,United States,Georgia,,
CUST-218732,Charlotte P. Moore,Other,23,46,"Psychotherapist, dance movement",Yes,Yes,United States,Georgia,,
CUST-296815,Charles Z. Dunn,Other,20,37,Make,Yes,Yes,United States,Georgia,,
CUST-723310,Theodore D. Nichols,Other,54,70,"Engineer, structural",Yes,No,United States,Georgia,,
CUST-549242,Daniel N. Matthews,Other,24,47,Herbalist,Yes,Yes,United States,Georgia,,
CUST-356107,Caleb R. Moore,Other,29,40,"Production assistant, television",Yes,Yes,United States,Georgia,,
CUST-493470,Sebastian A. Gardner,Other,40,47,Food technologist,Yes,No,United States,Georgia,,
CUST-168221,Carter T. Edwards,Other,18,36,"Librarian, academic",Yes,Yes,United States,Georgia,,
CUST-106513,Jack W. Hanson,Other,20,22,Immigration officer,Yes,No,United States,Georgia,,
CUST-312700,Jackson T. Padilla,Other,46,55,Government social research officer,Yes,No,United States,Georgia,,
CUST-528361,Christopher X. Stevens,Other,46,57,"Scientist, forensic",Yes,No,United States,Georgia,,
CUST-716237,Wyatt R. Strickland,Other,35,41,"Scientist, forensic",Yes,No,United States,Georgia,,
CUST-824485,Aaron E. Townsend,Other,31,53,Pensions consultant,Yes,No,United States,Georgia,,
CUST-858682,Austin K. Edwards,Other,23,38,Architectural technologist,Yes,No,United States,Georgia,,
CUST-930889,Luke P. Henry,Other,49,66,Air traffic controller,Yes,Yes,United States,Georgia,,
CUST-697934,Aaron R. Hines,Other,28,45,Sales promotion account executive,Yes,Yes,United States,Georgia,,
CUST-911541,Caleb G. Maldonado,Other,29,47,"Radiographer, therapeutic",Yes,Yes,United States,Georgia,,
CUST-925527,Charles Y. Rhodes,Other,18,31,Barrister,Yes,Yes,United States,Georgia,,
CUST-360882,David X. Guzman,Other,33,58,Corporate investment banker,Yes,Yes,United States,Georgia,,
CUST-948035,Andrew X. Hopkins,Other,18,22,"Lighting technician, broadcasting/film/video",Yes,Yes,United States,Georgia,,
CUST-700443,William M. Moss,Other,53,75,Technical brewer,Yes,No,United States,Georgia,,
CUST-583260,Henry S. Salazar,Other,53,57,Neurosurgeon,Yes,No,United States,Georgia,,
CUST-244271,Henry C. Hodges,Other,22,47,Toxicologist,Yes,No,United States,Georgia,,
CUST-564531,Joseph Q. Diaz,Other,25,34,"Surveyor, planning and development",Yes,No,United States,Georgia,,
CUST-987826,Joshua D. Hart,Other,50,71,Publishing rights manager,Yes,Yes,United States,Georgia,,
CUST-779667,William C. Stokes,Other,26,27,Counsellor,Yes,No,United States,Georgia,,
CUST-706501,Jackson B. Osborne,Other,47,70,Arts administrator,Yes,No,United States,Georgia,,
CUST-625537,Wyatt D. Pearson,Other,42,60,Sub,Yes,No,United States,Georgia,,
CUST-483622,Gabriel I. Carpenter,Other,44,63,Counsellor,Yes,Yes,United States,Georgia,,
CUST-806725,Nathan E. Hanson,Other,20,28,Theatre director,Yes,Yes,United States,Georgia,,
CUST-928037,Jackson W. Graham,Other,42,51,"Engineer, structural",Yes,No,United States,Georgia,,
CUST-943537,Henry W. Tate,Other,31,47,Midwife,Yes,Yes,United States,Georgia,,
CUST-346873,Christopher X. Ball,Other,39,45,"Designer, fashion/clothing",Yes,No,United States,Georgia,,
CUST-207417,Joshua R. Arnold,Other,31,36,Exercise physiologist,Yes,No,United States,Georgia,,
CUST-896066,David P. Stephens,Other,28,39,Water engineer,Yes,Yes,United States,Georgia,,
CUST-672317,Thomas V. Carr,Other,31,39,Speech and language therapist,Yes,Yes,United States,Georgia,,
CUST-353654,Nathan R. Richardson,Other,18,42,Quarry manager,Yes,No,United States,Georgia,,
CUST-955223,Isaac F. Butler,Other,25,33,Facilities manager,Yes,Yes,United States,Georgia,,
CUST-503648,Alexander U. Lawrence,Other,20,22,Emergency planning/management officer,Yes,No,United States,Georgia,,
CUST-149642,Nathan X. Hicks,Other,39,50,Hydrographic surveyor,Yes,No,United States,Georgia,,
CUST-393820,Owen W. Duncan,Other,54,55,Curator,Yes,Yes,United States,Georgia,,
CUST-390134,William B. Ingram,Other,52,64,Contracting civil engineer,Yes,No,United States,Georgia,,
CUST-957801,Dylan A. Cobb,Other,49,66,Arts development officer,Yes,No,United States,Georgia,,
CUST-519335,Thomas P. Willis,Other,44,56,Magazine features editor,Yes,No,United States,Georgia,,
CUST-985326,William I. Holland,Other,29,53,Magazine journalist,Yes,Yes,United States,Georgia,,
CUST-403577,Andrew A. Bates,Other,28,31,Quantity surveyor,Yes,Yes,United States,Georgia,,
CUST-214610,Nathan M. Silva,Other,25,42,Further education lecturer,Yes,Yes,United States,Georgia,,
CUST-137102,Lucas F. Becker,Other,31,44,Associate Professor,Yes,No,United States,Georgia,,
CUST-121882,Henry H. Austin,Other,35,37,Air cabin crew,Yes,No,United States,Georgia,,
CUST-300659,Gabriel C. Ortega,Other,43,62,Oncologist,Yes,No,United States,Georgia,,
CUST-804044,Oliver P. Hoffman,Other,51,73,Actuary,Yes,Yes,United States,Georgia,,
CUST-819012,Austin X. Murphy,Other,39,51,"Psychologist, clinical",Yes,Yes,United States,Georgia,,
CUST-248147,Nicholas W. Ruiz,Other,47,67,Psychiatric nurse,Yes,Yes,United States,Georgia,,
CUST-280577,Isabella H. Coleman,Other,28,43,"Research officer, political party",Yes,No,United States,Georgia,,
CUST-835705,Theodore G. Hammond,Other,23,31,Theatre stage manager,Yes,No,United States,Georgia,,
CUST-365128,Benjamin K. Perkins,Other,52,65,Oceanographer,Yes,Yes,United States,Georgia,,
CUST-479560,Daniel Y. Collins,Other,37,56,Air broker,Yes,No,United States,Georgia,,
CUST-606777,Theodore B. Robinson,Other,52,59,Broadcast journalist,Yes,Yes,United States,Georgia,,
CUST-766768,William P. Bradley,Other,44,58,"Engineer, automotive",Yes,No,United States,Georgia,,
CUST-140174,Jackson T. Hicks,Other,26,39,"Nurse, adult",Yes,Yes,United States,Georgia,,
CUST-472528,Nathan S. Love,Other,40,47,Educational psychologist,Yes,No,United States,Georgia,,
CUST-881484,Caleb T. Long,Other,24,28,"Engineer, maintenance (IT)",Yes,No,United States,Georgia,,
CUST-180377,Benjamin Q. Hicks,Other,32,46,"Accountant, chartered",Yes,No,United States,Georgia,,
CUST-342883,Lucas J. Stewart,Other,24,37,"Embryologist, clinical",Yes,Yes,United States,Georgia,,
CUST-152955,Andrew S. Reese,Other,42,43,"Engineer, broadcasting (operations)",Yes,No,United States,Georgia,,
CUST-170430,Oliver J. Morris,Other,36,47,Health visitor,Yes,Yes,United States,Georgia,,
CUST-546149,Dylan G. Peterson,Other,46,48,Optometrist,Yes,No,United States,Georgia,,
CUST-256315,Matthew E. Freeman,Other,57,63,Interior and spatial designer,Yes,Yes,United States,Georgia,,
CUST-946100,Isaac M. Stevenson,Other,26,42,Multimedia programmer,Yes,Yes,United States,Georgia,,
CUST-895783,Christopher E. Osborne,Other,31,33,"Surveyor, planning and development",Yes,No,United States,Georgia,,
CUST-135357,David P. Mitchell,Other,35,54,Counselling psychologist,Yes,Yes,United States,Georgia,,
CUST-206370,Lucas J. Wilson,Other,59,62,"Research officer, trade union",Yes,Yes,United States,Georgia,,
CUST-755547,Henry C. Snyder,Other,50,65,Systems developer,Yes,Yes,United States,Georgia,,
CUST-867142,Adam O. Hampton,Other,55,67,"Engineer, electrical",Yes,No,United States,Georgia,,
CUST-704208,Theodore O. Hunt,Other,19,25,Child psychotherapist,Yes,Yes,United States,Georgia,,
CUST-344039,Oliver H. Cohen,Other,21,27,Technical sales engineer,Yes,Yes,United States,Georgia,,
CUST-652781,Nicholas C. Tate,Other,41,42,Accommodation manager,Yes,Yes,United States,Georgia,,
CUST-951228,Joseph A. Rhodes,Other,51,75,Outdoor activities/education manager,Yes,Yes,United States,Georgia,,
CUST-786938,Zachary W. James,Other,53,55,"Physicist, medical",Yes,Yes,United States,Georgia,,
CUST-844809,Jackson X. Porter,Other,48,61,Pensions consultant,Yes,Yes,United States,Georgia,,
CUST-236247,William I. Chambers,Other,20,31,Print production planner,Yes,No,United States,Georgia,,
CUST-568046,Connor I. Lowe,Other,48,57,Equities trader,Yes,No,United States,Georgia,,
CUST-811185,Connor P. Saunders,Other,19,28,"Horticulturist, commercial",No,Yes,United States,Arizona,,
CUST-760274,Jackson D. Lambert,Other,52,76,Games developer,No,Yes,United States,Arizona,,
CUST-118356,Nathan I. Ingram,Other,49,58,Associate Professor,No,Yes,United States,Arizona,,
CUST-975027,Owen G. Flowers,Other,47,59,Radiation protection practitioner,Yes,Yes,United States,Arizona,,
CUST-875360,Isaac B. Fitzgerald,Other,49,54,Arboriculturist,No,Yes,United States,Arizona,,
CUST-560662,Cameron Q. Beck,Other,26,45,"Engineer, building services",Yes,Yes,United States,Arizona,,
CUST-535066,Jackson G. Haynes,Other,51,55,Petroleum engineer,No,Yes,United States,Arizona,,
CUST-914390,Aaron T. Hubbard,Other,42,67,"Production assistant, television",Yes,Yes,United States,Arizona,,
CUST-520786,Zachary K. Walsh,Other,29,50,Financial trader,No,Yes,United States,Arizona,,
CUST-283567,Nathan B. Scott,Other,46,63,Manufacturing engineer,No,Yes,United States,Arizona,,
CUST-262462,Aaron G. Elliott,Other,18,26,Museum/gallery curator,Yes,Yes,United States,Arizona,,
CUST-739278,Aaron P. Bradley,Other,36,47,"Surveyor, quantity",Yes,Yes,United States,Arizona,,
CUST-824455,Matthew S. Fields,Other,31,40,Tax adviser,Yes,Yes,United States,Arizona,,
CUST-445841,Allison C. Daniel,Other,40,44,Copy,No,Yes,United States,Arizona,,
CUST-890800,Sebastian A. Gibbs,Other,31,50,Archivist,No,Yes,United States,Arizona,,
CUST-819553,Gabriel N. Mendoza,Other,26,34,Commissioning editor,No,Yes,United States,Arizona,,
CUST-912141,Cameron V. Blake,Other,57,80,Occupational psychologist,Yes,Yes,United States,Arizona,,
CUST-492482,Jackson D. Pearson,Other,42,61,Comptroller,Yes,Yes,United States,Arizona,,
CUST-530859,Cameron S. King,Other,45,63,Transport planner,No,Yes,United States,Arizona,,
CUST-191158,Dylan Y. Lynch,Other,22,24,"Surveyor, building",Yes,Yes,United States,Arizona,,
CUST-242009,Jackson L. Caldwell,Other,33,55,Film/video editor,No,Yes,United States,Arizona,,
CUST-901792,Matthew T. Larson,Other,42,51,Curator,Yes,Yes,United States,Arizona,,
CUST-584464,Sebastian F. Morrison,Other,36,49,"Designer, graphic",Yes,Yes,United States,Arizona,,
CUST-141008,Luke Z. Rose,Other,60,70,Environmental manager,No,Yes,United States,Arizona,,
CUST-725239,Benjamin K. Clark,Other,18,25,Professor Emeritus,No,Yes,United States,Arizona,,
CUST-361659,Cameron N. Wallace,Other,37,40,Product designer,No,Yes,United States,Arizona,,
CUST-355907,Theodore D. Carr,Other,49,65,Advertising account planner,Yes,Yes,United States,Arizona,,
CUST-480416,Isaac G. Perry,Other,37,49,"Investment banker, operational",Yes,Yes,United States,Arizona,,
CUST-664559,Matthew A. Howell,Other,34,40,"Therapist, speech and language",No,Yes,United States,Arizona,,
CUST-588240,Charles D. Spencer,Other,43,63,Quality manager,Yes,Yes,United States,Arizona,,
CUST-856004,Owen B. Russell,Other,43,66,Data scientist,Yes,Yes,United States,Arizona,,
CUST-815342,Gabriel Z. Murray,Other,43,64,Engineering geologist,No,Yes,United States,Arizona,,
CUST-495208,Lucas I. Garrett,Other,42,61,"Engineer, broadcasting (operations)",Yes,Yes,United States,Arizona,,
CUST-386951,Anthony S. Armstrong,Other,45,50,Television camera operator,Yes,Yes,United States,Arizona,,
CUST-219314,Thomas S. Bennett,Other,57,71,Animator,Yes,Yes,United States,Arizona,,
CUST-437606,Jackson Y. Garza,Other,27,42,Textile designer,No,Yes,United States,Arizona,,
CUST-955803,Joseph X. Murray,Other,41,57,Illustrator,No,Yes,United States,Arizona,,
CUST-372094,Nathan M. Porter,Other,26,50,Financial planner,No,Yes,United States,Arizona,,
CUST-324060,Christopher H. Goodman,Other,20,24,Armed forces training and education officer,No,Yes,United States,Arizona,,
CUST-275271,Joseph A. Patton,Other,41,64,Scientific laboratory technician,Yes,Yes,United States,Arizona,,
CUST-385501,Carter H. Vaughn,Other,19,33,Solicitor,No,Yes,United States,Arizona,,
CUST-196622,David E. Hale,Other,41,53,"Engineer, manufacturing systems",Yes,Yes,United States,Arizona,,
CUST-565968,Henry I. Powers,Other,39,42,Environmental education officer,Yes,Yes,United States,Arizona,,
CUST-550955,Jack F. Moody,Other,34,57,Cytogeneticist,Yes,Yes,United States,Arizona,,
CUST-254600,Connor P. Owens,Other,28,43,International aid/development worker,No,Yes,United States,Arizona,,
CUST-334640,Gabriel Q. Hines,Other,31,46,Analytical chemist,No,Yes,United States,Arizona,,
CUST-606513,Aaron I. Cummings,Other,51,52,"Accountant, chartered management",No,Yes,United States,Arizona,,
CUST-630340,Adam Q. Sullivan,Other,36,59,"Exhibitions officer, museum/gallery",No,Yes,United States,Arizona,,
CUST-811933,Sebastian L. Wolfe,Other,55,56,Environmental health practitioner,No,Yes,United States,Arizona,,
CUST-640058,Carter K. Davis,Other,54,57,Futures trader,Yes,Yes,United States,Arizona,,
CUST-566589,Hunter A. Daniel,Other,29,53,Dancer,No,Yes,United States,Arizona,,
CUST-911567,William M. Simmons,Other,25,31,Health promotion specialist,No,Yes,United States,Arizona,,
CUST-328212,William V. Rowe,Other,30,49,Chief of Staff,No,Yes,United States,Arizona,,
CUST-849277,Daniel L. Oliver,Other,57,67,"Teacher, primary school",No,Yes,United States,Arizona,,
CUST-911050,Joseph M. Tate,Other,56,75,Public house manager,Yes,Yes,United States,Arizona,,
CUST-128092,Thomas G. Hammond,Other,50,53,"Accountant, chartered public finance",Yes,Yes,United States,Arizona,,
CUST-391529,Andrew U. Robbins,Other,56,67,Secondary school teacher,No,Yes,United States,Arizona,,
CUST-662429,Jack T. Lynch,Other,23,37,Exercise physiologist,No,Yes,United States,Arizona,,
CUST-556047,Lucas E. Murray,Other,58,72,"Engineer, chemical",No,Yes,United States,Arizona,,
CUST-689179,Zachary W. Gross,Other,20,40,"Scientist, forensic",Yes,Yes,United States,Arizona,,
CUST-333158,Alexander W. Floyd,Other,42,43,Broadcast presenter,No,Yes,United States,Arizona,,
CUST-313869,Joshua T. Scott,Other,41,61,Data scientist,Yes,Yes,United States,Arizona,,
CUST-721972,Sebastian T. Lawrence,Other,56,81,Pharmacologist,No,Yes,United States,Arizona,,
CUST-620769,Joseph W. Peters,Other,47,60,"Designer, television/film set",Yes,Yes,United States,Arizona,,
CUST-943083,Zachary D. Moody,Other,53,70,"Presenter, broadcasting",Yes,Yes,United States,Arizona,,
CUST-662682,David F. Wheeler,Other,39,44,Chief Operating Officer,No,Yes,United States,Arizona,,
CUST-242167,Brooklyn A. Schneider,Other,31,49,"Engineer, site",No,Yes,United States,Arizona,,
CUST-494962,Isaac F. Ball,Other,56,74,Community pharmacist,Yes,Yes,United States,Arizona,,
CUST-440500,Aaron X. Saunders,Other,28,37,Outdoor activities/education manager,No,Yes,United States,Arizona,,
CUST-166072,Joseph E. Henry,Other,25,38,Haematologist,No,Yes,United States,Arizona,,
CUST-232506,Caleb G. Carr,Other,37,38,Pension scheme manager,Yes,Yes,United States,Arizona,,
CUST-529889,Christopher T. Rogers,Other,40,57,Race relations officer,Yes,Yes,United States,Arizona,,
CUST-865339,James S. Lindsey,Other,44,68,"Engineer, biomedical",No,Yes,United States,Arizona,,
CUST-786598,Alexander A. Marshall,Other,34,40,Futures trader,No,Yes,United States,Arizona,,
CUST-211307,Austin C. Garner,Other,59,70,"Research officer, trade union",No,Yes,United States,Arizona,,
CUST-474539,Owen I. Lambert,Other,26,51,"Editor, film/video",No,Yes,United States,Arizona,,
CUST-864338,Hunter W. Day,Other,43,46,Event organiser,Yes,Yes,United States,Arizona,,
CUST-368843,Benjamin L. Carter,Other,37,46,"Therapist, drama",Yes,Yes,United States,Arizona,,
CUST-521837,Connor K. McCoy,Other,34,57,Passenger transport manager,No,Yes,United States,Arizona,,
CUST-872860,Owen D. Baker,Other,20,35,"Production assistant, television",Yes,Yes,United States,Arizona,,
CUST-235873,Daniel W. Greer,Other,38,55,Database administrator,Yes,Yes,United States,Arizona,,
CUST-603830,James Z. Ramsey,Other,46,71,Musician,No,Yes,United States,Arizona,,
CUST-161068,Jackson V. Lawrence,Other,19,42,Administrator,No,Yes,United States,Arizona,,
CUST-905781,Wyatt C. Pierce,Other,56,60,Armed forces training and education officer,No,Yes,United States,Arizona,,
CUST-761568,Benjamin O. Howell,Other,42,57,"Engineer, manufacturing",No,Yes,United States,Arizona,,
CUST-602406,Matthew O. Chambers,Other,57,80,Dancer,Yes,Yes,United States,Arizona,,
CUST-459876,Adam L. Rivera,Other,20,39,Museum/gallery exhibitions officer,Yes,Yes,United States,Arizona,,
CUST-784414,Owen F. Long,Other,50,75,Leisure centre manager,No,Yes,United States,Arizona,,
CUST-766088,Daniel O. Parks,Other,46,61,Archaeologist,Yes,Yes,United States,Arizona,,
CUST-328287,William B. Warner,Other,19,43,Architectural technologist,No,Yes,United States,Arizona,,
CUST-657751,Alexander Q. Graves,Other,40,63,Editorial assistant,No,No,United States,Arizona,,
CUST-202838,Isaac N. Blair,Other,21,37,Careers information officer,Yes,No,United States,Arizona,,
CUST-633355,Jack O. Oliver,Other,50,59,Event organiser,Yes,No,United States,Arizona,,
CUST-216831,Hunter C. Maldonado,Other,24,43,"Social research officer, government",No,No,United States,Arizona,,
CUST-241528,Daniel S. Estrada,Other,39,62,Teaching laboratory technician,Yes,No,United States,Arizona,,
CUST-609265,Thomas I. Owens,Other,59,60,Energy engineer,Yes,No,United States,Arizona,,
CUST-297888,Dylan N. Sharp,Other,47,53,Water engineer,Yes,No,United States,Arizona,,
CUST-787761,Adam D. Diaz,Other,41,62,Corporate treasurer,Yes,No,United States,Arizona,,
CUST-851362,Nathan H. George,Other,20,34,Make,Yes,No,United States,Arizona,,
CUST-447327,Charles W. Watts,Other,53,75,Curator,No,No,United States,Arizona,,
CUST-164437,Lucas A. James,Other,35,49,Museum/gallery exhibitions officer,No,No,United States,Arizona,,
CUST-368866,Nicholas G. Mack,Other,41,65,"Physicist, medical",No,No,United States,Arizona,,
CUST-384024,Hunter V. Perry,Other,43,66,Event organiser,Yes,No,United States,Arizona,,
CUST-504855,Sebastian Q. Francis,Other,35,43,"Geologist, engineering",Yes,No,United States,Arizona,,
CUST-730093,Connor H. Mack,Other,40,54,Translator,Yes,No,United States,Arizona,,
CUST-140820,Jack S. Brooks,Other,21,32,"Editor, film/video",No,No,United States,Arizona,,
CUST-956084,Zachary N. Gonzales,Other,59,73,Consulting civil engineer,Yes,No,United States,Arizona,,
CUST-291650,Aaron Y. Bush,Other,22,23,Health promotion specialist,No,No,United States,Arizona,,
CUST-543542,Joshua K. Reynolds,Other,36,42,Police officer,Yes,No,United States,Arizona,,
CUST-917530,Hunter U. Guzman,Other,39,50,Make,Yes,No,United States,Arizona,,
CUST-600836,Joshua X. Snyder,Other,36,48,Cartographer,No,No,United States,Arizona,,
CUST-466282,James Y. Russell,Other,26,43,Scientific laboratory technician,No,No,United States,Arizona,,
CUST-551862,James F. Vega,Other,26,31,"Engineer, drilling",No,No,United States,Arizona,,
CUST-753761,Nathan U. Yates,Other,20,43,"Surveyor, minerals",Yes,No,United States,Arizona,,
CUST-713243,Zachary X. Santiago,Other,31,42,Solicitor,No,No,United States,Arizona,,
CUST-280474,Wyatt D. Valdez,Other,23,29,"Scientist, research (physical sciences)",No,No,United States,Arizona,,
CUST-773497,Nicholas M. Medina,Other,43,46,"Administrator, sports",No,No,United States,Arizona,,
CUST-721598,Thomas H. Quinn,Other,26,51,Financial controller,No,No,United States,Arizona,,
CUST-109411,Benjamin K. Scott,Other,36,60,Orthoptist,No,No,United States,Arizona,,
CUST-783387,Nicholas B. Swanson,Other,27,48,"Conservation officer, historic buildings",Yes,No,United States,Arizona,,
CUST-414372,Aaron R. Foster,Other,32,49,Museum/gallery conservator,Yes,No,United States,Arizona,,
CUST-875135,Owen Y. White,Other,38,55,Community education officer,Yes,No,United States,Arizona,,
CUST-518654,Benjamin Y. Day,Other,21,22,"Sales professional, IT",Yes,No,United States,Arizona,,
CUST-809916,Owen P. Craig,Other,51,53,Systems developer,No,No,United States,Arizona,,
CUST-138988,Anthony X. Padilla,Other,18,20,"Engineer, broadcasting (operations)",No,No,United States,Arizona,,
CUST-758849,Henry T. Evans,Other,38,62,Careers adviser,No,No,United States,Arizona,,
CUST-142285,Wyatt G. Lewis,Other,41,60,Retail merchandiser,No,No,United States,Arizona,,
CUST-523948,Connor O. Wade,Other,19,34,Facilities manager,Yes,No,United States,Arizona,,
CUST-280394,Alexander M. Ortega,Other,54,68,Hydrographic surveyor,No,No,United States,Arizona,,
CUST-647801,Theodore D. Hodges,Other,53,76,Merchant navy officer,No,No,United States,Arizona,,
CUST-114046,Oliver V. Patton,Other,18,26,"Engineer, materials",Yes,No,United States,Arizona,,
CUST-445962,Owen Q. McGee,Other,56,64,Youth worker,Yes,No,United States,Arizona,,
CUST-894409,Thomas G. Quinn,Other,59,60,Surgeon,Yes,No,United States,Arizona,,
CUST-299788,James U. Norris,Other,54,60,Personnel officer,No,No,United States,Arizona,,
CUST-771639,James X. Bailey,Other,33,41,Counsellor,Yes,No,United States,Arizona,,
CUST-785979,Benjamin Y. Douglas,Other,18,31,Professor Emeritus,No,No,United States,Arizona,,
CUST-966858,Dylan E. Butler,Other,42,51,"Social research officer, government",No,No,United States,Arizona,,
CUST-716928,David B. George,Other,32,39,Chartered public finance accountant,Yes,No,United States,Arizona,,
CUST-461231,Joshua O. Spencer,Other,33,50,Waste management officer,No,No,United States,Arizona,,
CUST-596353,James J. Montgomery,Other,46,55,Insurance account manager,No,No,United States,Arizona,,
CUST-535337,Christopher Y. Edwards,Other,41,50,"Pharmacist, community",No,No,United States,Arizona,,
CUST-431712,James C. Parks,Other,29,30,"Journalist, magazine",Yes,No,United States,Arizona,,
CUST-298543,Connor J. Powers,Other,42,65,"Physicist, medical",No,No,United States,Arizona,,
CUST-860979,Joshua C. Richards,Other,50,69,"Editor, magazine features",Yes,No,United States,Arizona,,
CUST-994537,Joshua P. Neal,Other,35,44,"Optician, dispensing",Yes,No,United States,Arizona,,
CUST-219282,Cameron M. Kelley,Other,60,68,"Pharmacist, hospital",Yes,No,United States,Arizona,,
CUST-564627,Wyatt E. Nunez,Other,29,52,"Designer, textile",Yes,No,United States,Arizona,,
CUST-422864,Dylan E. Holmes,Other,46,47,Economist,Yes,No,United States,Arizona,,
CUST-764509,Lucas J. Mendez,Other,57,72,Oceanographer,No,No,United States,Arizona,,
CUST-829849,Zachary G. Richardson,Other,45,49,Cartographer,No,No,United States,Arizona,,
CUST-452647,Anthony Q. Moreno,Other,34,53,Academic librarian,Yes,No,United States,Arizona,,
CUST-229045,Jack T. Porter,Other,36,53,Electrical engineer,No,No,United States,Arizona,,
CUST-196315,Isaac B. Thomas,Other,42,53,"Scientist, audiological",No,No,United States,Arizona,,
CUST-855349,Benjamin Z. Reyes,Other,49,55,Microbiologist,No,No,United States,Arizona,,
CUST-738690,Christopher L. Cruz,Other,42,59,Information systems manager,No,No,United States,Arizona,,
CUST-397878,Matthew Z. Flowers,Other,55,70,Trade union research officer,No,No,United States,Arizona,,
CUST-442495,Nora N. Herrera,Other,26,50,Exercise physiologist,No,No,United States,Arizona,,
CUST-710257,William L. Saunders,Other,48,54,Historic buildings inspector/conservation officer,Yes,No,United States,Arizona,,
CUST-224779,Daniel K. Gomez,Other,48,69,Forensic scientist,Yes,No,United States,Arizona,,
CUST-641381,Hunter X. Butler,Other,28,44,Games developer,Yes,No,United States,Arizona,,
CUST-597885,David U. Harvey,Other,35,37,Hydrogeologist,Yes,No,United States,Arizona,,
CUST-765448,Carter B. Martin,Other,27,49,Telecommunications researcher,Yes,No,United States,Arizona,,
CUST-914330,James J. Marshall,Other,25,46,Clinical embryologist,Yes,No,United States,Arizona,,
CUST-905655,David S. Howard,Other,31,37,"Teacher, adult education",Yes,No,United States,Arizona,,
CUST-818453,James G. Alvarez,Other,58,70,Intelligence analyst,Yes,No,United States,Arizona,,
CUST-577293,Austin Z. Johnston,Other,43,48,Advertising account executive,Yes,No,United States,Arizona,,
CUST-607824,David B. Coleman,Other,51,72,Estate manager/land agent,Yes,No,United States,Arizona,,
CUST-700878,Jackson T. Jones,Other,42,60,Freight forwarder,Yes,No,United States,Arizona,,
CUST-104428,Anthony W. Wilson,Other,39,60,Chiropodist,Yes,No,United States,Arizona,,
CUST-590733,Daniel U. Murray,Other,33,43,Barrister's clerk,No,No,United States,Arizona,,
CUST-430624,Theodore M. Carpenter,Other,54,66,Curator,Yes,No,United States,Arizona,,
CUST-718729,Jack L. Harmon,Other,36,46,Psychiatrist,Yes,No,United States,Arizona,,
CUST-428030,Nicholas L. Nelson,Other,54,76,"Engineer, aeronautical",Yes,No,United States,Arizona,,
CUST-160616,Isaac S. Mack,Other,41,61,Film/video editor,Yes,No,United States,Arizona,,
CUST-869300,Oliver O. Williamson,Other,36,42,Ship broker,Yes,No,United States,Arizona,,
CUST-776649,Jack Y. Webster,Other,27,50,"Engineer, technical sales",No,No,United States,Arizona,,
CUST-404398,Benjamin U. Hughes,Other,26,29,"Scientist, product/process development",No,No,United States,Arizona,,
CUST-229825,Anthony A. Garrett,Other,24,33,"Surveyor, building",Yes,No,United States,Arizona,,
CUST-691972,Dylan P. Pearson,Other,19,27,Theatre manager,Yes,No,United States,Arizona,,
CUST-874422,Daniel R. Mack,Other,40,50,"Engineer, technical sales",No,No,United States,Arizona,,
CUST-519672,Charles M. Duncan,Other,30,53,Housing manager/officer,Yes,No,United States,Arizona,,
CUST-419058,Zachary O. Greene,Other,24,33,"Scientist, product/process development",Yes,No,United States,Arizona,,
CUST-678939,Hunter E. Simpson,Other,42,57,Theatre manager,Yes,No,United States,Arizona,,
CUST-407229,Adam B. Webster,Other,30,35,Office manager,Yes,No,United States,Arizona,,
CUST-195196,Joshua T. Bishop,Other,31,48,Geophysicist/field seismologist,Yes,No,United States,Arizona,,
CUST-512113,Nathan G. Boyd,Other,56,73,"Administrator, local government",Yes,No,United States,Arizona,,
CUST-469572,Charles W. Cooper,Other,59,70,Artist,No,No,United States,Arizona,,
CUST-658134,James G. Hudson,Other,30,48,"Administrator, sports",No,No,United States,Arizona,,
CUST-634497,Luke J. Palmer,Other,39,50,Tour manager,No,No,United States,Arizona,,
CUST-849644,Joseph Y. Glover,Other,53,75,"Teacher, adult education",No,No,United States,Arizona,,
CUST-549567,Caleb Y. Tucker,Other,18,41,Diagnostic radiographer,No,No,United States,Arizona,,
CUST-209204,Sebastian R. Haynes,Other,59,70,Video editor,No,No,United States,Arizona,,
CUST-616276,Andrew W. Daniels,Other,30,51,"Engineer, communications",Yes,No,United States,Arizona,,
CUST-866146,Dylan V. Sandoval,Other,26,28,Surgeon,Yes,No,United States,Arizona,,
CUST-755689,Aaron X. Hopkins,Other,55,77,Air cabin crew,No,No,United States,Arizona,,
CUST-133703,Carter U. Guerrero,Other,57,59,"Designer, textile",Yes,No,United States,Arizona,,
CUST-973605,Connor V. Evans,Other,18,37,Geochemist,Yes,No,United States,Indiana,,
CUST-961278,Nathan C. Bradley,Other,43,51,"Engineer, broadcasting (operations)",Yes,No,United States,Indiana,,
CUST-462593,Alexander D. Greer,Other,54,67,Telecommunications researcher,Yes,No,United States,Indiana,,
CUST-313706,Audrey Y. Diaz,Other,59,76,Administrator,No,No,United States,Indiana,,
CUST-655373,Thomas X. Glover,Other,19,28,Radiation protection practitioner,No,No,United States,Indiana,,
CUST-741639,Joshua L. Cooper,Other,44,68,Hydrogeologist,Yes,No,United States,Indiana,,
CUST-685356,Isaac S. Riley,Other,36,56,Higher education careers adviser,Yes,No,United States,Indiana,,
CUST-345883,Anthony J. Ingram,Other,37,52,"Engineer, petroleum",Yes,No,United States,Indiana,,
CUST-548083,Connor Z. Brown,Other,30,52,Art gallery manager,Yes,No,United States,Indiana,,
CUST-844492,Charles X. Powell,Other,42,60,Arts development officer,No,No,United States,Indiana,,
CUST-340764,Oliver N. Berry,Other,32,52,Medical technical officer,No,No,United States,Indiana,,
CUST-202983,Joshua H. Strickland,Other,24,34,Research scientist (life sciences),Yes,No,United States,Indiana,,
CUST-605655,Charles C. Olson,Other,18,39,Health and safety inspector,No,No,United States,Indiana,,
CUST-443338,Nicholas U. Welch,Other,18,33,Firefighter,No,No,United States,Indiana,,
CUST-936570,David U. Lawrence,Other,54,67,Tourism officer,No,No,United States,Indiana,,
CUST-145864,Wyatt T. Aguilar,Other,18,22,"Nurse, adult",No,No,United States,Indiana,,
CUST-821266,Hunter C. Rice,Other,59,83,"Administrator, education",Yes,No,United States,Indiana,,
CUST-842327,William L. Morrison,Other,51,71,"Engineer, energy",Yes,No,United States,Indiana,,
CUST-924011,Jackson W. Leonard,Other,43,44,Primary school teacher,Yes,No,United States,Indiana,,
CUST-146555,Carter J. Sanders,Other,46,58,Customer service manager,Yes,No,United States,Indiana,,
CUST-327608,Matthew S. Reed,Other,20,34,Building services engineer,No,No,United States,Indiana,,
CUST-159452,Connor S. Aguilar,Other,20,40,"Designer, exhibition/display",Yes,No,United States,Indiana,,
CUST-240375,Joshua Y. Hamilton,Other,45,63,Broadcast engineer,Yes,No,United States,Indiana,,
CUST-414395,Benjamin V. Terry,Other,53,75,"Social research officer, government",Yes,No,United States,Indiana,,
CUST-131227,David P. Fisher,Other,43,51,"Therapist, occupational",Yes,No,United States,Indiana,,
CUST-989425,Daniel F. Scott,Other,56,65,Energy engineer,Yes,No,United States,Indiana,,
CUST-770085,Joseph O. Dean,Other,60,76,Forensic scientist,No,No,United States,Indiana,,
CUST-665852,Charles O. Becker,Other,41,55,"Education officer, community",Yes,No,United States,Indiana,,
CUST-737659,Jackson Z. Swanson,Other,19,25,"Lighting technician, broadcasting/film/video",No,No,United States,Indiana,,
CUST-954684,Christopher D. Schneider,Other,35,47,Telecommunications researcher,No,No,United States,Indiana,,
CUST-632948,Charles C. Page,Other,59,70,"Therapist, sports",No,No,United States,Indiana,,
CUST-818168,Christopher Z. Daniel,Other,47,65,"Accountant, chartered certified",No,No,United States,Indiana,,
CUST-305336,Jack B. Hart,Other,49,68,Geographical information systems officer,Yes,No,United States,Indiana,,
CUST-154096,James Z. Thompson,Other,34,40,Personnel officer,Yes,No,United States,Indiana,,
CUST-240885,Benjamin Y. Ward,Other,35,41,Community arts worker,Yes,No,United States,Indiana,,
CUST-941676,Benjamin K. Berry,Other,41,61,Community development worker,Yes,No,United States,Indiana,,
CUST-622067,Joshua P. Morris,Other,20,36,Plant breeder/geneticist,Yes,No,United States,Indiana,,
CUST-419098,Andrew F. Hunt,Other,37,50,"Nurse, children's",No,No,United States,Indiana,,
CUST-117948,Andrew C. Wagner,Other,40,43,Community arts worker,No,No,United States,Indiana,,
CUST-798754,Owen S. Hoffman,Other,50,57,Retail buyer,Yes,No,United States,Indiana,,
CUST-940758,Aaron L. Schmidt,Other,43,56,"Administrator, charities/voluntary organisations",Yes,No,United States,Indiana,,
CUST-775915,Jackson D. Black,Other,47,53,"Copywriter, advertising",No,No,United States,Indiana,,
CUST-877932,Charles C. Holt,Other,28,33,Petroleum engineer,No,No,United States,Indiana,,
CUST-732382,Austin K. Keller,Other,21,41,"Research officer, government",Yes,No,United States,Indiana,,
CUST-885615,David J. Greer,Other,23,34,Estate manager/land agent,Yes,No,United States,Indiana,,
CUST-161285,Theodore M. Cruz,Other,19,28,Television floor manager,Yes,No,United States,Indiana,,
CUST-600402,Joseph T. Miles,Other,19,40,Armed forces operational officer,No,No,United States,Indiana,,
CUST-638685,Nicholas K. Hanson,Other,20,28,Teaching laboratory technician,No,No,United States,Indiana,,
CUST-418595,Wyatt D. Alvarado,Other,19,27,Operations geologist,No,No,United States,Indiana,,
CUST-452128,Sebastian S. Lucas,Other,30,35,Clinical psychologist,No,No,United States,Indiana,,
CUST-512231,Carter F. Diaz,Other,54,68,Music therapist,Yes,No,United States,Indiana,,
CUST-154480,Nathan Q. Castillo,Other,23,40,Data scientist,No,No,United States,Indiana,,
CUST-730580,Oliver A. Mullins,Other,22,25,Land,Yes,No,United States,Indiana,,
CUST-336383,Jack G. Dunn,Other,50,62,Outdoor activities/education manager,Yes,No,United States,Indiana,,
CUST-468038,Christopher T. Guzman,Other,36,51,Control and instrumentation engineer,Yes,No,United States,Indiana,,
CUST-745642,Thomas X. Edwards,Other,28,40,"Engineer, biomedical",No,No,United States,Indiana,,
CUST-966998,Isaac E. Gardner,Other,54,76,Graphic designer,No,No,United States,Indiana,,
CUST-707521,Nicholas Q. Greer,Other,21,42,Chief Executive Officer,No,No,United States,Indiana,,
CUST-900685,Adam L. Lucas,Other,46,48,Estate manager/land agent,Yes,No,United States,Indiana,,
CUST-195363,Andrew I. Curry,Other,56,64,"Buyer, industrial",No,No,United States,Indiana,,
CUST-628244,Carter U. Brown,Other,18,34,Copy,Yes,No,United States,Indiana,,
CUST-929880,Nicholas G. Herrera,Other,46,56,Race relations officer,No,No,United States,Indiana,,
CUST-296405,Aaron P. Washington,Other,54,77,Barista,Yes,No,United States,Indiana,,
CUST-174761,Zachary C. Taylor,Other,23,33,"Engineer, aeronautical",Yes,No,United States,Indiana,,
CUST-656585,Christopher N. Hicks,Other,54,67,"Merchandiser, retail",Yes,No,United States,Indiana,,
CUST-654414,Aaron L. Barber,Other,35,41,Interpreter,No,No,United States,Indiana,,
CUST-255455,Daniel C. Rose,Other,19,37,Transport planner,No,No,United States,Indiana,,
CUST-920854,Caleb J. Schneider,Other,32,34,"Merchandiser, retail",Yes,No,United States,Indiana,,
CUST-989751,Matthew C. Jimenez,Other,59,67,Garment/textile technologist,No,No,United States,Indiana,,
CUST-450912,Gabriel L. Woods,Other,34,40,Chief Operating Officer,Yes,No,United States,Indiana,,
CUST-474462,Wyatt A. Myers,Other,54,71,"Designer, fashion/clothing",Yes,No,United States,Indiana,,
CUST-537629,Isaac K. Marshall,Other,47,71,Child psychotherapist,No,No,United States,Indiana,,
CUST-923692,Connor W. Strickland,Other,30,34,Water engineer,Yes,No,United States,Indiana,,
CUST-886430,Connor K. Sharp,Other,35,42,Prison officer,No,No,United States,Indiana,,
CUST-264749,James C. Strickland,Other,40,54,Advertising account executive,No,No,United States,Indiana,,
CUST-192836,Nicholas C. Wright,Other,32,38,Fitness centre manager,Yes,No,United States,Indiana,,
CUST-969127,Nathan H. Hicks,Other,20,29,Arts administrator,No,No,United States,Indiana,,
CUST-480946,Wyatt X. Hicks,Other,22,30,"Teacher, special educational needs",Yes,No,United States,Indiana,,
CUST-259202,Caleb R. Hansen,Other,56,81,Marine scientist,Yes,No,United States,Indiana,,
CUST-374914,Wyatt H. Vega,Other,18,21,Passenger transport manager,No,No,United States,Indiana,,
CUST-384678,Nicholas H. Gonzales,Other,47,60,"Buyer, retail",Yes,No,United States,Indiana,,
CUST-149286,Caleb G. Potter,Other,37,62,Dance movement psychotherapist,No,No,United States,Indiana,,
CUST-134782,Austin Z. Hughes,Other,19,35,Materials engineer,No,No,United States,Indiana,,
CUST-895873,Dylan D. Farmer,Other,25,46,Patent examiner,Yes,No,United States,Indiana,,
CUST-448973,Isaac S. Brewer,Other,60,82,Associate Professor,Yes,No,United States,Indiana,,
CUST-639678,Isaac N. Carter,Other,31,33,Human resources officer,Yes,No,United States,Indiana,,
CUST-248477,Cameron U. Bennett,Other,57,71,Herpetologist,Yes,No,United States,Indiana,,
CUST-741949,Nathan O. Richardson,Other,22,42,"Runner, broadcasting/film/video",Yes,No,United States,Indiana,,
CUST-926265,Jackson F. Benson,Other,60,62,Mudlogger,Yes,No,United States,Indiana,,
CUST-149430,William Z. Ramsey,Other,59,61,Field seismologist,Yes,No,United States,Indiana,,
CUST-703127,Isaac B. Pena,Other,42,67,"Engineer, communications",No,No,United States,Indiana,,
CUST-232358,Oliver S. Murray,Other,30,34,Hydrogeologist,No,Yes,United States,Indiana,,
CUST-291070,James Z. Haynes,Other,29,35,Broadcast presenter,Yes,Yes,United States,Indiana,,
CUST-752097,Zachary V. Scott,Other,31,39,Clinical embryologist,Yes,Yes,United States,Indiana,,
CUST-885415,Lucas O. Becker,Other,55,71,Call centre manager,Yes,Yes,United States,Indiana,,
CUST-468433,Connor I. Arnold,Other,21,35,"Administrator, Civil Service",No,Yes,United States,Indiana,,
CUST-982516,William N. Snyder,Other,21,32,Speech and language therapist,Yes,Yes,United States,Indiana,,
CUST-130003,Luke J. Valdez,Other,47,48,Television/film/video producer,No,Yes,United States,Indiana,,
CUST-979109,Nathan Z. Waters,Other,38,43,Retail buyer,Yes,Yes,United States,Indiana,,
CUST-505418,Benjamin L. Nunez,Other,52,63,Graphic designer,Yes,Yes,United States,Indiana,,
CUST-428348,Adam E. Walker,Other,19,28,Investment analyst,No,Yes,United States,Indiana,,
CUST-200097,Christopher R. Hodges,Other,47,68,Archaeologist,No,Yes,United States,Indiana,,
CUST-364220,Carter B. Simpson,Other,21,45,"Administrator, education",No,Yes,United States,Indiana,,
CUST-888139,Dylan Z. Smith,Other,41,43,"Conservator, museum/gallery",No,Yes,United States,Indiana,,
CUST-683036,Thomas U. Padilla,Other,40,54,Chartered public finance accountant,No,Yes,United States,Indiana,,
CUST-389487,Benjamin S. Cooper,Other,18,32,Estate agent,No,Yes,United States,Indiana,,
CUST-134069,Lucas G. Erickson,Other,27,37,"Programmer, systems",No,Yes,United States,Indiana,,
CUST-186317,Wyatt M. Chavez,Other,51,57,Financial trader,Yes,Yes,United States,Indiana,,
CUST-516454,Hunter K. Jacobs,Other,51,73,"Therapist, occupational",No,Yes,United States,Indiana,,
CUST-540288,Henry X. Coleman,Other,31,33,"Scientist, forensic",No,Yes,United States,Indiana,,
CUST-871311,Luke H. Richards,Other,38,50,English as a foreign language teacher,Yes,Yes,United States,Indiana,,
CUST-648694,Nathan K. Wade,Other,49,61,Management consultant,Yes,Yes,United States,Indiana,,
CUST-250282,Anthony B. Black,Other,57,77,Local government officer,Yes,Yes,United States,Indiana,,
CUST-849039,Jack S. Diaz,Other,18,33,"Loss adjuster, chartered",No,Yes,United States,Indiana,,
CUST-862012,Christopher D. Moss,Other,34,53,Pension scheme manager,Yes,Yes,United States,Indiana,,
CUST-989964,Gabriel L. Goodwin,Other,57,79,Printmaker,No,Yes,United States,Indiana,,
CUST-531063,Wyatt D. Walton,Other,38,47,Tourism officer,No,Yes,United States,Indiana,,
CUST-241567,Wyatt E. McCarthy,Other,29,49,Video editor,Yes,Yes,United States,Indiana,,
CUST-804428,Daniel R. Gomez,Other,19,43,Actor,No,Yes,United States,Indiana,,
CUST-622194,Anthony S. Berry,Other,59,82,"Engineer, broadcasting (operations)",Yes,Yes,United States,Indiana,,
CUST-316397,Zachary V. Armstrong,Other,38,63,Adult guidance worker,Yes,Yes,United States,Indiana,,
CUST-297833,Lucas H. Pearson,Other,44,46,"Engineer, aeronautical",Yes,Yes,United States,Indiana,,
CUST-603710,Adam A. Horton,Other,31,50,"Clinical scientist, histocompatibility and immunogenetics",No,Yes,United States,Indiana,,
CUST-235765,Gabriel O. Soto,Other,58,82,Geoscientist,No,Yes,United States,Indiana,,
CUST-643058,Henry P. Jennings,Other,27,39,"Engineer, maintenance (IT)",No,Yes,United States,Indiana,,
CUST-580829,Oliver X. Chapman,Other,52,63,Clinical molecular geneticist,No,Yes,United States,Indiana,,
CUST-261244,Sebastian T. Farmer,Other,33,39,Cabin crew,No,Yes,United States,Indiana,,
CUST-885843,Hunter Z. McCoy,Other,36,48,Electronics engineer,No,Yes,United States,Indiana,,
CUST-465192,Adam B. Jordan,Other,38,52,Paramedic,Yes,Yes,United States,Indiana,,
CUST-526896,Christopher B. Johnston,Other,28,34,Clinical molecular geneticist,No,Yes,United States,Indiana,,
CUST-653305,Wyatt W. Neal,Other,41,59,Medical secretary,Yes,Yes,United States,Indiana,,
CUST-418722,James H. Nelson,Other,37,52,"Surveyor, building control",Yes,Yes,United States,Indiana,,
CUST-555165,Nicholas R. Reed,Other,34,50,Product designer,Yes,Yes,United States,Indiana,,
CUST-225376,Gabriel W. Hale,Other,45,68,Industrial/product designer,No,Yes,United States,Indiana,,
CUST-194853,Benjamin I. Day,Other,30,37,Adult nurse,No,Yes,United States,Indiana,,
CUST-405153,Carter B. Hamilton,Other,41,63,"Teacher, English as a foreign language",No,Yes,United States,Indiana,,
CUST-344851,Christopher W. Schultz,Other,30,40,Clinical psychologist,Yes,Yes,United States,Indiana,,
CUST-461628,Christopher D. Pierce,Other,27,32,Radio producer,Yes,Yes,United States,Indiana,,
CUST-405774,Aaron G. Page,Other,34,46,Community education officer,No,Yes,United States,Indiana,,
CUST-812048,Benjamin T. Page,Other,31,42,Technical author,No,Yes,United States,Indiana,,
CUST-357783,Wyatt X. Becker,Other,53,65,"Engineer, land",Yes,Yes,United States,Indiana,,
CUST-610174,David X. Yates,Other,25,32,Youth worker,No,Yes,United States,Indiana,,
CUST-481662,Jack R. Craig,Other,43,60,Bonds trader,No,Yes,United States,Indiana,,
CUST-769715,Oliver F. Morrison,Other,43,63,Contractor,Yes,Yes,United States,Indiana,,
CUST-394138,Lucas K. Brooks,Other,32,33,Petroleum engineer,Yes,Yes,United States,Indiana,,
CUST-812707,Jack L. Craig,Other,29,49,"Psychotherapist, dance movement",Yes,Yes,United States,Indiana,,
CUST-993636,Daniel U. Wood,Other,28,46,Colour technologist,Yes,Yes,United States,Indiana,,
CUST-832327,James B. Bryant,Other,47,49,"Administrator, Civil Service",No,Yes,United States,Indiana,,
CUST-898102,Anthony I. McDaniel,Other,44,53,Aeronautical engineer,No,Yes,United States,Indiana,,
CUST-338876,Christopher R. Benson,Other,31,34,Data processing manager,No,Yes,United States,Indiana,,
CUST-418277,Oliver F. Adams,Other,60,62,Video editor,Yes,Yes,United States,Indiana,,
CUST-969746,Isaac A. Thomas,Other,39,44,Database administrator,Yes,Yes,United States,Indiana,,
CUST-424195,Owen E. Pena,Other,41,44,Theatre director,No,Yes,United States,Indiana,,
CUST-537050,Matthew P. Pena,Other,25,26,"Engineer, mining",No,Yes,United States,Indiana,,
CUST-344552,Thomas P. Rogers,Other,25,48,Lawyer,Yes,Yes,United States,Indiana,,
CUST-475721,William O. Sherman,Other,39,40,"Surveyor, planning and development",Yes,Yes,United States,Indiana,,
CUST-995836,Charles Z. Reynolds,Other,40,49,Community development worker,No,Yes,United States,Indiana,,
CUST-918831,Austin N. Kennedy,Other,57,76,Arts administrator,No,Yes,United States,Indiana,,
CUST-801650,Theodore H. Smith,Other,30,41,Hydrologist,No,Yes,United States,Indiana,,
CUST-920870,James R. James,Other,47,54,Chiropodist,Yes,Yes,United States,Indiana,,
CUST-671111,Andrew G. Burton,Other,48,57,Educational psychologist,No,Yes,United States,Indiana,,
CUST-488732,Nathan H. Alvarez,Other,49,59,Local government officer,No,Yes,United States,Indiana,,
CUST-677782,Hunter N. Goodman,Other,26,48,"Optician, dispensing",No,Yes,United States,Indiana,,
CUST-590444,Hunter D. Barber,Other,48,69,Database administrator,Yes,Yes,United States,Indiana,,
CUST-933678,Wyatt H. Andrews,Other,26,32,Chief Executive Officer,No,Yes,United States,Indiana,,
CUST-399205,Carter F. Olson,Other,55,63,Associate Professor,No,Yes,United States,Indiana,,
CUST-716357,Benjamin C. Pearson,Other,36,49,"Administrator, education",No,Yes,United States,Indiana,,
CUST-923180,Sebastian J. Maxwell,Other,27,46,"Designer, exhibition/display",No,Yes,United States,Indiana,,
CUST-451502,Andrew Q. Taylor,Other,60,75,Public relations account executive,No,Yes,United States,Indiana,,
CUST-254608,Cameron Y. Bush,Other,48,55,"Psychologist, prison and probation services",No,No,United States,Tennessee,,
CUST-756495,Joseph P. Coleman,Other,19,36,Clinical embryologist,No,Yes,United States,Tennessee,,
CUST-408849,Evelyn S. Norman,Other,51,54,Quality manager,No,No,United States,Tennessee,,
CUST-762000,Lucas A. Rivera,Other,24,43,Research scientist (life sciences),No,No,United States,Tennessee,,
CUST-282405,Stella D. Moody,Other,19,39,Commissioning editor,No,No,United States,Tennessee,,
CUST-806592,Sebastian R. Cook,Other,39,54,Art therapist,No,Yes,United States,Tennessee,,
CUST-302010,Gabriel N. Richards,Other,22,37,Charity fundraiser,No,No,United States,Tennessee,,
CUST-384972,Anthony O. Norris,Other,59,83,Proofreader,No,Yes,United States,Tennessee,,
CUST-699820,William H. Rice,Other,37,60,"Conservation officer, historic buildings",No,No,United States,Tennessee,,
CUST-895369,Hunter J. Craig,Other,51,74,Ceramics designer,No,Yes,United States,Tennessee,,
CUST-539050,Sebastian I. Murphy,Other,48,69,Forensic psychologist,No,No,United States,Tennessee,,
CUST-764534,Adam O. Wise,Other,32,38,Lexicographer,No,No,United States,Tennessee,,
CUST-212636,Joshua I. Lawrence,Other,26,44,Broadcast engineer,No,Yes,United States,Tennessee,,
CUST-339402,Owen W. Harper,Other,51,61,"Optician, dispensing",No,No,United States,Tennessee,,
CUST-505757,Isaac W. Yates,Other,38,60,Medical secretary,No,No,United States,Tennessee,,
CUST-931208,Oliver Y. Stone,Other,44,64,Podiatrist,No,Yes,United States,Tennessee,,
CUST-321293,Thomas U. Anderson,Other,48,51,Hydrogeologist,No,No,United States,Tennessee,,
CUST-254909,Gabriel H. Delgado,Other,41,58,Materials engineer,No,No,United States,Tennessee,,
CUST-577812,Theodore R. Byrd,Other,47,70,Politician's assistant,No,Yes,United States,Tennessee,,
CUST-944802,Sebastian W. Little,Other,35,59,Advice worker,No,Yes,United States,Tennessee,,
CUST-816242,Aaron M. Farmer,Other,28,38,Gaffer,No,No,United States,Tennessee,,
CUST-424385,Dylan C. Sanders,Other,48,70,Ergonomist,No,No,United States,Tennessee,,
CUST-603356,David L. Hodges,Other,36,37,Hydrogeologist,No,Yes,United States,Tennessee,,
CUST-344225,Leah X. Francis,Other,54,74,"Engineer, energy",No,No,United States,Tennessee,,
CUST-276530,Benjamin F. Holland,Other,18,42,Special effects artist,No,No,United States,Tennessee,,
CUST-644125,Cameron B. Fuller,Other,46,55,Speech and language therapist,No,No,United States,Tennessee,,
CUST-290971,Sebastian Z. Colon,Other,45,54,Product manager,No,No,United States,Tennessee,,
CUST-906099,Aaron D. Wood,Other,53,63,Medical laboratory scientific officer,No,Yes,United States,Tennessee,,
CUST-379140,Matthew O. Hart,Other,28,38,Chief Marketing Officer,No,No,United States,Tennessee,,
CUST-489897,Nicholas C. Rowe,Other,21,42,Quantity surveyor,No,No,United States,Tennessee,,
CUST-169407,Wyatt Z. Bennett,Other,55,71,"Civil engineer, consulting",No,No,United States,Tennessee,,
CUST-716052,Lucas L. Holland,Other,53,69,Seismic interpreter,No,No,United States,Tennessee,,
CUST-573555,Madison J. Parker,Other,47,72,"Education officer, environmental",No,Yes,United States,Tennessee,,
CUST-775125,Gabriel D. Hansen,Other,43,52,Dentist,No,Yes,United States,Tennessee,,
CUST-476482,Owen W. Clark,Other,54,78,Ship broker,No,Yes,United States,Tennessee,,
CUST-229747,Austin W. Gonzales,Other,37,43,IT trainer,No,Yes,United States,Tennessee,,
CUST-934633,Isaac B. Ellis,Other,39,40,"Surveyor, rural practice",No,No,United States,Tennessee,,
CUST-598778,Joshua C. Terry,Other,22,32,Systems developer,No,No,United States,Tennessee,,
CUST-161467,Hailey V. Leonard,Other,24,28,Fine artist,No,Yes,United States,Tennessee,,
CUST-461172,Oliver R. Hoffman,Other,23,41,Warehouse manager,No,No,United States,Tennessee,,
CUST-803191,Nathan F. Keller,Other,44,57,"Engineer, civil (consulting)",No,Yes,United States,Tennessee,,
CUST-609279,Dylan S. Gray,Other,44,52,Chiropractor,No,Yes,United States,Tennessee,,
CUST-290627,Theodore A. Armstrong,Other,52,77,Contracting civil engineer,No,No,United States,Tennessee,,
CUST-415219,James V. Davidson,Other,37,46,Futures trader,No,Yes,United States,Tennessee,,
CUST-471661,Austin K. Maxwell,Other,60,73,Ophthalmologist,No,Yes,United States,Tennessee,,
CUST-772846,Benjamin L. James,Other,26,28,Waste management officer,No,Yes,United States,Tennessee,,
CUST-520621,Cameron L. Dawson,Other,24,37,Ophthalmologist,No,No,United States,Tennessee,,
CUST-493259,Charles Z. Moody,Other,45,60,Analytical chemist,No,No,United States,Tennessee,,
CUST-230898,Andrew Y. Nelson,Other,53,56,Television/film/video producer,No,Yes,United States,Tennessee,,
CUST-718112,Dylan K. Parks,Other,23,26,Health and safety inspector,No,Yes,United States,Tennessee,,
CUST-161257,Thomas M. Dennis,Other,25,30,"Programme researcher, broadcasting/film/video",No,Yes,United States,Tennessee,,
CUST-232487,Gabriel M. Williamson,Other,23,25,Advertising copywriter,No,Yes,United States,Tennessee,,
CUST-186466,Luke R. Johnston,Other,57,81,Retail banker,No,No,United States,Tennessee,,
CUST-552000,Thomas O. Cox,Other,43,51,"Engineer, civil (consulting)",No,No,United States,Tennessee,,
CUST-339661,Gabriel I. Thornton,Other,40,49,"Engineer, aeronautical",No,Yes,United States,Tennessee,,
CUST-389835,Carter S. Carlson,Other,21,35,Haematologist,No,Yes,United States,Tennessee,,
CUST-704528,Henry B. Moore,Other,33,58,"Journalist, broadcasting",No,Yes,United States,Tennessee,,
CUST-211580,Gabriel K. Washington,Other,26,35,Psychiatric nurse,No,No,United States,Tennessee,,
CUST-735442,Joseph I. Reese,Other,46,62,Geoscientist,No,Yes,United States,Tennessee,,
CUST-208090,Wyatt Z. Young,Other,54,58,Neurosurgeon,No,Yes,United States,Tennessee,,
CUST-845840,Adam K. Norman,Other,54,63,Manufacturing engineer,No,Yes,United States,Tennessee,,
CUST-552254,David X. Mack,Other,20,25,"Engineer, chemical",No,Yes,United States,Tennessee,,
CUST-905879,Charles M. Palmer,Other,59,70,Advertising account planner,No,Yes,United States,Tennessee,,
CUST-460646,Aaron S. Chapman,Other,58,75,"Administrator, local government",No,No,United States,Tennessee,,
CUST-523322,Natalie B. Alexander,Other,34,40,Tour manager,No,No,United States,Tennessee,,
CUST-953846,Zachary C. Payne,Other,18,36,Insurance underwriter,No,Yes,United States,Tennessee,,
CUST-960411,Charles A. Guerrero,Other,26,46,Toxicologist,No,Yes,United States,Tennessee,,
CUST-822702,Alexander M. Miller,Other,43,51,Purchasing manager,No,No,United States,Tennessee,,
CUST-427053,Sebastian Z. Cooper,Other,49,73,Social researcher,No,No,United States,Tennessee,,
CUST-833778,James M. Barrett,Other,55,72,Event organiser,Yes,Yes,United States,Tennessee,,
CUST-233754,Joshua X. Tate,Other,36,46,"Accountant, chartered management",Yes,No,United States,Tennessee,,
CUST-556764,Adam U. Olson,Other,47,66,Local government officer,Yes,No,United States,Tennessee,,
CUST-409893,Andrew D. McCarthy,Other,22,33,Oceanographer,Yes,No,United States,Tennessee,,
CUST-196205,Lucas S. Collins,Other,39,59,Special effects artist,Yes,Yes,United States,Tennessee,,
CUST-299854,Cameron D. Manning,Other,51,54,Metallurgist,Yes,Yes,United States,Tennessee,,
CUST-809208,Oliver P. Reynolds,Other,48,50,Training and development officer,Yes,Yes,United States,Tennessee,,
CUST-388070,Luke J. Ball,Other,48,60,Structural engineer,Yes,Yes,United States,Tennessee,,
CUST-178298,James F. Davidson,Other,40,65,Comptroller,Yes,No,United States,Tennessee,,
CUST-734001,Wyatt M. Richardson,Other,34,51,Physiotherapist,Yes,Yes,United States,Tennessee,,
CUST-844207,Daniel Q. Alexander,Other,39,43,"Engineer, electronics",Yes,No,United States,Tennessee,,
CUST-492882,Benjamin C. Greene,Other,50,54,Hospital doctor,Yes,No,United States,Tennessee,,
CUST-358026,Carter G. Oliver,Other,38,48,Astronomer,Yes,No,United States,Tennessee,,
CUST-333629,William I. Gardner,Other,26,48,Geographical information systems officer,Yes,Yes,United States,Tennessee,,
CUST-786572,Adam K. Blake,Other,57,58,Lawyer,Yes,No,United States,Tennessee,,
CUST-434439,Theodore E. Cooper,Other,43,50,Merchant navy officer,Yes,No,United States,Tennessee,,
CUST-422920,Jack S. Wolfe,Other,33,45,Consulting civil engineer,Yes,No,United States,Tennessee,,
CUST-678134,Connor R. Weber,Other,40,44,Multimedia specialist,Yes,Yes,United States,Tennessee,,
CUST-751422,Caleb Z. Washington,Other,29,31,"Journalist, newspaper",Yes,Yes,United States,Tennessee,,
CUST-327575,Sebastian N. Swanson,Other,48,63,Lobbyist,Yes,No,United States,Tennessee,,
CUST-689137,Isaac Z. Black,Other,25,50,"Civil engineer, consulting",Yes,Yes,United States,Tennessee,,
CUST-605207,Alexander B. Farmer,Other,32,43,Licensed conveyancer,Yes,No,United States,Tennessee,,
CUST-967915,Charles O. Nichols,Other,57,79,Multimedia specialist,Yes,Yes,United States,Tennessee,,
CUST-970413,Thomas T. Dawson,Other,42,59,Financial controller,Yes,Yes,United States,Tennessee,,
CUST-359402,Sebastian B. Dean,Other,36,43,"Production designer, theatre/television/film",Yes,No,United States,Tennessee,,
CUST-500546,Nathan T. Allen,Other,28,40,"Teacher, primary school",Yes,Yes,United States,Tennessee,,
CUST-735162,Nicholas F. Ortega,Other,32,53,Retail merchandiser,Yes,Yes,United States,Tennessee,,
CUST-545326,Oliver T. Lucas,Other,44,69,"Psychologist, clinical",Yes,Yes,United States,Tennessee,,
CUST-292519,Oliver D. Becker,Other,55,74,"Engineer, drilling",Yes,Yes,United States,Tennessee,,
CUST-188990,Matthew J. Bennett,Other,21,27,"Engineer, maintenance",Yes,No,United States,Tennessee,,
CUST-564000,Isabella U. Fletcher,Other,55,65,Educational psychologist,Yes,Yes,United States,Tennessee,,
CUST-476171,Anthony H. Guerrero,Other,55,74,IT trainer,Yes,No,United States,Tennessee,,
CUST-148528,Hunter O. Benson,Other,28,37,Insurance underwriter,Yes,Yes,United States,Tennessee,,
CUST-472289,Alexander B. May,Other,24,25,Chemical engineer,Yes,Yes,United States,Tennessee,,
CUST-931707,Austin W. Sherman,Other,22,42,Broadcast engineer,Yes,No,United States,Tennessee,,
CUST-903698,Carter R. Newman,Other,26,51,Statistician,Yes,Yes,United States,Tennessee,,
CUST-864397,Hunter U. Morrison,Other,53,59,Medical illustrator,Yes,No,United States,Tennessee,,
CUST-888702,Thomas Z. Hines,Other,29,30,Licensed conveyancer,Yes,No,United States,Tennessee,,
CUST-105835,David A. Webb,Other,40,65,Logistics and distribution manager,Yes,Yes,United States,Tennessee,,
CUST-123991,Daniel M. Lyons,Other,38,58,"Engineer, structural",Yes,No,United States,Tennessee,,
CUST-155724,Luke H. Gray,Other,55,70,Systems developer,Yes,Yes,United States,Tennessee,,
CUST-158975,Carter O. Beck,Other,42,61,Special effects artist,Yes,No,United States,Tennessee,,
CUST-942192,Thomas P. Shelton,Other,52,77,Exhibition designer,Yes,No,United States,Tennessee,,
CUST-310337,Oliver R. Bates,Other,57,80,"Psychologist, prison and probation services",Yes,No,United States,Tennessee,,
CUST-415210,Lucas J. Powell,Other,20,22,Sport and exercise psychologist,Yes,Yes,United States,Tennessee,,
CUST-336671,Oliver L. Butler,Other,22,37,"Presenter, broadcasting",Yes,Yes,United States,Tennessee,,
CUST-579281,Lauren N. Johnston,Other,22,41,Illustrator,Yes,No,United States,Tennessee,,
CUST-993359,Anthony U. Ramos,Other,57,67,Accommodation manager,Yes,Yes,United States,Tennessee,,
CUST-421708,Elizabeth L. Shaw,Other,40,52,Set designer,Yes,Yes,United States,Tennessee,,
CUST-850064,Nathan W. Marshall,Other,51,69,"Pharmacist, hospital",Yes,No,United States,Tennessee,,
CUST-792954,Nathan Y. Simpson,Other,43,57,Call centre manager,Yes,No,United States,Tennessee,,
CUST-800693,Daniel L. Leonard,Other,37,54,"Pilot, airline",Yes,Yes,United States,Tennessee,,
CUST-467683,Lucas D. Carter,Other,33,38,Patent examiner,Yes,Yes,United States,Tennessee,,
CUST-698793,Charles M. Mack,Other,36,40,"Designer, graphic",Yes,Yes,United States,Tennessee,,
CUST-454141,Anthony Y. Watts,Other,41,47,Herbalist,Yes,No,United States,Tennessee,,
CUST-162445,James P. Jennings,Other,49,72,"Surveyor, planning and development",Yes,Yes,United States,Tennessee,,
CUST-324829,Matthew O. Pearson,Other,31,53,Fitness centre manager,Yes,No,United States,Tennessee,,
CUST-102502,Alexander G. Weber,Other,41,62,Local government officer,Yes,No,United States,Tennessee,,
CUST-195688,Andrew W. Wade,Other,58,74,Secretary/administrator,Yes,No,United States,Tennessee,,
CUST-677501,Hunter N. Ramos,Other,31,33,"Surveyor, land/geomatics",Yes,No,United States,Tennessee,,
CUST-670166,Thomas I. Brown,Other,18,20,"Radiographer, diagnostic",Yes,Yes,United States,Tennessee,,
CUST-620198,Carter V. Leonard,Other,33,41,"Therapist, horticultural",Yes,Yes,United States,Tennessee,,
CUST-406416,Connor R. Valdez,Other,51,56,Systems analyst,Yes,Yes,United States,Tennessee,,
CUST-657155,Austin N. Moore,Other,24,26,"Civil engineer, consulting",Yes,Yes,United States,Tennessee,,
CUST-913964,Matthew W. Thomas,Other,38,48,Fast food restaurant manager,Yes,Yes,United States,Tennessee,,
CUST-855521,Charles B. Black,Other,31,47,Petroleum engineer,Yes,Yes,United States,Tennessee,,
CUST-691424,Nathan T. Chavez,Other,25,41,Magazine journalist,Yes,No,United States,Tennessee,,
CUST-485000,Zachary T. Barrett,Other,51,72,Legal executive,Yes,Yes,United States,Tennessee,,
CUST-118404,Joshua P. Meyer,Other,23,37,"Designer, television/film set",Yes,Yes,United States,Tennessee,,
CUST-950404,William X. Hubbard,Other,47,51,Horticultural consultant,Yes,Yes,United States,Tennessee,,
CUST-639535,Theodore R. Smith,Other,24,33,"Scientist, water quality",Yes,Yes,United States,Tennessee,,
CUST-158858,Cameron X. Oliver,Other,51,70,Interior and spatial designer,Yes,Yes,United States,Tennessee,,
CUST-318958,Anthony C. Patterson,Other,35,50,Mudlogger,Yes,Yes,United States,Tennessee,,
CUST-906676,Nathan I. Watkins,Other,42,45,Research scientist (physical sciences),Yes,No,United States,Tennessee,,
CUST-922922,Cameron X. McCoy,Other,43,46,Materials engineer,Yes,Yes,United States,Tennessee,,
CUST-918315,Adam L. Quinn,Other,21,30,Air broker,Yes,No,United States,Tennessee,,
CUST-494095,Cameron Y. Ortiz,Other,19,44,Arts development officer,Yes,No,United States,Tennessee,,
CUST-757823,Benjamin Z. Wright,Other,36,48,"Clinical scientist, histocompatibility and immunogenetics",Yes,Yes,United States,Tennessee,,
CUST-344199,Anthony F. Burgess,Other,19,44,Health visitor,Yes,Yes,United States,Tennessee,,
CUST-992546,Zachary O. Peterson,Other,28,41,Maintenance engineer,Yes,No,United States,Tennessee,,
CUST-191319,Allison U. Garner,Other,40,51,Set designer,Yes,Yes,United States,Tennessee,,
CUST-961853,Hunter N. Hardy,Other,26,50,Psychiatrist,Yes,Yes,United States,Tennessee,,
CUST-677493,Joseph Y. Maldonado,Other,24,40,Industrial buyer,Yes,No,United States,Tennessee,,
CUST-435436,Carter C. Conner,Other,33,58,Dramatherapist,Yes,Yes,United States,Tennessee,,
CUST-840135,Thomas P. Hunter,Other,18,36,"Conservator, museum/gallery",Yes,No,United States,Tennessee,,
CUST-474658,Zachary G. Gilbert,Other,30,46,"Designer, exhibition/display",Yes,Yes,United States,Tennessee,,
CUST-593096,Jack O. Curry,Other,51,52,"Designer, furniture",Yes,No,United States,Tennessee,,
CUST-140222,Charles K. Diaz,Other,53,77,Aid worker,Yes,No,United States,Tennessee,,
CUST-302187,Hunter O. Elliott,Other,46,58,Financial adviser,No,No,United States,Iowa,,
CUST-239464,Isaac B. Shelton,Other,20,44,"Therapist, drama",Yes,No,United States,Iowa,,
CUST-357552,Nicholas G. Tate,Other,18,26,Visual merchandiser,No,No,United States,Iowa,,
CUST-798033,Caleb D. Mullins,Other,48,57,"Engineer, energy",Yes,No,United States,Iowa,,
CUST-566601,Dylan V. Lambert,Other,60,65,Environmental consultant,Yes,No,United States,Iowa,,
CUST-727713,Adam W. Horton,Other,41,54,Estate agent,No,No,United States,Iowa,,
CUST-342649,David V. Andrews,Other,37,50,"Designer, exhibition/display",Yes,No,United States,Iowa,,
CUST-446592,Carter S. Thornton,Other,23,41,Information officer,No,No,United States,Iowa,,
CUST-706585,Sebastian W. Hampton,Other,48,68,Drilling engineer,No,No,United States,Iowa,,
CUST-611191,Luke G. Carpenter,Other,33,54,Writer,No,No,United States,Iowa,,
CUST-152108,Christopher O. May,Other,31,41,Ambulance person,Yes,No,United States,Iowa,,
CUST-237640,Nathan K. Soto,Other,41,54,"Lecturer, further education",Yes,No,United States,Iowa,,
CUST-476458,James P. Bates,Other,41,57,Agricultural engineer,Yes,No,United States,Iowa,,
CUST-993605,Wyatt W. Olson,Other,24,36,Exercise physiologist,Yes,No,United States,Iowa,,
CUST-265790,Jack Z. Mendoza,Other,43,59,"Sound technician, broadcasting/film/video",Yes,No,United States,Iowa,,
CUST-782221,Charles J. Gonzales,Other,55,58,"Lecturer, higher education",Yes,No,United States,Iowa,,
CUST-360929,Thomas W. Stevens,Other,48,68,Government social research officer,Yes,No,United States,Iowa,,
CUST-706205,Daniel D. Flowers,Other,55,69,Operational researcher,No,No,United States,Iowa,,
CUST-859688,Daniel J. Morris,Other,42,55,Fast food restaurant manager,Yes,No,United States,Iowa,,
CUST-475152,Aaron K. Lambert,Other,19,42,Cytogeneticist,Yes,No,United States,Iowa,,
CUST-593494,Joseph Q. Gregory,Other,57,78,"Scientist, water quality",No,No,United States,Iowa,,
CUST-961671,Hunter T. Banks,Other,41,53,"Surveyor, rural practice",Yes,No,United States,Iowa,,
CUST-265669,Lucas X. Kennedy,Other,23,45,Oncologist,Yes,No,United States,Iowa,,
CUST-199120,Aaron W. Jensen,Other,35,41,"Development worker, community",Yes,No,United States,Iowa,,
CUST-287053,Owen G. Russell,Other,49,60,Banker,Yes,No,United States,Iowa,,
CUST-217106,Christopher K. Henderson,Other,59,61,Health and safety inspector,No,No,United States,Iowa,,
CUST-275348,Caleb P. Garner,Other,52,68,"Therapist, drama",Yes,No,United States,Iowa,,
CUST-899620,William A. Sutton,Other,55,67,"Research officer, trade union",No,No,United States,Iowa,,
CUST-358372,Owen M. Adkins,Other,35,58,"Geologist, engineering",Yes,No,United States,Iowa,,
CUST-413704,Christopher E. Simmons,Other,26,51,"Journalist, magazine",Yes,No,United States,Iowa,,
CUST-931790,Caleb L. Cross,Other,23,44,Furniture designer,No,No,United States,Iowa,,
CUST-818933,Alexander J. Olson,Other,22,23,Theatre stage manager,Yes,No,United States,Iowa,,
CUST-807100,Austin S. Anderson,Other,49,62,"Scientist, research (life sciences)",Yes,No,United States,Iowa,,
CUST-516408,Alexander T. Weber,Other,31,53,"Editor, commissioning",No,No,United States,Iowa,,
CUST-413415,Matthew J. Austin,Other,58,60,Optometrist,Yes,No,United States,Iowa,,
CUST-816476,David N. Baldwin,Other,18,35,Structural engineer,No,No,United States,Iowa,,
CUST-641117,Alexander B. Cummings,Other,44,65,Engineering geologist,Yes,No,United States,Iowa,,
CUST-350183,Connor B. Davidson,Other,34,42,"Embryologist, clinical",Yes,No,United States,Iowa,,
CUST-892010,Thomas F. Lynch,Other,28,37,Trading standards officer,Yes,No,United States,Iowa,,
CUST-120700,Matthew G. Cox,Other,44,58,Tourist information centre manager,No,No,United States,Iowa,,
CUST-260509,Owen Q. Walsh,Other,40,52,Further education lecturer,Yes,No,United States,Iowa,,
CUST-333633,Hunter O. Miles,Other,54,66,Brewing technologist,Yes,No,United States,Iowa,,
CUST-438912,Lucas I. Castillo,Other,39,56,"Geologist, wellsite",Yes,No,United States,Iowa,,
CUST-288999,Natalie F. Hill,Other,50,71,Product manager,Yes,No,United States,Iowa,,
CUST-467151,Connor Z. Stanley,Other,26,43,Tourist information centre manager,No,No,United States,Iowa,,
CUST-291904,Matthew Z. Lane,Other,59,80,Biomedical engineer,No,No,United States,Iowa,,
CUST-899985,Daniel Y. Guerrero,Other,50,75,Dealer,No,No,United States,Iowa,,
CUST-278922,Nicholas X. Ellis,Other,60,63,"Doctor, hospital",Yes,No,United States,Iowa,,
CUST-835289,James S. Stanley,Other,18,19,Lobbyist,Yes,No,United States,Iowa,,
CUST-466407,Owen Y. Hampton,Other,36,60,Speech and language therapist,Yes,No,United States,Iowa,,
CUST-218623,Owen G. Cole,Other,25,38,Holiday representative,Yes,No,United States,Iowa,,
CUST-996395,Carter B. Hawkins,Other,44,47,Legal executive,No,No,United States,Iowa,,
CUST-291534,Lucas H. Hanson,Other,42,65,Customer service manager,No,No,United States,Iowa,,
CUST-275447,Charles N. Cannon,Other,22,41,Industrial/product designer,No,No,United States,Iowa,,
CUST-795643,Christopher T. Barker,Other,45,59,"Therapist, music",No,No,United States,Iowa,,
CUST-482241,Andrew U. Ellis,Other,23,36,Colour technologist,Yes,No,United States,Iowa,,
CUST-633182,Austin E. Strickland,Other,25,44,"Surveyor, land/geomatics",No,No,United States,Iowa,,
CUST-315230,David C. Manning,Other,48,56,"Surveyor, land/geomatics",No,No,United States,Iowa,,
CUST-963276,Caleb E. Hodges,Other,30,43,Seismic interpreter,Yes,No,United States,Iowa,,
CUST-479912,Andrew K. Watts,Other,50,60,"Engineer, electrical",No,No,United States,Iowa,,
CUST-893899,Charles J. Bailey,Other,29,34,Diagnostic radiographer,Yes,Yes,United States,Iowa,,
CUST-175774,Jack X. Bates,Other,34,36,Operations geologist,No,Yes,United States,Iowa,,
CUST-775537,Anthony I. Leonard,Other,26,31,"Doctor, general practice",No,Yes,United States,Iowa,,
CUST-827059,Joshua S. Barker,Other,46,59,"Engineer, civil (consulting)",No,Yes,United States,Iowa,,
CUST-938235,Thomas B. Daniels,Other,52,70,Hydrogeologist,No,Yes,United States,Iowa,,
CUST-587111,Joseph U. Fox,Other,45,65,Architectural technologist,Yes,Yes,United States,Iowa,,
CUST-784198,Caleb Q. Douglas,Other,57,59,Actor,No,Yes,United States,Iowa,,
CUST-198643,Hunter O. Potter,Other,23,45,Management consultant,No,Yes,United States,Iowa,,
CUST-167364,Anthony B. Cohen,Other,54,68,"Administrator, local government",No,Yes,United States,Iowa,,
CUST-164811,Joseph V. Lawrence,Other,27,41,Race relations officer,Yes,Yes,United States,Iowa,,
CUST-768554,Thomas Z. Shelton,Other,60,79,Occupational psychologist,Yes,Yes,United States,Iowa,,
CUST-369174,Zachary E. Hansen,Other,44,62,"Designer, graphic",No,Yes,United States,Iowa,,
CUST-810057,Christopher B. Parker,Other,45,46,Holiday representative,Yes,Yes,United States,Iowa,,
CUST-487999,David A. Fox,Other,45,47,"Journalist, newspaper",No,Yes,United States,Iowa,,
CUST-146034,Jackson A. Foster,Other,18,40,"Surveyor, land/geomatics",No,Yes,United States,Iowa,,
CUST-158913,Hunter E. Lowe,Other,35,59,"Engineer, maintenance (IT)",Yes,Yes,United States,Iowa,,
CUST-325170,Aaron K. Erickson,Other,58,78,"Engineer, site",Yes,Yes,United States,Iowa,,
CUST-905499,William N. Castro,Other,49,51,Banker,No,Yes,United States,Iowa,,
CUST-283690,Nicholas N. Parks,Other,38,62,Race relations officer,No,Yes,United States,Iowa,,
CUST-798280,William F. Armstrong,Other,25,40,Museum education officer,Yes,Yes,United States,Iowa,,
CUST-334845,Thomas F. Hicks,Other,30,34,Banker,Yes,Yes,United States,Iowa,,
CUST-647541,Dylan M. Burgess,Other,30,41,"Journalist, newspaper",No,Yes,United States,Iowa,,
CUST-899508,Thomas Q. Garrett,Other,59,68,Planning and development surveyor,Yes,Yes,United States,Iowa,,
CUST-832946,Isaac B. Parker,Other,53,54,Multimedia programmer,No,Yes,United States,Iowa,,
CUST-603801,James Z. Carter,Other,44,57,Neurosurgeon,Yes,Yes,United States,Iowa,,
CUST-839974,Dylan M. Goodman,Other,20,40,Holiday representative,Yes,Yes,United States,Iowa,,
CUST-174269,Dylan Z. Sharp,Other,27,49,"Engineer, automotive",Yes,Yes,United States,Iowa,,
CUST-559328,Luke G. Aguilar,Other,45,60,"Investment banker, operational",Yes,Yes,United States,Iowa,,
CUST-730086,Anthony W. Wade,Other,26,33,Arboriculturist,No,Yes,United States,Iowa,,
CUST-299681,Carter G. Benson,Other,26,28,Chiropractor,No,Yes,United States,Iowa,,
CUST-953884,Cameron H. Baldwin,Other,60,65,Chief Marketing Officer,No,Yes,United States,Iowa,,
CUST-135563,Dylan S. Reyes,Other,21,24,Film/video editor,No,Yes,United States,Iowa,,
CUST-147250,Gabriel S. Mills,Other,32,41,IT technical support officer,No,Yes,United States,Iowa,,
CUST-427269,Christopher F. Stone,Other,50,55,Homeopath,No,Yes,United States,Iowa,,
CUST-935057,Cameron W. Barnes,Other,31,49,Translator,No,Yes,United States,Iowa,,
CUST-681940,Caroline Y. Douglas,Other,34,54,Careers adviser,No,Yes,United States,Iowa,,
CUST-766736,Theodore R. Jensen,Other,45,47,Volunteer coordinator,Yes,Yes,United States,Iowa,,
CUST-575133,Joseph X. Austin,Other,41,45,General practice doctor,No,Yes,United States,Iowa,,
CUST-160023,Matthew H. Wood,Other,42,58,Company secretary,No,Yes,United States,Iowa,,
CUST-126028,Carter E. Mason,Other,60,70,"Scientist, research (maths)",No,Yes,United States,Iowa,,
CUST-915379,Theodore Z. Barber,Other,56,65,Equities trader,Yes,Yes,United States,Iowa,,
CUST-450786,Isaac P. Diaz,Other,22,30,Risk manager,Yes,Yes,United States,Iowa,,
CUST-126479,Carter R. Fields,Other,28,41,"Designer, multimedia",Yes,Yes,United States,Iowa,,
CUST-928558,Andrew X. Ortega,Other,30,37,Farm manager,No,Yes,United States,Iowa,,
CUST-939814,Caleb A. Alvarado,Other,30,51,English as a foreign language teacher,Yes,Yes,United States,Iowa,,
CUST-933709,Luke A. Nelson,Other,18,24,Waste management officer,No,Yes,United States,Iowa,,
CUST-124004,Lucas A. Lawrence,Other,59,77,Charity officer,No,Yes,United States,Iowa,,
CUST-854601,Connor E. Hoffman,Other,19,24,Counselling psychologist,No,Yes,United States,Iowa,,
CUST-226530,Cameron L. Allen,Other,37,39,"Designer, interior/spatial",Yes,Yes,United States,Iowa,,
CUST-300651,Joshua B. Walker,Other,24,35,Manufacturing systems engineer,No,Yes,United States,Iowa,,
CUST-524718,Carter P. Howard,Other,36,50,"Engineer, maintenance",No,Yes,United States,Iowa,,
CUST-876462,Jack Z. Potter,Other,35,52,Quantity surveyor,No,Yes,United States,Iowa,,
CUST-980392,Oliver V. Warner,Other,52,77,Printmaker,Yes,Yes,United States,Iowa,,
CUST-759767,Lucas J. Moody,Other,50,62,"Buyer, retail",No,Yes,United States,Iowa,,
CUST-335208,Adam B. Hart,Other,31,40,Trading standards officer,Yes,Yes,United States,Iowa,,
CUST-999635,Owen K. Warner,Other,47,51,Wellsite geologist,No,Yes,United States,Iowa,,
CUST-831850,Adam H. Rodgers,Other,49,70,"Designer, blown glass/stained glass",Yes,Yes,United States,Iowa,,
CUST-262354,James P. Beck,Other,35,57,Systems developer,Yes,Yes,United States,Iowa,,
CUST-131994,David Q. Love,Other,34,42,Leisure centre manager,No,Yes,United States,Iowa,,
CUST-412516,Jack N. Quinn,Other,42,44,Insurance broker,No,Yes,United States,Iowa,,
CUST-354562,Nicholas J. Hopkins,Other,37,54,Hydrologist,No,Yes,United States,Iowa,,
CUST-808022,Gabriel O. Mitchell,Other,33,40,Corporate treasurer,No,Yes,United States,Iowa,,
CUST-233563,Audrey V. Robinson,Other,44,56,Higher education careers adviser,No,Yes,United States,Iowa,,
CUST-604986,Adam N. Griffin,Other,49,57,Adult nurse,Yes,Yes,United States,Iowa,,
CUST-460210,Dylan B. Terry,Other,20,39,Research scientist (life sciences),Yes,Yes,United States,Iowa,,
CUST-423209,Andrew B. Hunter,Other,36,45,Hydrologist,Yes,Yes,United States,Iowa,,
CUST-722335,Charles Q. May,Other,60,82,Energy manager,Yes,Yes,United States,Iowa,,
CUST-571932,Isaac P. Peters,Other,60,64,Ranger/warden,No,Yes,United States,Iowa,,
CUST-486896,Nicholas Y. Shaw,Other,38,44,Dealer,Yes,Yes,United States,Iowa,,
CUST-554406,Charles T. Franklin,Other,30,49,"Psychologist, prison and probation services",Yes,Yes,United States,Iowa,,
CUST-266243,David A. Harrison,Other,26,32,"Pharmacist, community",No,Yes,United States,Iowa,,
CUST-455577,Dylan I. Woods,Other,50,60,Biomedical scientist,No,Yes,United States,Iowa,,
CUST-647412,Matthew V. Maldonado,Other,37,43,Patent examiner,No,Yes,United States,Iowa,,
CUST-454822,Theodore A. Evans,Other,49,60,"Journalist, newspaper",Yes,Yes,United States,Iowa,,
CUST-226925,William Q. Brewer,Other,58,62,"Radiographer, diagnostic",No,Yes,United States,Iowa,,
CUST-130681,Emma X. Hardy,Other,48,50,Community pharmacist,No,Yes,United States,Iowa,,
CUST-461868,Luke E. Mullins,Other,46,65,Drilling engineer,Yes,Yes,United States,Iowa,,
CUST-584543,Gabriel Z. Patterson,Other,47,72,"Psychologist, clinical",Yes,Yes,United States,Iowa,,
CUST-215461,Matthew S. Stone,Other,51,65,"Psychologist, counselling",No,Yes,United States,Iowa,,
CUST-306174,Christopher H. Blake,Other,26,42,Air cabin crew,No,Yes,United States,Iowa,,
CUST-458438,Christopher I. Stokes,Other,22,23,"Copywriter, advertising",No,Yes,United States,Iowa,,
CUST-431505,Hunter U. Phillips,Other,45,57,Insurance broker,No,Yes,United States,Iowa,,
CUST-993958,Isaac M. Fowler,Other,60,65,Counsellor,No,Yes,United States,Iowa,,
CUST-884808,Dylan W. Kelly,Other,24,40,"Designer, ceramics/pottery",Yes,Yes,United States,Iowa,,
CUST-758239,Hunter E. Farmer,Other,39,54,Water engineer,No,Yes,United States,Iowa,,
CUST-152514,Joseph U. Simon,Other,48,50,Television camera operator,Yes,Yes,United States,Iowa,,
CUST-807483,Sebastian G. Jordan,Other,23,31,Herpetologist,Yes,Yes,United States,Iowa,,
CUST-543121,Nicholas C. Neal,Other,23,33,Information systems manager,No,Yes,United States,Iowa,,
CUST-868321,Theodore W. Meyer,Other,50,68,"Pilot, airline",No,Yes,United States,Iowa,,
CUST-113419,Connor F. Neal,Other,23,28,Make,Yes,No,United States,South Dakota,,
CUST-942639,Connor X. Bowen,Other,45,53,"Scientist, biomedical",Yes,Yes,United States,South Dakota,,
CUST-454579,Jackson L. Thompson,Other,38,61,"Production assistant, television",Yes,No,United States,South Dakota,,
CUST-416191,Alexander C. Castro,Other,51,73,Landscape architect,Yes,No,United States,South Dakota,,
CUST-160659,Isaac B. Blair,Other,56,78,Retail buyer,Yes,Yes,United States,South Dakota,,
CUST-325172,Thomas B. Montgomery,Other,37,49,Museum/gallery conservator,Yes,Yes,United States,South Dakota,,
CUST-823854,Wyatt K. James,Other,22,44,Recycling officer,Yes,No,United States,South Dakota,,
CUST-521056,Connor Q. Lawrence,Other,19,31,Broadcast journalist,Yes,Yes,United States,South Dakota,,
CUST-733118,Caleb S. Bates,Other,48,66,Site engineer,Yes,No,United States,South Dakota,,
CUST-219188,Thomas S. Chambers,Other,22,33,"Engineer, agricultural",Yes,Yes,United States,South Dakota,,
CUST-540285,Zachary C. Daniel,Other,44,68,Music therapist,Yes,Yes,United States,South Dakota,,
CUST-933540,Andrew E. Gray,Other,40,50,Osteopath,Yes,No,United States,South Dakota,,
CUST-400021,William L. Warren,Other,19,23,Financial planner,Yes,Yes,United States,South Dakota,,
CUST-713510,Anthony D. Knight,Other,35,56,Materials engineer,Yes,Yes,United States,South Dakota,,
CUST-187283,Christopher R. Gordon,Other,42,61,Mental health nurse,Yes,Yes,United States,South Dakota,,
CUST-126204,Austin M. Jacobs,Other,22,30,Primary school teacher,Yes,No,United States,South Dakota,,
CUST-876895,Austin V. Wright,Other,33,45,Orthoptist,Yes,Yes,United States,South Dakota,,
CUST-942992,Anthony D. Stephens,Other,45,68,"Research officer, government",Yes,No,United States,South Dakota,,
CUST-694271,Nicholas R. Howell,Other,30,49,"Horticulturist, commercial",Yes,Yes,United States,South Dakota,,
CUST-687313,Joseph N. Stevens,Other,26,40,"Teacher, adult education",Yes,No,United States,South Dakota,,
CUST-815699,Adam H. Little,Other,56,79,"Nurse, children's",Yes,No,United States,South Dakota,,
CUST-850324,Charles D. Gonzales,Other,48,65,Housing manager/officer,Yes,Yes,United States,South Dakota,,
CUST-592128,Connor D. Ball,Other,35,38,"Therapist, speech and language",Yes,Yes,United States,South Dakota,,
CUST-341081,Henry V. Baker,Other,24,31,Chemical engineer,Yes,Yes,United States,South Dakota,,
CUST-440130,Alexander F. Beck,Other,34,45,Passenger transport manager,Yes,Yes,United States,South Dakota,,
CUST-886923,Gabriel A. Willis,Other,20,35,Financial trader,Yes,Yes,United States,South Dakota,,
CUST-450209,Carter T. Roberts,Other,50,54,Geographical information systems officer,Yes,Yes,United States,South Dakota,,
CUST-711166,Theodore T. Colon,Other,34,44,Social researcher,Yes,Yes,United States,South Dakota,,
CUST-311437,Benjamin I. Gibson,Other,29,53,"Copywriter, advertising",Yes,No,United States,South Dakota,,
CUST-287907,Lucas F. McDonald,Other,53,58,Office manager,Yes,No,United States,South Dakota,,
CUST-549335,Benjamin G. Oliver,Other,33,57,Electronics engineer,Yes,No,United States,South Dakota,,
CUST-113183,Cameron K. Foster,Other,34,37,"Radiographer, therapeutic",Yes,No,United States,South Dakota,,
CUST-850275,Wyatt R. Weber,Other,49,69,Probation officer,Yes,No,United States,South Dakota,,
CUST-956864,James Q. Schmidt,Other,56,72,"Teacher, early years/pre",Yes,No,United States,South Dakota,,
CUST-347189,Jackson I. Kim,Other,19,21,Maintenance engineer,Yes,Yes,United States,South Dakota,,
CUST-897937,Aaron F. Cole,Other,29,53,Youth worker,Yes,No,United States,South Dakota,,
CUST-490519,Carter Q. Dean,Other,19,20,Planning and development surveyor,Yes,Yes,United States,South Dakota,,
CUST-237043,William F. Ellis,Other,32,40,Interior and spatial designer,Yes,No,United States,South Dakota,,
CUST-866213,Luke F. Jordan,Other,43,49,Podiatrist,Yes,No,United States,South Dakota,,
CUST-350339,Caleb R. Hale,Other,45,65,"Administrator, education",Yes,No,United States,South Dakota,,
CUST-808588,Austin G. Boyd,Other,26,46,Chartered management accountant,Yes,Yes,United States,South Dakota,,
CUST-219406,David G. Chandler,Other,60,66,"Designer, multimedia",Yes,Yes,United States,South Dakota,,
CUST-260097,William D. Gutierrez,Other,35,53,Transport planner,Yes,Yes,United States,South Dakota,,
CUST-425140,Nathan N. McKinney,Other,52,68,Claims inspector/assessor,Yes,Yes,United States,South Dakota,,
CUST-450185,David I. Maxwell,Other,50,74,Mining engineer,Yes,Yes,United States,South Dakota,,
CUST-767172,Joshua Y. Sanders,Other,27,30,"Designer, blown glass/stained glass",Yes,No,United States,South Dakota,,
CUST-252514,Joseph F. Neal,Other,44,51,Hotel manager,Yes,Yes,United States,South Dakota,,
CUST-915563,Dylan D. Mendoza,Other,50,74,Aid worker,Yes,Yes,United States,South Dakota,,
CUST-215426,Adam D. Cooper,Other,50,59,Conference centre manager,Yes,No,United States,South Dakota,,
CUST-953381,Christopher R. Keller,Other,32,43,"Surveyor, land/geomatics",Yes,No,United States,South Dakota,,
CUST-998186,Anthony O. Garner,Other,19,40,Radio broadcast assistant,Yes,Yes,United States,South Dakota,,
CUST-195073,Theodore V. Carroll,Other,43,58,Chartered loss adjuster,Yes,Yes,United States,South Dakota,,
CUST-988183,Gabriel G. Mason,Other,32,48,Furniture conservator/restorer,Yes,No,United States,South Dakota,,
CUST-692206,Carter H. Fletcher,Other,18,34,"Engineer, building services",Yes,No,United States,South Dakota,,
CUST-862105,David S. Pearson,Other,49,71,Fashion designer,Yes,Yes,United States,South Dakota,,
CUST-449994,Jack I. Ferguson,Other,49,66,Information systems manager,Yes,Yes,United States,South Dakota,,
CUST-214435,Austin Y. Garrett,Other,19,40,"Engineer, drilling",Yes,No,United States,South Dakota,,
CUST-119524,Owen L. Hanson,Other,46,68,Nutritional therapist,Yes,Yes,United States,South Dakota,,
CUST-863974,Alexander J. Gibson,Other,49,50,IT trainer,Yes,Yes,United States,South Dakota,,
CUST-838183,William Y. Fletcher,Other,37,39,"Research officer, government",Yes,Yes,United States,South Dakota,,
CUST-308556,Luke H. Stevens,Other,30,55,Clinical cytogeneticist,Yes,No,United States,South Dakota,,
CUST-551459,Matthew Z. Barrett,Other,48,68,"Scientist, research (physical sciences)",Yes,No,United States,South Dakota,,
CUST-920380,Isaac Z. Moore,Other,25,42,Acupuncturist,Yes,No,United States,South Dakota,,
CUST-722254,Caleb D. Murphy,Other,47,50,"Designer, multimedia",Yes,No,United States,South Dakota,,
CUST-239999,Carter U. Warren,Other,58,71,Surgeon,Yes,Yes,United States,South Dakota,,
CUST-595652,Isaac J. Tucker,Other,46,64,Warden/ranger,Yes,Yes,United States,South Dakota,,
CUST-840732,Caleb D. Fletcher,Other,27,50,"Conservator, furniture",Yes,No,United States,South Dakota,,
CUST-575338,Charles I. Paul,Other,57,70,Print production planner,Yes,Yes,United States,South Dakota,,
CUST-652553,Zachary N. Reyes,Other,51,56,Legal secretary,Yes,Yes,United States,South Dakota,,
CUST-274222,Alexander U. Burgess,Other,59,66,"Psychologist, clinical",Yes,Yes,United States,South Dakota,,
CUST-561339,Wyatt N. Schneider,Other,52,66,Insurance account manager,Yes,No,United States,South Dakota,,
CUST-775774,Hunter X. Duncan,Other,36,49,Agricultural consultant,No,No,United States,South Dakota,,
CUST-462411,David V. Swanson,Other,48,55,Publishing copy,No,Yes,United States,South Dakota,,
CUST-113191,Luke H. Crawford,Other,29,50,"Production designer, theatre/television/film",No,No,United States,South Dakota,,
CUST-445433,Sebastian A. Davidson,Other,53,78,Agricultural consultant,No,No,United States,South Dakota,,
CUST-691436,David N. Ellis,Other,60,74,Risk analyst,No,Yes,United States,South Dakota,,
CUST-126557,Isaac J. Reyes,Other,51,61,"Accountant, chartered",No,No,United States,South Dakota,,
CUST-187310,Thomas X. Lucas,Other,59,68,Charity officer,No,Yes,United States,South Dakota,,
CUST-295685,David X. Alvarez,Other,49,59,"Administrator, arts",No,No,United States,South Dakota,,
CUST-517612,Henry F. Valdez,Other,20,44,Operational researcher,No,Yes,United States,South Dakota,,
CUST-971491,David B. Wright,Other,39,63,Human resources officer,No,No,United States,South Dakota,,
CUST-294018,Henry G. Coleman,Other,44,61,Hotel manager,No,No,United States,South Dakota,,
CUST-130716,Nathan Q. West,Other,41,51,"Designer, multimedia",No,Yes,United States,South Dakota,,
CUST-403896,Hunter I. Riley,Other,21,24,"Designer, graphic",No,Yes,United States,South Dakota,,
CUST-359577,Connor Z. Wells,Other,19,30,Medical sales representative,No,Yes,United States,South Dakota,,
CUST-889547,Anthony P. Garrett,Other,22,27,Careers adviser,No,Yes,United States,South Dakota,,
CUST-795809,Aaron U. Holmes,Other,31,54,Media buyer,No,No,United States,South Dakota,,
CUST-631954,Owen A. Nguyen,Other,42,53,"Nurse, children's",No,Yes,United States,South Dakota,,
CUST-944668,Lucas I. Reyes,Other,52,66,Sports administrator,No,Yes,United States,South Dakota,,
CUST-624994,Nathan G. Reese,Other,28,32,Magazine features editor,No,Yes,United States,South Dakota,,
CUST-671109,Nathan L. Goodman,Other,51,67,"Scientist, research (life sciences)",No,No,United States,South Dakota,,
CUST-348649,Austin D. Ingram,Other,37,52,Actuary,No,No,United States,South Dakota,,
CUST-825240,William I. Caldwell,Other,31,54,Armed forces training and education officer,No,No,United States,South Dakota,,
CUST-327896,Cameron T. Robinson,Other,25,45,"Engineer, broadcasting (operations)",No,Yes,United States,South Dakota,,
CUST-701632,Carter C. Hughes,Other,59,82,Communications engineer,No,Yes,United States,South Dakota,,
CUST-490424,Zachary Y. Black,Other,22,30,Film/video editor,No,No,United States,South Dakota,,
CUST-278726,Chloe B. Garza,Other,41,58,"Psychologist, sport and exercise",No,No,United States,South Dakota,,
CUST-219559,Sebastian B. Meyer,Other,23,29,Animator,No,Yes,United States,South Dakota,,
CUST-765412,Isaac E. Knight,Other,53,73,"Engineer, water",No,No,United States,South Dakota,,
CUST-961263,Matthew Y. Bishop,Other,54,76,"Producer, television/film/video",No,No,United States,South Dakota,,
CUST-862220,Nicholas F. Evans,Other,23,35,Insurance broker,No,No,United States,South Dakota,,
CUST-727959,Anthony A. Walton,Other,19,26,Bonds trader,No,Yes,United States,South Dakota,,
CUST-989851,Alexander Z. Mendez,Other,22,27,Information systems manager,No,Yes,United States,South Dakota,,
CUST-318316,Andrew Z. Hammond,Other,56,68,Physiotherapist,No,No,United States,South Dakota,,
CUST-308545,Theodore Z. Love,Other,19,36,Product designer,No,Yes,United States,South Dakota,,
CUST-560519,Cameron O. Martin,Other,54,71,"Merchandiser, retail",No,No,United States,South Dakota,,
CUST-680832,Connor E. Curry,Other,49,68,Chartered certified accountant,No,No,United States,South Dakota,,
CUST-771544,Daniel V. Sims,Other,51,61,"Investment banker, operational",No,No,United States,South Dakota,,
CUST-239779,Dylan S. Jordan,Other,43,45,Ergonomist,No,Yes,United States,South Dakota,,
CUST-841432,Nicholas K. Leonard,Other,58,62,"Loss adjuster, chartered",No,No,United States,South Dakota,,
CUST-907390,Henry Q. Day,Other,46,63,Restaurant manager,No,No,United States,South Dakota,,
CUST-743211,Adam K. Valdez,Other,32,53,Chief Technology Officer,No,No,United States,South Dakota,,
CUST-473036,Hunter L. Lewis,Other,48,71,Company secretary,No,No,United States,South Dakota,,
CUST-433222,Theodore S. Phillips,Other,28,38,Forensic scientist,No,Yes,United States,South Dakota,,
CUST-169724,Christopher Q. Nelson,Other,52,70,Records manager,No,Yes,United States,South Dakota,,
CUST-779909,Carter E. Doyle,Other,55,57,Naval architect,No,No,United States,South Dakota,,
CUST-752443,Henry D. Olson,Other,24,30,Armed forces training and education officer,No,No,United States,South Dakota,,
CUST-619597,Daniel A. Murray,Other,32,50,Advertising account executive,No,Yes,United States,South Dakota,,
CUST-401934,Dylan G. Robbins,Other,39,48,Ceramics designer,No,No,United States,South Dakota,,
CUST-521312,Connor R. Hicks,Other,50,61,Systems analyst,No,No,United States,South Dakota,,
CUST-407119,Anthony F. Herrera,Other,51,53,Hospital pharmacist,No,No,United States,South Dakota,,
CUST-148082,Isaac Y. Thornton,Other,58,74,Financial manager,No,No,United States,South Dakota,,
CUST-675018,Sebastian E. Pearson,Other,47,66,"Lighting technician, broadcasting/film/video",No,Yes,United States,South Dakota,,
CUST-950728,Joseph Z. Ferguson,Other,55,59,"Sales professional, IT",No,Yes,United States,South Dakota,,
CUST-616282,Sarah K. Mack,Other,56,69,Fast food restaurant manager,No,No,United States,South Dakota,,
CUST-889427,Benjamin J. Miller,Other,53,59,"Engineer, petroleum",No,No,United States,South Dakota,,
CUST-810190,Charles L. James,Other,53,55,Ecologist,No,Yes,United States,South Dakota,,
CUST-157641,Jackson L. Ramsey,Other,20,26,Secondary school teacher,No,Yes,United States,South Dakota,,
CUST-301409,Gabriel I. Gibbs,Other,41,53,Advertising account executive,No,Yes,United States,South Dakota,,
CUST-296698,James P. Arnold,Other,36,52,Brewing technologist,No,No,United States,South Dakota,,
CUST-692258,Henry F. Fisher,Other,33,55,Artist,No,Yes,United States,South Dakota,,
CUST-877222,Dylan M. Higgins,Other,25,45,Materials engineer,No,Yes,United States,South Dakota,,
CUST-893083,Isaac A. Chavez,Other,55,68,Site engineer,No,No,United States,South Dakota,,
CUST-845094,Joshua O. Robertson,Other,19,39,Building control surveyor,No,Yes,United States,South Dakota,,
CUST-482358,Zachary P. Silva,Other,56,61,Charity fundraiser,No,Yes,United States,South Dakota,,
CUST-970886,Caleb F. Graham,Other,18,33,Hotel manager,No,Yes,United States,South Dakota,,
CUST-277658,Dylan W. Scott,Other,36,42,Fine artist,No,No,United States,South Dakota,,
CUST-563060,Alexander T. Campbell,Other,24,27,Forensic scientist,No,Yes,United States,South Dakota,,
CUST-132540,Carter V. Mullins,Other,28,46,Haematologist,No,Yes,United States,South Dakota,,
CUST-454496,Adam U. Morales,Other,26,33,"Designer, industrial/product",No,Yes,United States,South Dakota,,
CUST-774730,Owen R. Chapman,Other,27,31,Personal assistant,No,No,United States,South Dakota,,
CUST-610375,Nathan L. Simpson,Other,24,40,"Therapist, art",No,Yes,United States,South Dakota,,
CUST-954922,Nathan F. Crawford,Other,20,37,Interior and spatial designer,No,Yes,United States,South Dakota,,
CUST-171599,Joshua T. Hubbard,Other,22,37,Air cabin crew,No,No,United States,South Dakota,,
CUST-454346,David S. Blake,Other,52,75,Amenity horticulturist,No,No,United States,South Dakota,,
CUST-772886,Luke N. Myers,Other,32,44,Control and instrumentation engineer,No,No,United States,South Dakota,,
CUST-510641,Adam E. Stephens,Other,40,54,"Scientist, research (life sciences)",No,Yes,United States,South Dakota,,
CUST-821317,Gabriel B. Powers,Other,25,44,Tourism officer,No,No,United States,Illinois,,
CUST-294633,Hunter W. Frazier,Other,50,59,Pathologist,No,No,United States,Illinois,,
CUST-936538,Benjamin N. Newman,Other,34,53,Company secretary,No,No,United States,Illinois,,
CUST-443679,Hunter D. George,Other,48,67,Quarry manager,No,Yes,United States,Illinois,,
CUST-174829,Jack R. Fitzgerald,Other,29,35,"Programme researcher, broadcasting/film/video",No,No,United States,Illinois,,
CUST-274647,Nicholas C. White,Other,38,44,Haematologist,No,No,United States,Illinois,,
CUST-614198,David C. Alvarez,Other,30,37,Furniture conservator/restorer,No,Yes,United States,Illinois,,
CUST-497770,Aaron Z. McDonald,Other,20,32,Structural engineer,No,No,United States,Illinois,,
CUST-897755,Carter V. Gonzales,Other,24,48,"Designer, exhibition/display",No,No,United States,Illinois,,
CUST-173001,Daniel T. Evans,Other,33,55,"Designer, jewellery",No,No,United States,Illinois,,
CUST-321312,Lucas B. Jensen,Other,46,49,Counsellor,No,No,United States,Illinois,,
CUST-416372,Sebastian Q. Kennedy,Other,34,37,"Journalist, newspaper",No,Yes,United States,Illinois,,
CUST-451137,Alexander Q. Banks,Other,30,45,Lexicographer,No,No,United States,Illinois,,
CUST-258671,Connor U. Fox,Other,51,53,Further education lecturer,No,Yes,United States,Illinois,,
CUST-122724,Luke M. Fitzgerald,Other,35,37,Dance movement psychotherapist,No,Yes,United States,Illinois,,
CUST-519472,Hunter R. Weber,Other,59,66,Pharmacologist,No,Yes,United States,Illinois,,
CUST-428132,Matthew B. Frazier,Other,48,72,Product manager,No,No,United States,Illinois,,
CUST-887730,Nicholas Z. Farmer,Other,38,55,Politician's assistant,No,No,United States,Illinois,,
CUST-130985,Gabriel D. Gross,Other,29,39,Armed forces training and education officer,No,Yes,United States,Illinois,,
CUST-837591,Charles C. Walker,Other,18,37,Horticultural consultant,No,Yes,United States,Illinois,,
CUST-172819,Joseph G. Carter,Other,33,43,"Editor, commissioning",No,No,United States,Illinois,,
CUST-409217,Oliver I. Brooks,Other,37,57,Retail manager,No,No,United States,Illinois,,
CUST-938714,Isaac O. Newton,Other,53,69,Commercial art gallery manager,No,No,United States,Illinois,,
CUST-209479,Oliver M. Schneider,Other,25,33,Economist,No,No,United States,Illinois,,
CUST-287039,Dylan M. Fox,Other,54,64,"Designer, jewellery",No,No,United States,Illinois,,
CUST-395732,Gabriel S. Turner,Other,56,74,Clothing/textile technologist,No,Yes,United States,Illinois,,
CUST-441023,Anthony V. Foster,Other,50,73,Trading standards officer,No,Yes,United States,Illinois,,
CUST-954264,Joshua W. Daniel,Other,30,46,Consulting civil engineer,No,No,United States,Illinois,,
CUST-325530,Andrew T. Grant,Other,18,36,Housing manager/officer,No,Yes,United States,Illinois,,
CUST-960698,William Y. Williams,Other,54,69,Cabin crew,No,No,United States,Illinois,,
CUST-815473,Zachary J. Kim,Other,32,46,Systems developer,No,Yes,United States,Illinois,,
CUST-549450,Charles F. Love,Other,38,49,Geographical information systems officer,No,Yes,United States,Illinois,,
CUST-700188,Nathan O. Farmer,Other,27,45,Market researcher,No,Yes,United States,Illinois,,
CUST-560226,Adam W. Meyer,Other,50,73,Television/film/video producer,No,No,United States,Illinois,,
CUST-197238,Matthew J. Freeman,Other,20,35,"Engineer, aeronautical",No,Yes,United States,Illinois,,
CUST-317229,Anthony G. Barber,Other,39,62,Systems developer,No,No,United States,Illinois,,
CUST-202193,Daniel Q. Weber,Other,24,49,"Scientist, product/process development",No,Yes,United States,Illinois,,
CUST-442548,Isaac T. Love,Other,45,55,"Conservation officer, historic buildings",No,Yes,United States,Illinois,,
CUST-102571,Cameron I. Fisher,Other,54,59,Pension scheme manager,No,No,United States,Illinois,,
CUST-884380,Matthew Q. Diaz,Other,40,45,"Physicist, medical",No,Yes,United States,Illinois,,
CUST-249100,Adam K. Douglas,Other,18,19,Site engineer,No,Yes,United States,Illinois,,
CUST-364925,Gabriel U. Barker,Other,24,39,Pathologist,No,Yes,United States,Illinois,,
CUST-403048,Luke X. Bowen,Other,35,56,Manufacturing engineer,No,No,United States,Illinois,,
CUST-548817,Dylan S. Morgan,Other,43,46,Dance movement psychotherapist,No,Yes,United States,Illinois,,
CUST-667594,Theodore P. Spencer,Other,39,54,"Therapist, occupational",No,No,United States,Illinois,,
CUST-236924,Alexander B. Guerrero,Other,33,38,Chief Executive Officer,No,No,United States,Illinois,,
CUST-607117,Gabriel C. Schultz,Other,40,47,"Education officer, community",No,Yes,United States,Illinois,,
CUST-244427,Hunter H. Vasquez,Other,45,54,Structural engineer,No,No,United States,Illinois,,
CUST-944712,David X. King,Other,24,33,Diagnostic radiographer,No,Yes,United States,Illinois,,
CUST-560689,Allison O. Clark,Other,38,48,Animal technologist,No,Yes,United States,Illinois,,
CUST-494786,Owen U. Howell,Other,22,33,Field seismologist,No,Yes,United States,Illinois,,
CUST-222851,Matthew C. George,Other,30,36,Biomedical engineer,No,No,United States,Illinois,,
CUST-644615,James N. Mendoza,Other,56,79,Archaeologist,No,Yes,United States,Illinois,,
CUST-802818,Charles R. Parks,Other,60,66,Pharmacologist,No,No,United States,Illinois,,
CUST-716679,Alexander R. Mendez,Other,40,62,Financial planner,No,No,United States,Illinois,,
CUST-131509,Gabriel A. Banks,Other,43,57,"Librarian, academic",No,Yes,United States,Illinois,,
CUST-431010,Caleb V. Perkins,Other,23,30,Youth worker,No,Yes,United States,Illinois,,
CUST-200944,Joshua O. Warren,Other,22,35,"Nurse, learning disability",No,Yes,United States,Illinois,,
CUST-578585,Luke Z. Palmer,Other,26,49,Garment/textile technologist,No,Yes,United States,Illinois,,
CUST-947598,Luke U. Henderson,Other,44,47,Fitness centre manager,No,Yes,United States,Illinois,,
CUST-896914,Caleb R. Fitzgerald,Other,25,30,Banker,No,Yes,United States,Illinois,,
CUST-249878,Owen C. Santos,Other,25,45,Social worker,No,No,United States,Illinois,,
CUST-613585,Hunter S. Mendoza,Other,45,54,"Surveyor, commercial/residential",No,Yes,United States,Illinois,,
CUST-580899,Christopher K. Cannon,Other,51,59,Animal technologist,No,No,United States,Illinois,,
CUST-606932,Oliver Z. Murphy,Other,20,45,"Nurse, children's",No,Yes,United States,Illinois,,
CUST-964223,Nicholas T. Hicks,Other,42,53,Therapeutic radiographer,No,Yes,United States,Illinois,,
CUST-599922,Sebastian E. Foster,Other,56,64,Planning and development surveyor,No,Yes,United States,Illinois,,
CUST-163922,Wyatt E. Hampton,Other,39,52,Health service manager,No,Yes,United States,Illinois,,
CUST-961044,Hunter E. Morgan,Other,31,36,Community pharmacist,No,Yes,United States,Illinois,,
CUST-980527,James U. Cruz,Other,43,46,Child psychotherapist,No,Yes,United States,Illinois,,
CUST-257210,Owen T. Sullivan,Other,31,54,"Engineer, electrical",No,No,United States,Illinois,,
CUST-272370,Joshua D. Keller,Other,21,30,Control and instrumentation engineer,No,No,United States,Illinois,,
CUST-136258,Zachary J. Allen,Other,32,50,Environmental health practitioner,No,No,United States,Illinois,,
CUST-857822,Charles I. Rios,Other,39,49,"Designer, television/film set",No,No,United States,Illinois,,
CUST-790858,Austin O. Kim,Other,59,77,Local government officer,No,No,United States,Illinois,,
CUST-159555,Alexander Y. Webster,Other,33,35,Chief Marketing Officer,No,No,United States,Illinois,,
CUST-266347,Evelyn U. Watkins,Other,26,48,Patent attorney,Yes,Yes,United States,Illinois,,
CUST-870105,Matthew A. Fields,Other,24,38,Counselling psychologist,Yes,Yes,United States,Illinois,,
CUST-398973,Owen O. Morales,Other,57,76,Insurance risk surveyor,Yes,Yes,United States,Illinois,,
CUST-443643,Jackson V. Woods,Other,19,44,Textile designer,Yes,Yes,United States,Illinois,,
CUST-486973,Theodore Z. Hanson,Other,43,61,"Therapist, speech and language",Yes,No,United States,Illinois,,
CUST-213767,Matthew Y. West,Other,19,23,Personnel officer,Yes,No,United States,Illinois,,
CUST-173791,Nathan Z. Barker,Other,37,55,Optometrist,Yes,Yes,United States,Illinois,,
CUST-485032,Gabriel V. Webb,Other,48,65,Hospital doctor,Yes,No,United States,Illinois,,
CUST-902247,William L. Palmer,Other,46,50,Building control surveyor,Yes,Yes,United States,Illinois,,
CUST-804912,Hunter Z. Hopkins,Other,46,66,Patent examiner,Yes,Yes,United States,Illinois,,
CUST-720268,Anthony L. Bowen,Other,50,71,Chartered accountant,Yes,No,United States,Illinois,,
CUST-904095,Benjamin K. Gregory,Other,23,24,"Psychologist, educational",Yes,Yes,United States,Illinois,,
CUST-644120,Jackson F. Ruiz,Other,50,58,Financial risk analyst,Yes,No,United States,Illinois,,
CUST-323500,Andrew O. Watson,Other,48,64,Environmental health practitioner,Yes,No,United States,Illinois,,
CUST-905618,Joseph P. Newton,Other,18,36,Sales promotion account executive,Yes,No,United States,Illinois,,
CUST-354280,Alexander B. Hampton,Other,19,20,Trading standards officer,Yes,No,United States,Illinois,,
CUST-982749,Henry K. Hardy,Other,29,35,Health visitor,Yes,Yes,United States,Illinois,,
CUST-123636,Alexander Q. Yates,Other,21,22,"Administrator, charities/voluntary organisations",Yes,No,United States,Illinois,,
CUST-307927,Charles O. Aguilar,Other,50,68,Art gallery manager,Yes,Yes,United States,Illinois,,
CUST-547995,Connor J. Bryant,Other,29,37,Technical sales engineer,Yes,No,United States,Illinois,,
CUST-414049,Austin V. Young,Other,48,68,"Engineer, chemical",Yes,No,United States,Illinois,,
CUST-644776,Andrew X. Miller,Other,58,82,Osteopath,Yes,Yes,United States,Illinois,,
CUST-351936,Christopher A. Russell,Other,22,29,Petroleum engineer,Yes,No,United States,Illinois,,
CUST-539609,Sebastian A. Murphy,Other,50,75,Training and development officer,Yes,Yes,United States,Illinois,,
CUST-940081,Andrew Y. Steele,Other,30,34,Early years teacher,Yes,Yes,United States,Illinois,,
CUST-568527,Theodore E. Hampton,Other,48,63,Counsellor,Yes,No,United States,Illinois,,
CUST-198873,Dylan B. Kelly,Other,52,59,"Conservator, museum/gallery",Yes,No,United States,Illinois,,
CUST-897210,Aaron J. Roberts,Other,36,59,Hotel manager,Yes,Yes,United States,Illinois,,
CUST-104642,Andrew S. Hart,Other,37,41,Environmental manager,Yes,No,United States,Illinois,,
CUST-748454,Carter N. Cox,Other,58,82,Insurance account manager,Yes,No,United States,Illinois,,
CUST-814337,Nathan L. Henry,Other,59,75,"Designer, graphic",Yes,Yes,United States,Illinois,,
CUST-457563,Alexander F. Reese,Other,51,57,"Engineer, land",Yes,Yes,United States,Illinois,,
CUST-334164,Thomas P. Sharp,Other,38,53,Financial trader,Yes,No,United States,Illinois,,
CUST-769206,Luke E. Flores,Other,40,54,Editorial assistant,Yes,Yes,United States,Illinois,,
CUST-138699,Jack O. Reed,Other,24,46,Landscape architect,Yes,No,United States,Illinois,,
CUST-514237,Alexander V. Duncan,Other,41,46,Probation officer,Yes,No,United States,Illinois,,
CUST-371367,Cameron Y. Cole,Other,19,22,"Production assistant, radio",Yes,No,United States,Illinois,,
CUST-387807,Nicholas W. Wolfe,Other,43,51,Environmental education officer,Yes,Yes,United States,Illinois,,
CUST-497616,Owen I. Hudson,Other,36,41,"Merchandiser, retail",Yes,No,United States,Illinois,,
CUST-646584,Thomas K. Adkins,Other,19,28,Aid worker,Yes,No,United States,Illinois,,
CUST-233820,Thomas X. Banks,Other,31,55,Management consultant,Yes,Yes,United States,Illinois,,
CUST-343244,Lucas U. Ross,Other,30,49,Clinical embryologist,Yes,No,United States,Illinois,,
CUST-187965,Luke X. Murphy,Other,41,47,Horticultural therapist,Yes,Yes,United States,Illinois,,
CUST-206974,Joshua K. Munoz,Other,40,51,"Geologist, engineering",Yes,Yes,United States,Illinois,,
CUST-427741,Nicholas T. Howell,Other,47,55,Environmental education officer,Yes,No,United States,Illinois,,
CUST-683508,Matthew J. Flores,Other,34,36,Insurance account manager,Yes,No,United States,Illinois,,
CUST-955755,Benjamin R. Valdez,Other,22,39,Astronomer,Yes,Yes,United States,Illinois,,
CUST-121465,Austin Q. Quinn,Other,51,55,"Engineer, site",Yes,Yes,United States,Illinois,,
CUST-239577,Cameron Y. McDonald,Other,29,30,Technical brewer,Yes,Yes,United States,Illinois,,
CUST-840350,Lucas U. Rivera,Other,42,44,Pathologist,Yes,Yes,United States,Illinois,,
CUST-525286,Jack I. Barrett,Other,27,30,"Loss adjuster, chartered",Yes,No,United States,Illinois,,
CUST-630596,Thomas L. Carr,Other,25,45,"Surveyor, land/geomatics",Yes,No,United States,Illinois,,
CUST-550655,Jack M. Sanders,Other,24,26,Broadcast journalist,Yes,Yes,United States,Illinois,,
CUST-883271,James V. Hill,Other,20,36,"Psychologist, prison and probation services",Yes,No,United States,Illinois,,
CUST-412248,Daniel A. Garrett,Other,53,78,Sports development officer,No,Yes,United States,North Carolina,,
CUST-228964,Caleb J. Dunn,Other,46,69,Industrial/product designer,Yes,No,United States,North Carolina,,
CUST-337194,Jackson D. Doyle,Other,41,64,Community education officer,Yes,No,United States,North Carolina,,
CUST-422831,Connor Y. Scott,Other,43,48,Higher education lecturer,Yes,Yes,United States,North Carolina,,
CUST-960928,Wyatt Z. Hodges,Other,20,37,"Accountant, chartered",No,No,United States,North Carolina,,
CUST-748521,Zachary U. Lyons,Other,18,42,Chartered loss adjuster,No,No,United States,North Carolina,,
CUST-610698,Adam H. Hines,Other,41,62,Interpreter,Yes,Yes,United States,North Carolina,,
CUST-861123,Hunter T. Soto,Other,45,58,Ceramics designer,Yes,No,United States,North Carolina,,
CUST-783336,Theodore I. Lawrence,Other,32,51,Dramatherapist,No,No,United States,North Carolina,,
CUST-907281,Thomas H. Schultz,Other,54,59,Music tutor,No,No,United States,North Carolina,,
CUST-162483,Carter Q. Hines,Other,27,46,Scientific laboratory technician,Yes,No,United States,North Carolina,,
CUST-408889,Henry V. Phillips,Other,28,51,Microbiologist,No,No,United States,North Carolina,,
CUST-541635,Thomas D. Harvey,Other,47,49,Software engineer,No,Yes,United States,North Carolina,,
CUST-141219,Andrew U. Patterson,Other,34,35,"Designer, textile",Yes,Yes,United States,North Carolina,,
CUST-446176,Zachary S. Dixon,Other,37,57,Architectural technologist,No,Yes,United States,North Carolina,,
CUST-701082,David R. Berry,Other,29,54,Mudlogger,No,No,United States,North Carolina,,
CUST-954489,Isaac D. Howard,Other,58,83,"Production assistant, radio",Yes,Yes,United States,North Carolina,,
CUST-210586,Benjamin E. Wood,Other,44,63,"Research officer, trade union",No,Yes,United States,North Carolina,,
CUST-670473,Cameron H. Wise,Other,53,63,"Surveyor, mining",No,Yes,United States,North Carolina,,
CUST-790577,Cameron J. White,Other,58,66,Ecologist,No,Yes,United States,North Carolina,,
CUST-172127,Austin U. Foster,Other,31,35,"Scientist, water quality",No,No,United States,North Carolina,,
CUST-190226,Evelyn C. Patterson,Other,51,72,Waste management officer,Yes,Yes,United States,North Carolina,,
CUST-911581,Cameron G. Dean,Other,37,46,"Engineer, agricultural",No,No,United States,North Carolina,,
CUST-481245,Andrew X. Little,Other,50,53,"Engineer, technical sales",No,No,United States,North Carolina,,
CUST-371399,Henry M. Mitchell,Other,26,33,Facilities manager,Yes,Yes,United States,North Carolina,,
CUST-456156,Dylan O. Robertson,Other,26,31,"Accountant, chartered management",Yes,No,United States,North Carolina,,
CUST-262866,Lucas Z. Pearson,Other,43,55,Historic buildings inspector/conservation officer,Yes,No,United States,North Carolina,,
CUST-298563,Austin Z. Holt,Other,24,48,Film/video editor,Yes,No,United States,North Carolina,,
CUST-716678,Caleb M. Blake,Other,27,40,Primary school teacher,No,No,United States,North Carolina,,
CUST-427178,James L. Beck,Other,36,42,Ranger/warden,Yes,Yes,United States,North Carolina,,
CUST-660590,David K. Rose,Other,44,68,"Scientist, marine",Yes,Yes,United States,North Carolina,,
CUST-497534,David O. Wallace,Other,58,59,Ecologist,Yes,No,United States,North Carolina,,
CUST-457860,Henry I. Keller,Other,35,55,Clinical molecular geneticist,No,Yes,United States,North Carolina,,
CUST-696775,Wyatt Y. Barrett,Other,48,64,"Designer, jewellery",Yes,No,United States,North Carolina,,
CUST-557735,Joshua D. Snyder,Other,36,57,Consulting civil engineer,No,Yes,United States,North Carolina,,
CUST-166557,Joshua R. Greer,Other,57,72,Midwife,No,No,United States,North Carolina,,
CUST-228609,Connor Q. Hopkins,Other,43,52,Armed forces logistics/support/administrative officer,Yes,No,United States,North Carolina,,
CUST-436841,Gabriel C. Long,Other,38,59,Clinical research associate,No,Yes,United States,North Carolina,,
CUST-546005,William G. Dawson,Other,39,42,Film/video editor,Yes,No,United States,North Carolina,,
CUST-994780,Gabriel X. Hopkins,Other,20,31,Contractor,No,No,United States,North Carolina,,
CUST-656896,Christopher G. Holmes,Other,52,74,Catering manager,No,Yes,United States,North Carolina,,
CUST-950119,David M. Ramos,Other,57,79,Actor,Yes,Yes,United States,North Carolina,,
CUST-310314,Sarah N. Maxwell,Other,45,63,Adult guidance worker,No,Yes,United States,North Carolina,,
CUST-900915,James D. Flowers,Other,60,83,Mining engineer,No,Yes,United States,North Carolina,,
CUST-153120,Dylan H. Newman,Other,42,62,Learning mentor,No,Yes,United States,North Carolina,,
CUST-657903,Matthew G. Hamilton,Other,22,31,Airline pilot,No,Yes,United States,North Carolina,,
CUST-785607,Hunter I. Arnold,Other,28,38,Mental health nurse,No,Yes,United States,North Carolina,,
CUST-817613,Hunter O. Ross,Other,18,39,Multimedia programmer,No,Yes,United States,North Carolina,,
CUST-503894,Connor F. Ingram,Other,51,52,Chief Executive Officer,No,No,United States,North Carolina,,
CUST-287639,Nathan Q. Graham,Other,40,64,"Programmer, applications",No,No,United States,North Carolina,,
CUST-629606,Dylan S. Nichols,Other,18,27,Charity fundraiser,No,No,United States,North Carolina,,
CUST-318254,Nicholas L. Mason,Other,44,57,"Conservator, furniture",No,Yes,United States,North Carolina,,
CUST-275960,Adam F. Dawson,Other,32,42,"Scientist, research (medical)",No,No,United States,North Carolina,,
CUST-501746,Hunter Q. Cobb,Other,50,61,Accommodation manager,Yes,No,United States,North Carolina,,
CUST-451356,Dylan Z. Steele,Other,49,60,Medical illustrator,Yes,Yes,United States,North Carolina,,
CUST-848402,Matthew I. Lyons,Other,38,62,"Administrator, arts",No,No,United States,North Carolina,,
CUST-336647,Oliver W. Taylor,Other,25,35,Public relations officer,No,No,United States,North Carolina,,
CUST-836858,Carter I. Nelson,Other,40,62,Police officer,Yes,No,United States,North Carolina,,
CUST-771620,Adam D. Armstrong,Other,35,40,Broadcast journalist,Yes,No,United States,North Carolina,,
CUST-591869,Jack Y. Maxwell,Other,44,62,Community education officer,Yes,No,United States,North Carolina,,
CUST-210993,Nathan Q. Mullins,Other,35,46,Ranger/warden,Yes,No,United States,North Carolina,,
CUST-119509,Austin I. Brewer,Other,53,73,Regulatory affairs officer,Yes,No,United States,North Carolina,,
CUST-140802,David E. Lane,Other,55,57,"Engineer, energy",No,Yes,United States,North Carolina,,
CUST-252292,Gabriel N. Andrews,Other,47,69,Product designer,Yes,Yes,United States,North Carolina,,
CUST-532626,Nathan R. Walker,Other,18,31,Emergency planning/management officer,No,Yes,United States,North Carolina,,
CUST-675803,Gabriel A. Hale,Other,35,56,"Programmer, systems",Yes,Yes,United States,North Carolina,,
CUST-309246,Austin M. Chavez,Other,49,71,Medical illustrator,Yes,Yes,United States,North Carolina,,
CUST-182982,Henry R. Carter,Other,40,60,"Psychologist, forensic",Yes,Yes,United States,North Carolina,,
CUST-588669,Christopher S. Rose,Other,46,64,Chief Strategy Officer,No,Yes,United States,North Carolina,,
CUST-943096,Oliver V. Burns,Other,56,67,Air traffic controller,Yes,Yes,United States,North Carolina,,
CUST-455488,Wyatt I. Bush,Other,29,48,Civil Service fast streamer,No,No,United States,North Carolina,,
CUST-631881,Connor W. Stewart,Other,43,55,"Civil engineer, contracting",No,Yes,United States,North Carolina,,
CUST-172310,Austin D. Adkins,Other,38,60,Research scientist (medical),No,No,United States,North Carolina,,
CUST-689122,Sebastian S. Matthews,Other,19,23,Estate manager/land agent,No,Yes,United States,North Carolina,,
CUST-710266,Alexander X. Hunter,Other,42,43,Audiological scientist,Yes,Yes,United States,North Carolina,,
CUST-988177,James H. Larson,Other,43,63,Occupational therapist,No,Yes,United States,North Carolina,,
CUST-611135,Lucas N. Larson,Other,21,32,Farm manager,No,Yes,United States,North Carolina,,
CUST-942522,Owen L. McCarthy,Other,25,31,TEFL teacher,Yes,Yes,United States,North Carolina,,
CUST-216898,Violet T. Nichols,Other,31,34,Gaffer,Yes,Yes,United States,North Carolina,,
CUST-404326,Grace Q. Arnold,Other,26,30,"Programme researcher, broadcasting/film/video",Yes,Yes,United States,North Carolina,,
CUST-621284,Carter E. Johnston,Other,38,58,Pathologist,No,Yes,United States,North Carolina,,
CUST-871036,Austin E. Guzman,Other,51,55,Energy engineer,Yes,Yes,United States,North Carolina,,
CUST-145345,Jack D. Herrera,Other,60,79,"Nurse, adult",No,Yes,United States,North Carolina,,
CUST-152256,Charles E. Murphy,Other,35,40,Chief Strategy Officer,Yes,Yes,United States,North Carolina,,
CUST-719533,Wyatt Q. Miller,Other,56,61,Television production assistant,Yes,Yes,United States,North Carolina,,
CUST-739104,Nathan L. Carter,Other,38,52,Telecommunications researcher,Yes,Yes,United States,North Carolina,,
CUST-270771,Alexander W. Walsh,Other,52,67,Midwife,No,No,United States,North Carolina,,
CUST-540154,Victoria Y. Shaw,Other,43,68,"Therapist, art",No,No,United States,North Carolina,,
CUST-457764,Nathan Y. Carr,Other,26,29,Environmental manager,Yes,Yes,United States,North Carolina,,
CUST-113196,Joshua C. Castro,Other,45,61,TEFL teacher,Yes,No,United States,North Carolina,,
CUST-727883,Isaac T. Goodwin,Other,32,53,"Journalist, magazine",Yes,Yes,United States,North Carolina,,
CUST-218389,Luke H. Schmidt,Other,41,56,Recruitment consultant,Yes,No,United States,North Carolina,,
CUST-172649,Joshua N. Stanley,Other,28,41,Environmental consultant,Yes,Yes,United States,North Carolina,,
CUST-997908,Aaron A. Hamilton,Other,35,55,Database administrator,No,Yes,United States,North Carolina,,
CUST-645107,Daniel F. Brewer,Other,22,30,Interior and spatial designer,Yes,Yes,United States,North Carolina,,
CUST-715196,Hunter F. Higgins,Other,53,58,Fine artist,Yes,No,United States,North Carolina,,
CUST-277115,Thomas M. Cohen,Other,25,33,Electronics engineer,Yes,No,United States,North Carolina,,
CUST-389293,Thomas A. Fuller,Other,24,33,"Psychologist, forensic",No,No,United States,North Carolina,,
CUST-479978,Lucas F. Hampton,Other,56,67,"Buyer, retail",Yes,No,United States,North Carolina,,
CUST-309848,Joseph Y. Campbell,Other,46,49,Electrical engineer,Yes,No,United States,North Carolina,,
CUST-978574,Owen N. Douglas,Other,36,52,Press sub,Yes,Yes,United States,North Carolina,,
CUST-462208,Isaac Q. Tate,Other,27,45,Operational researcher,Yes,Yes,United States,North Carolina,,
CUST-787920,Joshua G. Dawson,Other,46,52,Sports development officer,No,Yes,United States,North Carolina,,
CUST-281108,Joshua N. Coleman,Other,58,60,Patent examiner,Yes,No,United States,North Carolina,,
CUST-458147,Allison C. Reed,Other,45,55,Illustrator,No,Yes,United States,North Carolina,,
CUST-574917,Austin X. Carter,Other,55,57,Training and development officer,Yes,No,United States,North Carolina,,
CUST-150232,Luke Y. Reid,Other,18,26,Geoscientist,No,No,United States,North Carolina,,
CUST-117960,Theodore W. Larson,Other,46,58,Office manager,Yes,No,United States,North Carolina,,
CUST-986152,Oliver U. Jennings,Other,41,43,"Engineer, materials",Yes,No,United States,North Carolina,,
CUST-944230,Wyatt V. Barnett,Other,36,43,Statistician,No,No,United States,North Carolina,,
CUST-335354,Austin R. Romero,Other,53,61,Newspaper journalist,Yes,No,United States,North Carolina,,
CUST-307704,Nicholas A. Bradley,Other,34,47,"Psychotherapist, dance movement",No,Yes,United States,North Carolina,,
CUST-717194,Hunter F. Simmons,Other,26,41,Agricultural engineer,Yes,Yes,United States,North Carolina,,
CUST-947921,Hunter C. Byrd,Other,24,49,Mudlogger,Yes,No,United States,North Carolina,,
CUST-118563,Luke D. Wade,Other,36,59,Industrial buyer,Yes,Yes,United States,California,,
CUST-348806,Daniel D. Matthews,Other,32,39,Haematologist,Yes,No,United States,California,,
CUST-744958,Nathan V. Bowen,Other,43,45,Analytical chemist,Yes,Yes,United States,California,,
CUST-657924,Oliver Z. Flowers,Other,57,64,Physiological scientist,Yes,Yes,United States,California,,
CUST-246887,Caleb R. Munoz,Other,32,35,"Surveyor, hydrographic",No,No,United States,California,,
CUST-254875,Dylan Y. Little,Other,32,53,General practice doctor,Yes,No,United States,California,,
CUST-880129,Thomas Q. Carter,Other,52,57,"Accountant, chartered management",Yes,Yes,United States,California,,
CUST-878088,Caleb Z. Daniels,Other,30,42,"Chemist, analytical",Yes,No,United States,California,,
CUST-537536,Carter S. Johnston,Other,34,56,"Psychologist, prison and probation services",No,Yes,United States,California,,
CUST-366529,Daniel D. Black,Other,36,39,Medical laboratory scientific officer,No,No,United States,California,,
CUST-872278,Connor K. Stewart,Other,46,68,Manufacturing systems engineer,Yes,No,United States,California,,
CUST-869486,Isaac T. Baldwin,Other,28,35,"Presenter, broadcasting",No,No,United States,California,,
CUST-640994,Matthew V. Woods,Other,50,63,Cabin crew,Yes,Yes,United States,California,,
CUST-692827,Nicholas U. Hawkins,Other,32,40,"Engineer, civil (consulting)",No,Yes,United States,California,,
CUST-332953,David P. McCarthy,Other,29,43,Hydrographic surveyor,Yes,Yes,United States,California,,
CUST-138454,Carter P. Cummings,Other,30,54,"Engineer, production",Yes,Yes,United States,California,,
CUST-920370,Austin Y. James,Other,54,79,Estate manager/land agent,No,Yes,United States,California,,
CUST-537415,Alexander Z. Tate,Other,19,42,"Surveyor, minerals",Yes,No,United States,California,,
CUST-492038,Austin N. Santiago,Other,27,33,Pharmacologist,Yes,Yes,United States,California,,
CUST-209766,Nathan R. Peters,Other,35,53,Trade mark attorney,No,No,United States,California,,
CUST-576648,Joseph Y. Cannon,Other,37,60,Actuary,Yes,Yes,United States,California,,
CUST-747417,Daniel R. Kelley,Other,54,56,"Engineer, technical sales",No,Yes,United States,California,,
CUST-666258,Hunter H. Perkins,Other,37,59,Police officer,Yes,No,United States,California,,
CUST-615528,Jackson Y. Boyd,Other,46,69,"Designer, textile",Yes,No,United States,California,,
CUST-427799,Owen Z. Stone,Other,37,60,Police officer,No,No,United States,California,,
CUST-821217,Sebastian K. Williams,Other,27,28,Clinical embryologist,No,No,United States,California,,
CUST-886669,Henry V. Wade,Other,60,84,"Designer, ceramics/pottery",Yes,Yes,United States,California,,
CUST-383756,Jackson V. Bush,Other,44,60,"Presenter, broadcasting",Yes,No,United States,California,,
CUST-967114,Jack O. Sherman,Other,26,28,"Producer, radio",Yes,No,United States,California,,
CUST-432631,William V. Anderson,Other,43,65,"Conservator, museum/gallery",No,No,United States,California,,
CUST-509793,Jack W. Soto,Other,41,62,"Therapist, speech and language",No,No,United States,California,,
CUST-902717,Daniel Z. Willis,Other,40,58,Police officer,No,No,United States,California,,
CUST-998998,Nathan A. Gross,Other,56,69,"Education officer, environmental",No,Yes,United States,California,,
CUST-724933,Jack C. Brown,Other,22,40,Commercial horticulturist,No,Yes,United States,California,,
CUST-947859,Benjamin C. Bishop,Other,32,34,"Administrator, local government",No,Yes,United States,California,,
CUST-539727,Austin H. Vasquez,Other,38,40,Armed forces operational officer,Yes,Yes,United States,California,,
CUST-290945,Lucas G. Bryant,Other,40,58,"Engineer, maintenance",Yes,No,United States,California,,
CUST-987240,Aaron N. Gross,Other,22,31,Building services engineer,Yes,Yes,United States,California,,
CUST-371565,Anthony X. Cooper,Other,56,67,"Journalist, magazine",Yes,Yes,United States,California,,
CUST-334371,Austin A. Bowen,Other,52,60,Nature conservation officer,No,No,United States,California,,
CUST-588974,Thomas U. Brown,Other,52,55,Contracting civil engineer,No,No,United States,California,,
CUST-326495,Caleb U. Smith,Other,51,53,Learning disability nurse,No,Yes,United States,California,,
CUST-156817,Caleb P. Hunter,Other,51,67,Quantity surveyor,No,No,United States,California,,
CUST-886929,Carter Y. Burns,Other,40,44,Diplomatic Services operational officer,Yes,Yes,United States,California,,
CUST-785350,Alexander Z. Keller,Other,21,22,Horticultural therapist,Yes,Yes,United States,California,,
CUST-558535,Nicholas P. Gomez,Other,27,35,Special educational needs teacher,Yes,No,United States,California,,
CUST-224352,Jack N. Gilbert,Other,22,28,Haematologist,Yes,No,United States,California,,
CUST-191866,Alice S. Manning,Other,23,40,"Programmer, applications",No,Yes,United States,California,,
CUST-688973,Henry F. Graham,Other,49,59,Police officer,No,Yes,United States,California,,
CUST-830451,Caleb I. Montgomery,Other,37,55,Corporate treasurer,No,No,United States,California,,
CUST-291263,Connor Q. Mack,Other,55,72,Hydrogeologist,Yes,Yes,United States,California,,
CUST-645362,Sebastian F. Gilbert,Other,43,52,Photographer,Yes,Yes,United States,California,,
CUST-308002,Lauren H. Newton,Other,27,50,Therapeutic radiographer,No,Yes,United States,California,,
CUST-864974,Jackson X. Williamson,Other,55,62,Civil Service administrator,No,Yes,United States,California,,
CUST-283748,Oliver H. Hudson,Other,54,59,Production manager,Yes,No,United States,California,,
CUST-409494,Aaron N. Simpson,Other,42,67,"Designer, television/film set",Yes,No,United States,California,,
CUST-690056,Austin E. Reeves,Other,58,66,Interpreter,No,Yes,United States,California,,
CUST-379717,Daniel D. Alvarez,Other,37,56,"Designer, textile",No,No,United States,California,,
CUST-710477,James M. Wright,Other,33,38,Conference centre manager,No,No,United States,California,,
CUST-646255,Lucas G. Webb,Other,28,37,Retail merchandiser,No,No,United States,California,,
CUST-377510,Zachary C. Gregory,Other,29,40,IT trainer,Yes,No,United States,California,,
CUST-307237,Joseph V. Castillo,Other,32,49,"Optician, dispensing",No,Yes,United States,California,,
CUST-207229,Madison W. McDaniel,Other,43,47,Financial adviser,Yes,No,United States,California,,
CUST-444748,Carter C. May,Other,25,48,Hospital doctor,No,No,United States,California,,
CUST-288141,Nathan T. Keller,Other,47,48,"Designer, industrial/product",Yes,No,United States,California,,
CUST-148436,Austin K. Simmons,Other,53,59,Personnel officer,No,No,United States,California,,
CUST-388348,Adam B. Webb,Other,54,60,Intelligence analyst,No,No,United States,California,,
CUST-845118,Andrew X. Harvey,Other,50,53,Theatre director,No,No,United States,California,,
CUST-235247,Andrew X. Guerrero,Other,49,58,Historic buildings inspector/conservation officer,No,No,United States,California,,
CUST-260283,Charles O. Hubbard,Other,28,49,Police officer,Yes,No,United States,California,,
CUST-510067,Zachary F. Oliver,Other,40,42,"Nurse, mental health",No,No,United States,California,,
CUST-270742,Nicholas J. Chambers,Other,49,58,"Conservator, furniture",Yes,No,United States,California,,
CUST-520043,Austin E. Flowers,Other,42,53,"Conservation officer, nature",No,Yes,United States,California,,
CUST-971686,Charles G. Dennis,Other,25,28,Diplomatic Services operational officer,Yes,Yes,United States,California,,
CUST-107504,Luke O. Norman,Other,36,56,Charity fundraiser,Yes,Yes,United States,California,,
CUST-473646,David T. Bishop,Other,28,35,Youth worker,Yes,No,United States,California,,
CUST-101847,Wyatt R. Clark,Other,21,39,Writer,No,Yes,United States,California,,
CUST-726976,Jack G. Brown,Other,52,55,"Engineer, civil (contracting)",Yes,No,United States,California,,
CUST-422760,Luke Z. Walker,Other,44,64,"Copywriter, advertising",Yes,Yes,United States,California,,
CUST-194095,Theodore U. Russell,Other,22,29,Passenger transport manager,Yes,No,United States,California,,
CUST-368457,Dylan K. Norman,Other,24,47,Armed forces technical officer,Yes,Yes,United States,California,,
CUST-934513,David X. Hansen,Other,31,51,Arboriculturist,Yes,No,United States,California,,
CUST-115878,Joseph H. Swanson,Other,48,49,Theatre stage manager,No,No,United States,California,,
CUST-826376,Wyatt U. Rodgers,Other,59,77,Dancer,Yes,Yes,United States,California,,
CUST-605631,Caleb X. Walters,Other,49,67,Insurance underwriter,No,Yes,United States,California,,
CUST-554016,Hunter S. Dennis,Other,52,76,"Designer, exhibition/display",No,No,United States,North Dakota,,
CUST-378647,Theodore E. Jacobs,Other,19,34,Claims inspector/assessor,No,No,United States,North Dakota,,
CUST-226871,Lucas H. Wolfe,Other,52,67,Osteopath,No,No,United States,North Dakota,,
CUST-776940,Joshua P. Moore,Other,19,21,"Biochemist, clinical",Yes,Yes,United States,North Dakota,,
CUST-106291,Christopher E. Moss,Other,37,51,Intelligence analyst,Yes,Yes,United States,North Dakota,,
CUST-671455,Anthony T. Manning,Other,39,59,Theme park manager,Yes,No,United States,North Dakota,,
CUST-973612,Theodore Z. Carroll,Other,51,75,Veterinary surgeon,No,No,United States,North Dakota,,
CUST-665368,Anthony P. Hoffman,Other,55,57,Television floor manager,Yes,No,United States,North Dakota,,
CUST-758463,Jack T. Patton,Other,30,54,Theatre director,Yes,Yes,United States,North Dakota,,
CUST-928674,Austin U. White,Other,35,41,"Teacher, early years/pre",Yes,Yes,United States,North Dakota,,
CUST-366189,Luke Z. Byrd,Other,19,20,Museum/gallery exhibitions officer,Yes,No,United States,North Dakota,,
CUST-231975,Sebastian S. Ortega,Other,51,61,Trade union research officer,Yes,No,United States,North Dakota,,
CUST-518367,Joseph I. Curry,Other,35,52,Chief Technology Officer,No,Yes,United States,North Dakota,,
CUST-444610,Connor B. Stokes,Other,28,44,Chemical engineer,No,Yes,United States,North Dakota,,
CUST-389965,Nathan Z. Long,Other,49,69,Environmental health practitioner,Yes,No,United States,North Dakota,,
CUST-544329,Austin W. Peterson,Other,50,68,Medical laboratory scientific officer,No,No,United States,North Dakota,,
CUST-582210,David G. Fletcher,Other,38,53,Occupational therapist,No,No,United States,North Dakota,,
CUST-904549,Gabriel L. Maxwell,Other,50,74,Neurosurgeon,Yes,Yes,United States,North Dakota,,
CUST-372216,Carter X. Phillips,Other,59,69,Pharmacologist,Yes,No,United States,North Dakota,,
CUST-189355,Gabriel F. White,Other,19,31,Herpetologist,No,Yes,United States,North Dakota,,
CUST-703994,Andrew C. Clark,Other,47,50,"Engineer, technical sales",No,Yes,United States,North Dakota,,
CUST-926391,Sebastian K. Romero,Other,24,30,Call centre manager,No,No,United States,North Dakota,,
CUST-773969,Alexander G. Floyd,Other,18,35,"Accountant, chartered",No,No,United States,North Dakota,,
CUST-662050,Lucas J. Miles,Other,43,61,Advertising account planner,Yes,No,United States,North Dakota,,
CUST-258059,Thomas G. Munoz,Other,25,44,"Conservation officer, nature",Yes,No,United States,North Dakota,,
CUST-257115,Hunter O. Kelley,Other,34,54,"Administrator, education",No,No,United States,North Dakota,,
CUST-989762,Anthony L. Davidson,Other,50,67,Housing manager/officer,No,Yes,United States,North Dakota,,
CUST-557894,Oliver K. Stewart,Other,33,42,Food technologist,Yes,No,United States,North Dakota,,
CUST-710633,Anthony O. Patterson,Other,44,45,Dancer,No,Yes,United States,North Dakota,,
CUST-620380,Theodore O. Smith,Other,49,57,"Engineer, manufacturing",Yes,Yes,United States,North Dakota,,
CUST-582633,Cameron V. Goodman,Other,26,49,Learning disability nurse,No,Yes,United States,North Dakota,,
CUST-770072,Jackson J. Sandoval,Other,57,66,Building services engineer,Yes,Yes,United States,North Dakota,,
CUST-607023,William S. Davis,Other,28,46,Actor,No,Yes,United States,North Dakota,,
CUST-432203,Jackson G. Hanson,Other,27,51,"Education officer, museum",Yes,No,United States,North Dakota,,
CUST-952091,Alexander M. McDaniel,Other,52,73,Equities trader,Yes,No,United States,North Dakota,,
CUST-563322,Anthony Z. Shelton,Other,42,54,"Engineer, maintenance (IT)",No,Yes,United States,North Dakota,,
CUST-427932,Allison A. Malone,Other,47,60,"Buyer, retail",No,Yes,United States,North Dakota,,
CUST-795650,Anthony S. Bowen,Other,60,77,Market researcher,Yes,Yes,United States,North Dakota,,
CUST-352803,Henry I. Doyle,Other,45,69,Site engineer,Yes,Yes,United States,North Dakota,,
CUST-246354,Luke C. Rivera,Other,37,39,Risk manager,Yes,No,United States,North Dakota,,
CUST-520337,Christopher S. Powell,Other,51,70,Television/film/video producer,No,Yes,United States,North Dakota,,
CUST-753027,Aaron C. Gordon,Other,26,44,Psychiatric nurse,Yes,Yes,United States,North Dakota,,
CUST-206400,Christopher O. Byrd,Other,23,34,Sub,No,No,United States,North Dakota,,
CUST-965467,Sebastian M. Ortega,Other,31,32,"Librarian, public",No,Yes,United States,North Dakota,,
CUST-769041,Nicholas S. Howard,Other,20,43,"Administrator, arts",Yes,No,United States,North Dakota,,
CUST-523413,James A. Daniels,Other,18,21,Aid worker,Yes,Yes,United States,North Dakota,,
CUST-857420,Dylan H. Ross,Other,41,54,Lobbyist,No,Yes,United States,North Dakota,,
CUST-604441,Owen H. Hoffman,Other,24,42,Writer,Yes,No,United States,North Dakota,,
CUST-544993,Joseph T. Malone,Other,37,53,Computer games developer,Yes,Yes,United States,North Dakota,,
CUST-727589,Thomas B. Kelly,Other,24,30,Accounting technician,No,No,United States,North Dakota,,
CUST-342429,Luke Y. Reese,Other,56,62,Naval architect,No,Yes,United States,North Dakota,,
CUST-840664,Dylan I. Holmes,Other,52,55,IT consultant,No,No,United States,North Dakota,,
CUST-109980,Benjamin T. Ruiz,Other,57,79,Advice worker,Yes,No,United States,North Dakota,,
CUST-949666,Nicholas R. Henry,Other,55,74,Speech and language therapist,Yes,Yes,United States,North Dakota,,
CUST-380931,Anthony U. Powers,Other,20,40,Tree surgeon,No,No,United States,North Dakota,,
CUST-169152,William R. Soto,Other,41,51,International aid/development worker,Yes,Yes,United States,North Dakota,,
CUST-999713,Jackson V. Curry,Other,38,54,Equities trader,No,Yes,United States,North Dakota,,
CUST-720696,Luke H. Weaver,Other,34,35,Marine scientist,Yes,No,United States,North Dakota,,
CUST-321381,Aaron J. Walters,Other,49,67,Industrial/product designer,Yes,Yes,United States,North Dakota,,
CUST-968010,Thomas Q. Cook,Other,48,67,Health physicist,Yes,Yes,United States,North Dakota,,
CUST-953109,Isaac H. Hunter,Other,22,30,"Teacher, primary school",No,No,United States,North Dakota,,
CUST-801418,Joseph W. Simmons,Other,23,39,Sports coach,Yes,Yes,United States,North Dakota,,
CUST-391761,Lucas J. Graham,Other,24,42,"Engineer, communications",No,Yes,United States,North Dakota,,
CUST-196856,Oliver M. Nunez,Other,60,76,"Civil engineer, contracting",Yes,No,United States,North Dakota,,
CUST-994596,Joseph I. Freeman,Other,60,85,Office manager,Yes,No,United States,North Dakota,,
CUST-202089,Nicholas C. Aguilar,Other,59,66,Financial risk analyst,No,Yes,United States,North Dakota,,
CUST-194236,Alexander A. Ward,Other,24,25,Textile designer,No,Yes,United States,North Dakota,,
CUST-598377,Sebastian P. George,Other,52,72,Secretary/administrator,Yes,No,United States,Oregon,,
CUST-379569,Joshua G. Neal,Other,39,55,Paediatric nurse,No,No,United States,Oregon,,
CUST-244091,Alexander X. Martin,Other,51,58,"Education officer, community",Yes,No,United States,Oregon,,
CUST-259016,Dylan T. Wood,Other,53,74,Trade union research officer,Yes,Yes,United States,Oregon,,
CUST-265141,Adam K. Spencer,Other,52,77,Midwife,No,No,United States,Oregon,,
CUST-509268,Joshua R. Kennedy,Other,43,62,Facilities manager,Yes,Yes,United States,Oregon,,
CUST-159193,Austin R. Carlson,Other,38,39,Broadcast engineer,Yes,No,United States,Oregon,,
CUST-829132,Zachary B. Reyes,Other,55,64,"Journalist, broadcasting",No,Yes,United States,Oregon,,
CUST-229592,Gabriel D. Morgan,Other,60,82,Newspaper journalist,No,Yes,United States,Oregon,,
CUST-208978,William V. Palmer,Other,32,56,Production engineer,Yes,Yes,United States,Oregon,,
CUST-400327,David Z. Pope,Other,47,53,Stage manager,No,Yes,United States,Oregon,,
CUST-212316,Andrew X. Armstrong,Other,29,54,Animator,Yes,Yes,United States,Oregon,,
CUST-215155,Anthony H. Hampton,Other,24,33,Firefighter,No,Yes,United States,Oregon,,
CUST-820995,Gabriel A. Mason,Other,37,47,Tax adviser,Yes,No,United States,Oregon,,
CUST-761501,Henry Y. Townsend,Other,40,55,"Psychologist, forensic",Yes,Yes,United States,Oregon,,
CUST-933472,Aaron B. Lewis,Other,60,64,"Conservator, museum/gallery",No,No,United States,Oregon,,
CUST-833295,Connor U. Jennings,Other,44,48,"Surveyor, insurance",Yes,No,United States,Oregon,,
CUST-404968,David E. Elliott,Other,59,78,Optometrist,No,No,United States,Oregon,,
CUST-826323,Gabriel T. Moss,Other,27,36,Communications engineer,Yes,No,United States,Oregon,,
CUST-665282,Jack I. Munoz,Other,28,35,"Psychologist, sport and exercise",No,Yes,United States,Oregon,,
CUST-807169,Lucas C. Peterson,Other,28,37,"Administrator, Civil Service",Yes,Yes,United States,Oregon,,
CUST-559389,Gabriel H. Rowe,Other,54,70,Information systems manager,No,Yes,United States,Oregon,,
CUST-385344,Henry M. Soto,Other,31,41,Fast food restaurant manager,Yes,Yes,United States,Oregon,,
CUST-177203,David G. Mendoza,Other,35,36,Podiatrist,Yes,No,United States,Oregon,,
CUST-898095,Aaron D. Fields,Other,34,43,Armed forces training and education officer,Yes,No,United States,Oregon,,
CUST-474875,Andrew A. Marshall,Other,20,33,Community arts worker,No,No,United States,Oregon,,
CUST-283226,Jackson Y. Newman,Other,48,50,Tourist information centre manager,Yes,Yes,United States,Oregon,,
CUST-659727,Isaac K. Snyder,Other,27,29,"Psychotherapist, child",No,Yes,United States,Oregon,,
CUST-274004,Jackson X. Andrews,Other,35,45,Pharmacologist,No,Yes,United States,Oregon,,
CUST-385579,Joseph N. Walsh,Other,27,50,Editorial assistant,Yes,No,United States,Oregon,,
CUST-618430,Anthony C. Quinn,Other,47,51,Broadcast engineer,Yes,Yes,United States,Oregon,,
CUST-984542,Aaron Z. Stone,Other,41,49,Editorial assistant,Yes,Yes,United States,Oregon,,
CUST-269403,Austin A. Arnold,Other,47,58,"Designer, interior/spatial",No,Yes,United States,Pennsylvania,,
CUST-391551,Wyatt H. Hicks,Other,25,38,"Teacher, secondary school",No,No,United States,Pennsylvania,,
CUST-338321,Oliver N. Mills,Other,22,26,"Investment banker, operational",Yes,Yes,United States,Pennsylvania,,
CUST-951423,Joseph P. Arnold,Other,26,31,"Loss adjuster, chartered",No,No,United States,Pennsylvania,,
CUST-568554,Nicholas I. Baker,Other,21,26,"Psychologist, sport and exercise",No,No,United States,Pennsylvania,,
CUST-178098,Daniel H. Patton,Other,40,50,Clinical molecular geneticist,No,No,United States,Pennsylvania,,
CUST-294501,Oliver F. Wood,Other,41,52,Psychiatric nurse,No,No,United States,Pennsylvania,,
CUST-749920,Carter L. McGee,Other,53,58,Hotel manager,No,Yes,United States,Pennsylvania,,
CUST-267512,Owen K. Carter,Other,54,56,Quantity surveyor,No,Yes,United States,Pennsylvania,,
CUST-372416,Carter B. Lindsey,Other,29,44,"Lighting technician, broadcasting/film/video",Yes,No,United States,Pennsylvania,,
CUST-205491,Sebastian P. Goodman,Other,28,46,"Embryologist, clinical",No,Yes,United States,Pennsylvania,,
CUST-884577,Gabriel Y. Horton,Other,37,50,Prison officer,No,Yes,United States,Pennsylvania,,
CUST-248373,Cameron T. Davidson,Other,23,36,"Engineer, control and instrumentation",No,No,United States,Pennsylvania,,
CUST-162513,Oliver Y. Delgado,Other,48,56,Chief Technology Officer,No,Yes,United States,Pennsylvania,,
CUST-913870,Gabriel B. Matthews,Other,59,75,"Engineer, land",Yes,No,United States,Pennsylvania,,
CUST-776268,Connor Y. Soto,Other,51,53,Arts development officer,No,No,United States,Pennsylvania,,
CUST-474163,Theodore X. Munoz,Other,41,52,Theatre manager,No,No,United States,Pennsylvania,,
CUST-385490,William I. Castillo,Other,37,46,IT trainer,No,Yes,United States,Pennsylvania,,
CUST-515477,Andrew C. Malone,Other,43,47,"Scientist, research (life sciences)",No,No,United States,Pennsylvania,,
CUST-349512,Joshua A. Griffith,Other,55,75,"Scientist, research (physical sciences)",Yes,No,United States,Pennsylvania,,
CUST-920121,Luke A. Adkins,Other,54,66,"Psychologist, clinical",Yes,Yes,United States,Pennsylvania,,
CUST-645159,Gabriel T. Flores,Other,41,47,Oceanographer,Yes,Yes,United States,Pennsylvania,,
CUST-666118,Nicholas F. Lewis,Other,38,57,Barrister,No,No,United States,Pennsylvania,,
CUST-344629,Jack J. Palmer,Other,27,28,Forensic psychologist,Yes,No,United States,Pennsylvania,,
CUST-787512,Oliver L. Simmons,Other,35,59,Accommodation manager,Yes,Yes,United States,Pennsylvania,,
CUST-235744,Benjamin Q. Barker,Other,56,60,"Scientist, research (medical)",Yes,No,United States,Pennsylvania,,
CUST-608451,Benjamin D. Manning,Other,39,52,Company secretary,No,Yes,United States,Pennsylvania,,
CUST-807033,Nicholas Y. Meyer,Other,43,61,Garment/textile technologist,No,Yes,United States,Pennsylvania,,
CUST-354633,Wyatt M. Francis,Other,36,59,"Geologist, wellsite",No,No,United States,Pennsylvania,,
CUST-810724,Aaron N. Lowe,Other,18,38,"Engineer, electronics",Yes,Yes,United States,Pennsylvania,,
CUST-956058,Wyatt F. Welch,Other,25,41,Economist,Yes,No,United States,Pennsylvania,,
CUST-983175,Andrew X. Fletcher,Other,40,60,Dramatherapist,No,Yes,United States,Pennsylvania,,
CUST-450486,Adam A. Lawrence,Other,30,48,"Scientist, physiological",No,Yes,United States,Pennsylvania,,
CUST-823227,Jack Z. Gibbs,Other,42,59,"Journalist, broadcasting",Yes,Yes,United States,Pennsylvania,,
CUST-983258,Thomas F. Chandler,Other,46,57,Operations geologist,No,Yes,United States,Pennsylvania,,
CUST-547045,David V. Stanley,Other,20,33,Community pharmacist,Yes,No,United States,Pennsylvania,,
CUST-288058,Andrew X. Curry,Other,52,76,Press photographer,No,Yes,United States,Pennsylvania,,
CUST-209567,Audrey Z. Reeves,Other,52,58,Art therapist,No,No,United States,Pennsylvania,,
CUST-832375,Gabriel U. Dean,Other,21,29,"Engineer, drilling",No,Yes,United States,Pennsylvania,,
CUST-981586,Aaron Y. Howard,Other,48,63,Environmental consultant,Yes,Yes,United States,Pennsylvania,,
CUST-487613,Nicholas D. McCoy,Other,34,36,Medical technical officer,No,No,United States,Pennsylvania,,
CUST-663351,Matthew Q. Dunn,Other,60,85,Broadcast presenter,Yes,No,United States,Pennsylvania,,
CUST-529635,Dylan F. Collins,Other,40,62,Ship broker,No,Yes,United States,Pennsylvania,,
CUST-429595,Benjamin D. Ortega,Other,56,78,"Surveyor, building control",No,No,United States,Pennsylvania,,
CUST-701416,Caleb U. Reed,Other,30,32,Information systems manager,Yes,Yes,United States,Pennsylvania,,
CUST-880971,James C. Alvarez,Other,20,40,Scientific laboratory technician,No,No,United States,Pennsylvania,,
CUST-294531,Charles T. Daniel,Other,45,61,Clothing/textile technologist,No,Yes,United States,Pennsylvania,,
CUST-995508,Anthony Z. Barnes,Other,25,50,Special effects artist,No,No,United States,Pennsylvania,,
CUST-697078,Daniel Z. Keller,Other,58,71,Musician,Yes,Yes,United States,Pennsylvania,,
CUST-212754,Isaac O. Glover,Other,60,64,"Sound technician, broadcasting/film/video",No,No,United States,Pennsylvania,,
CUST-220857,Isaac A. Love,Other,49,59,Electronics engineer,Yes,Yes,United States,Pennsylvania,,
CUST-147291,Hunter Y. Jordan,Other,50,73,"Chemist, analytical",No,No,United States,Pennsylvania,,
CUST-983405,Anthony U. Patterson,Other,50,51,"Development worker, community",Yes,Yes,United States,Pennsylvania,,
CUST-521936,Christopher O. Ortega,Other,48,73,"Conservation officer, nature",No,Yes,United States,Pennsylvania,,
CUST-460298,Oliver Q. Howard,Other,36,43,"Production designer, theatre/television/film",Yes,Yes,United States,Pennsylvania,,
CUST-892360,Lucas W. Swanson,Other,55,78,"Engineer, materials",No,Yes,United States,Pennsylvania,,
CUST-930279,Isaac M. Saunders,Other,30,35,Furniture designer,Yes,Yes,United States,Pennsylvania,,
CUST-886346,Dylan F. Vasquez,Other,59,63,Herbalist,No,Yes,United States,Pennsylvania,,
CUST-756349,Carter N. Hudson,Other,42,49,Charity fundraiser,No,Yes,United States,Pennsylvania,,
CUST-623685,Theodore Y. Bates,Other,23,42,Industrial buyer,Yes,No,United States,Pennsylvania,,
CUST-451762,Matthew L. Kim,Other,46,67,Food technologist,Yes,No,United States,Pennsylvania,,
CUST-119114,Lucas B. Jones,Other,26,43,"Horticulturist, commercial",No,Yes,United States,Pennsylvania,,
CUST-922729,Anthony S. Duncan,Other,38,58,Learning disability nurse,No,No,United States,Pennsylvania,,
CUST-165439,Adam R. Silva,Other,28,32,Patent attorney,Yes,Yes,United States,Washington,,
CUST-569482,Alexander U. Mendez,Other,48,72,Patent attorney,No,Yes,United States,Washington,,
CUST-285051,Andrew R. Joseph,Other,34,50,Prison officer,No,Yes,United States,Washington,,
CUST-351335,David Q. Reyes,Other,31,49,Arts development officer,Yes,Yes,United States,Washington,,
CUST-498177,Austin P. Rogers,Other,39,64,IT sales professional,Yes,Yes,United States,Washington,,
CUST-202600,Sebastian F. Rios,Other,29,31,Chartered legal executive (England and Wales),Yes,Yes,United States,Washington,,
CUST-609145,Dylan I. Hale,Other,44,66,Psychiatrist,Yes,No,United States,Washington,,
CUST-505021,Aaron B. Baker,Other,45,56,"Designer, ceramics/pottery",Yes,No,United States,Washington,,
CUST-295091,Lucy K. Wilson,Other,18,33,Geoscientist,Yes,Yes,United States,Washington,,
CUST-112246,Addison Q. Gordon,Other,24,30,Accommodation manager,No,No,United States,Washington,,
CUST-788106,Austin K. Lane,Other,39,42,Web designer,No,Yes,United States,Washington,,
CUST-533296,Wyatt X. Lambert,Other,38,43,"Engineer, electrical",No,No,United States,Washington,,
CUST-596689,Austin U. Flores,Other,32,34,"Designer, exhibition/display",No,No,United States,Washington,,
CUST-645924,Jackson S. Williams,Other,46,52,"Engineer, electrical",Yes,Yes,United States,Washington,,
CUST-932325,Matthew K. Guzman,Other,39,49,"Therapist, speech and language",No,No,United States,Washington,,
CUST-291283,Benjamin D. Hunt,Other,52,77,Farm manager,Yes,Yes,United States,Washington,,
CUST-244509,Andrew W. Arnold,Other,22,47,Clinical psychologist,Yes,No,United States,Washington,,
CUST-676266,Caleb A. Crawford,Other,44,47,Tax inspector,Yes,No,United States,Washington,,
CUST-134141,Andrew P. Simmons,Other,22,24,Government social research officer,Yes,No,United States,Washington,,
CUST-352056,Charles W. Williams,Other,59,78,"Engineer, production",Yes,Yes,United States,Washington,,
CUST-740951,Adam I. Gordon,Other,31,35,"Physicist, medical",No,Yes,United States,Washington,,
CUST-962731,William O. Garza,Other,31,55,Pharmacologist,Yes,Yes,United States,Washington,,
CUST-437191,Luke I. Bates,Other,32,48,"Administrator, education",No,Yes,United States,Washington,,
CUST-147774,David L. Oliver,Other,31,48,Sports therapist,No,No,United States,Washington,,
CUST-203709,Daniel F. Warren,Other,35,47,"Designer, graphic",Yes,Yes,United States,Washington,,
CUST-274974,Austin C. Maldonado,Other,37,50,"Engineer, aeronautical",No,Yes,United States,Washington,,
CUST-499293,Theodore N. Miles,Other,32,54,Landscape architect,Yes,Yes,United States,Washington,,
CUST-393742,Hunter O. Cohen,Other,59,69,Child psychotherapist,Yes,No,United States,Florida,,
CUST-607618,Charles J. Keller,Other,55,68,Further education lecturer,Yes,No,United States,Florida,,
CUST-114634,Caleb V. Gregory,Other,18,24,Astronomer,No,No,United States,Florida,,
CUST-439855,Nicholas D. Soto,Other,44,66,"Scientist, marine",No,No,United States,Florida,,
CUST-105431,Jackson S. Ingram,Other,32,43,Sports coach,Yes,No,United States,Florida,,
CUST-187347,Charles W. Alvarez,Other,21,38,Communications engineer,No,Yes,United States,Florida,,
CUST-460799,William O. Allen,Other,51,54,Recycling officer,Yes,No,United States,Florida,,
CUST-203484,Sebastian C. Hart,Other,38,58,Learning disability nurse,Yes,No,United States,Florida,,
CUST-610412,Aaron Q. Russell,Other,47,71,"Loss adjuster, chartered",No,No,United States,Florida,,
CUST-530084,Nathan Q. Thompson,Other,41,52,Metallurgist,Yes,No,United States,Florida,,
CUST-876171,Adam X. Hudson,Other,20,41,Call centre manager,No,Yes,United States,Florida,,
CUST-969455,Nathan F. Sullivan,Other,38,39,Event organiser,No,Yes,United States,Florida,,
CUST-610290,Theodore V. Meyer,Other,36,49,Local government officer,Yes,No,United States,Florida,,
CUST-767569,Zachary H. Simmons,Other,51,68,Osteopath,No,No,United States,Florida,,
CUST-969544,Joshua Y. Russell,Other,49,63,Merchant navy officer,Yes,Yes,United States,Florida,,
CUST-322690,Owen C. Armstrong,Other,56,69,Professor Emeritus,No,No,United States,Florida,,
CUST-264030,Connor Z. Matthews,Other,47,71,Theatre manager,Yes,Yes,United States,Florida,,
CUST-459190,Nathan U. Goodwin,Other,41,59,"Accountant, chartered",No,Yes,United States,Florida,,
CUST-237214,Caleb I. Taylor,Other,21,25,Tree surgeon,No,Yes,United States,Florida,,
CUST-840330,Christopher V. Fletcher,Other,20,40,"Therapist, music",No,No,United States,Florida,,
CUST-970783,Isaac C. Boyd,Other,46,69,Haematologist,No,Yes,United States,Florida,,
CUST-848800,Alexander Y. Montgomery,Other,44,49,Consulting civil engineer,Yes,No,United States,Florida,,
CUST-237806,Charles R. Hammond,Other,37,51,Personnel officer,Yes,No,United States,Florida,,
CUST-727934,Anthony Q. Soto,Other,53,63,Podiatrist,Yes,No,United States,Florida,,
CUST-685329,David C. Chandler,Other,53,64,Insurance claims handler,No,Yes,United States,Florida,,
CUST-519458,Thomas V. Watts,Other,59,62,"Engineer, agricultural",No,Yes,United States,Florida,,
CUST-679844,Carter P. Austin,Other,41,60,"Buyer, retail",No,Yes,United States,Florida,,
CUST-120440,Jack Z. Howard,Other,37,39,Energy engineer,No,No,United States,Florida,,
CUST-955729,Caleb Y. Walker,Other,24,36,"Journalist, newspaper",No,Yes,United States,Florida,,
CUST-769435,Anthony Q. Mendez,Other,46,54,Multimedia programmer,Yes,Yes,United States,Florida,,
CUST-582919,Nathan H. Matthews,Other,59,76,Production engineer,No,No,United States,Florida,,
CUST-534531,David N. Ross,Other,51,61,"Engineer, control and instrumentation",Yes,Yes,United States,Florida,,
CUST-437337,Hunter T. Day,Other,58,83,Health and safety inspector,Yes,No,United States,Florida,,
CUST-146961,Sebastian Z. Coleman,Other,60,78,Ergonomist,Yes,No,United States,Florida,,
CUST-734595,James I. Barker,Other,51,67,Print production planner,No,Yes,United States,Florida,,
CUST-797069,Aaron T. Carr,Other,32,35,Geophysicist/field seismologist,Yes,Yes,United States,Florida,,
CUST-134180,William S. Flores,Other,45,66,Statistician,No,No,United States,Florida,,
CUST-305414,Gabriel L. Dixon,Other,52,75,Editorial assistant,No,Yes,United States,Florida,,
CUST-407403,David N. Ramos,Other,51,70,Aeronautical engineer,Yes,No,United States,Florida,,
CUST-883781,Sebastian T. Rhodes,Other,22,45,Research scientist (maths),Yes,Yes,United States,Florida,,
CUST-468195,Dylan Y. Hubbard,Other,26,37,Lawyer,No,Yes,United States,Florida,,
CUST-347091,Cameron W. Banks,Other,20,33,"Engineer, maintenance",No,Yes,United States,Florida,,
CUST-211677,Christopher O. Medina,Other,45,67,"Education officer, environmental",Yes,Yes,United States,Florida,,
CUST-555994,Dylan Z. White,Other,22,36,IT technical support officer,Yes,Yes,United States,Texas,,
CUST-359179,Jackson P. Reyes,Other,23,33,Naval architect,Yes,No,United States,Texas,,
CUST-297585,Lucas N. Austin,Other,48,58,Radiation protection practitioner,No,Yes,United States,Texas,,
CUST-984289,Wyatt T. Riley,Other,34,45,Ergonomist,Yes,Yes,United States,Texas,,
CUST-711402,Henry N. Fields,Other,21,41,"Psychologist, clinical",No,Yes,United States,Texas,,
CUST-656355,Caleb P. Romero,Other,19,27,"Teacher, English as a foreign language",No,Yes,United States,Texas,,
CUST-815757,Nicholas E. Hicks,Other,34,53,Civil Service administrator,Yes,Yes,United States,Texas,,
CUST-319150,Thomas D. Conner,Other,60,69,"Designer, ceramics/pottery",No,Yes,United States,Texas,,
CUST-797842,Jackson C. Hanson,Other,60,64,"Editor, film/video",No,Yes,United States,Texas,,
CUST-758684,Aaron G. McCoy,Other,31,37,"Engineer, building services",Yes,No,United States,Texas,,
CUST-488142,Henry W. Carroll,Other,38,61,"Producer, radio",Yes,No,United States,Texas,,
CUST-376307,Daniel U. Goodwin,Other,19,42,Applications developer,No,Yes,United States,Texas,,
CUST-735786,David Y. Fuller,Other,55,65,Clinical psychologist,Yes,Yes,United States,Texas,,
CUST-935770,Dylan O. Maxwell,Other,56,73,Lexicographer,Yes,No,United States,Texas,,
CUST-759594,David V. Davidson,Other,25,41,Manufacturing systems engineer,No,Yes,United States,Texas,,
CUST-587049,Nicholas V. Webb,Other,44,52,Futures trader,No,No,United States,Texas,,
CUST-296914,Joseph P. Tucker,Other,34,38,"Teacher, music",Yes,No,United States,Texas,,
CUST-671987,Jack I. Kelly,Other,41,60,"Civil engineer, consulting",Yes,No,United States,Texas,,
CUST-381644,Hunter B. Holland,Other,24,41,"Presenter, broadcasting",Yes,No,United States,Texas,,
CUST-326515,William V. Henry,Other,19,20,Retail manager,Yes,No,United States,Texas,,
CUST-471487,Jack W. Fernandez,Other,50,65,Orthoptist,No,No,United States,Texas,,
CUST-380933,Thomas L. Guzman,Other,29,43,"Lighting technician, broadcasting/film/video",Yes,No,United States,Texas,,
CUST-811476,Grace G. Newman,Other,60,81,"Surveyor, mining",Yes,No,United States,Texas,,
CUST-204494,Zachary T. Gibbs,Other,46,50,Public house manager,Yes,No,United States,Texas,,
CUST-337394,Isabella M. Thornton,Other,24,35,Herbalist,Yes,No,United States,Texas,,
CUST-861644,Wyatt J. Johnston,Other,19,43,Local government officer,Yes,No,United States,Texas,,
CUST-102914,Austin I. Allen,Other,50,54,Contracting civil engineer,No,Yes,United States,Texas,,
CUST-810813,Matthew X. Reyes,Other,37,57,"Accountant, chartered",No,Yes,United States,Texas,,
CUST-781880,James B. Goodwin,Other,30,45,Pathologist,Yes,No,United States,Texas,,
CUST-226301,Matthew N. Burns,Other,54,68,Copy,No,Yes,United States,Texas,,
CUST-663388,Zachary X. Estrada,Other,45,58,Emergency planning/management officer,Yes,No,United States,Texas,,
CUST-387355,Joseph Y. Haynes,Other,43,46,Broadcast presenter,No,No,United States,Texas,,
CUST-418382,Benjamin L. Howard,Other,28,51,Textile designer,No,No,United States,Texas,,
CUST-644815,Jackson F. Cummings,Other,18,26,Site engineer,No,No,United States,Texas,,
CUST-948862,Joshua S. Franklin,Other,35,40,Air traffic controller,Yes,No,United States,Texas,,
CUST-188393,Lucas H. Carr,Other,57,58,"Editor, commissioning",No,No,United States,Texas,,
CUST-983588,Nathan J. Silva,Other,19,24,"Embryologist, clinical",Yes,No,United States,Texas,,
CUST-561297,Alexander J. Bailey,Other,41,54,"Designer, fashion/clothing",Yes,Yes,United States,New York,,
CUST-284631,Zachary P. Joseph,Other,20,31,"Clinical scientist, histocompatibility and immunogenetics",No,Yes,United States,New York,,
CUST-708885,Henry J. Arnold,Other,41,42,Retail banker,Yes,No,United States,New York,,
CUST-893465,Nathan X. Valdez,Other,35,40,"Engineer, structural",Yes,No,United States,New York,,
CUST-900510,Austin H. Pierce,Other,39,44,"Exhibitions officer, museum/gallery",No,Yes,United States,New York,,
CUST-998948,Owen T. Santiago,Other,41,46,Radio broadcast assistant,Yes,No,United States,New York,,
CUST-795677,Nathan Q. Gregory,Other,46,55,Tourism officer,Yes,No,United States,New York,,
CUST-229429,Nicholas N. Powell,Other,40,57,Chief of Staff,No,No,United States,New York,,
CUST-709237,Jack S. Adams,Other,47,68,"Scientist, forensic",No,No,United States,New York,,
CUST-179098,Wyatt Q. Kim,Other,33,54,Prison officer,Yes,No,United States,New York,,
CUST-398584,Alexander C. Williams,Other,52,70,Further education lecturer,No,No,United States,New York,,
CUST-430053,Austin Z. Marshall,Other,57,66,Games developer,No,Yes,United States,New York,,
CUST-169225,Theodore I. Pope,Other,29,34,Network engineer,Yes,Yes,United States,New York,,
CUST-873025,Joseph P. King,Other,20,27,Equality and diversity officer,No,No,United States,New York,,
CUST-155980,Oliver O. Perry,Other,27,36,Charity fundraiser,Yes,Yes,United States,New York,,
CUST-261247,Zachary H. Myers,Other,46,54,Trade union research officer,Yes,No,United States,New York,,
CUST-526359,Wyatt W. Parker,Other,27,41,Actor,No,Yes,United States,New York,,
CUST-923459,Aaron Q. Becker,Other,33,38,Legal executive,Yes,Yes,United States,New York,,
CUST-900221,David A. Walsh,Other,59,65,Camera operator,No,No,United States,New York,,
CUST-429349,Aaron W. Jennings,Other,33,36,Oceanographer,No,No,United States,New York,,
CUST-170620,Oliver A. Hubbard,Other,55,71,Technical sales engineer,No,No,United States,New York,,
CUST-496807,William M. Boyd,Other,18,43,Neurosurgeon,Yes,Yes,United States,New York,,
CUST-844007,Caleb I. Richardson,Other,33,48,Clinical molecular geneticist,No,No,United States,New York,,
CUST-433287,Joshua M. Hunt,Other,46,51,"Engineer, petroleum",No,Yes,United States,New York,,
CUST-421713,Luke H. Martin,Other,47,71,"Conservation officer, nature",No,Yes,United States,New York,,
CUST-650688,Benjamin Z. Patton,Other,21,28,Midwife,No,No,United States,New York,,
CUST-814661,Connor S. Thornton,Other,43,44,"Engineer, biomedical",Yes,No,United States,New York,,
CUST-810364,Henry N. Hardy,Other,57,62,Artist,Yes,Yes,United States,New York,,
CUST-836013,Alexander A. Davis,Other,53,58,"Surveyor, mining",Yes,No,United States,New York,,
CUST-357968,Henry S. Mitchell,Other,34,38,Architectural technologist,No,No,United States,New York,,
CUST-764220,Austin V. Doyle,Other,60,78,"Engineer, petroleum",No,Yes,United States,New York,,
CUST-851543,Alexander D. Paul,Other,42,49,"Editor, commissioning",No,No,United States,New York,,
CUST-642627,Carter L. Nunez,Other,25,45,Furniture conservator/restorer,No,No,United States,New York,,
CUST-670838,Gabriel I. Lucas,Other,47,51,"Lecturer, further education",No,Yes,United States,New York,,
CUST-444526,Owen F. Perry,Other,29,53,"Surveyor, quantity",No,Yes,United States,New York,,
CUST-653779,Andrew A. Graham,Other,25,49,Press sub,No,Yes,United States,New York,,
CUST-494537,Austin R. Bush,Other,25,29,Investment analyst,No,No,United States,New York,,
CUST-456119,Zachary J. Diaz,Other,33,48,Paramedic,Yes,No,United States,New York,,
CUST-447473,Matthew J. Maxwell,Other,35,47,Early years teacher,Yes,Yes,United States,New York,,
CUST-237969,Isaac X. Chandler,Other,45,54,Camera operator,No,No,United States,New York,,
CUST-742526,Anthony B. Ball,Other,24,34,Financial risk analyst,Yes,Yes,United States,New York,,
CUST-294187,Luke N. Hill,Other,51,57,Theatre stage manager,No,Yes,United States,Massachusetts,,
CUST-511273,Austin O. Kennedy,Other,60,66,Mudlogger,No,Yes,United States,Massachusetts,,
CUST-130032,Cameron Y. Dennis,Other,26,46,Associate Professor,Yes,Yes,United States,Massachusetts,,
CUST-384267,Benjamin Z. Gomez,Other,46,68,Charity fundraiser,Yes,Yes,United States,Massachusetts,,
CUST-537185,Gabriel C. Cooper,Other,34,36,Museum education officer,No,No,United States,Massachusetts,,
CUST-476497,Charles Y. Gregory,Other,29,50,"Pharmacist, community",No,No,United States,Massachusetts,,
CUST-397206,Joseph V. Thomas,Other,19,36,"Clinical scientist, histocompatibility and immunogenetics",Yes,No,United States,Massachusetts,,
CUST-706097,Dylan N. Yates,Other,49,59,Warehouse manager,No,Yes,United States,Massachusetts,,
CUST-656335,Aaron W. Swanson,Other,43,68,"Scientist, forensic",Yes,Yes,United States,Massachusetts,,
CUST-278828,Wyatt D. Stanley,Other,28,31,Comptroller,No,No,United States,Massachusetts,,
CUST-570624,Zachary L. Aguilar,Other,26,43,Chief Executive Officer,No,No,United States,Massachusetts,,
CUST-140586,Carter P. Mitchell,Other,31,38,Academic librarian,No,No,United States,Massachusetts,,
CUST-146849,Wyatt M. Byrd,Other,41,58,Financial adviser,Yes,Yes,United States,Massachusetts,,
CUST-929323,Daniel A. Bradley,Other,26,31,"Designer, jewellery",Yes,No,United States,Massachusetts,,
CUST-977328,Luke R. Foster,Other,45,66,Chief Executive Officer,Yes,No,United States,Massachusetts,,
CUST-148852,Nathan U. Freeman,Other,53,66,Phytotherapist,No,No,United States,Massachusetts,,
CUST-103543,Hunter G. Payne,Other,52,58,Water quality scientist,Yes,Yes,United States,Massachusetts,,
CUST-806354,Daniel A. Watson,Other,56,79,Chief Strategy Officer,No,Yes,United States,Massachusetts,,
CUST-975836,Gabriel U. Miles,Other,42,47,Pathologist,No,No,United States,Massachusetts,,
CUST-371064,Benjamin Z. Wise,Other,20,41,Commercial horticulturist,No,Yes,United States,Massachusetts,,
CUST-470978,Andrew C. Simpson,Other,22,28,"Engineer, civil (contracting)",Yes,No,United States,Massachusetts,,
CUST-910098,Isaac G. Duncan,Other,25,28,"Engineer, civil (contracting)",No,Yes,United States,Massachusetts,,
CUST-609740,Joseph W. Crawford,Other,20,45,Chiropodist,No,Yes,United States,Massachusetts,,
CUST-237449,Owen B. Castro,Other,37,44,Clinical psychologist,Yes,Yes,United States,Massachusetts,,
CUST-327848,Aaron D. Goodman,Other,48,56,Music therapist,No,No,United States,Massachusetts,,
CUST-960771,Matthew V. Lynch,Other,34,47,Comptroller,No,Yes,United States,Massachusetts,,
CUST-530341,Matthew T. Smith,Other,38,62,"Psychotherapist, child",Yes,Yes,United States,Massachusetts,,
CUST-963245,Austin S. Carroll,Other,31,42,Pharmacologist,No,No,United States,Massachusetts,,
